
CH570D-Backscatter-V3.elf:     file format elf32-littleriscv
CH570D-Backscatter-V3.elf
architecture: riscv:rv32, flags 0x00000112:
EXEC_P, HAS_SYMS, D_PAGED
start address 0x00000000

Program Header:
0x70000003 off    0x0000f08a vaddr 0x00000000 paddr 0x00000000 align 2**0
         filesz 0x00000051 memsz 0x00000000 flags r--
    LOAD off    0x00001000 vaddr 0x00000000 paddr 0x00000000 align 2**12
         filesz 0x00000004 memsz 0x00000004 flags r-x
    LOAD off    0x00002000 vaddr 0x20000000 paddr 0x00000004 align 2**12
         filesz 0x00000818 memsz 0x00000818 flags r-x
    LOAD off    0x0000281c vaddr 0x0000081c paddr 0x0000081c align 2**12
         filesz 0x00001b72 memsz 0x00001b74 flags rwx
    LOAD off    0x00004818 vaddr 0x20000818 paddr 0x00002390 align 2**12
         filesz 0x0000007c memsz 0x000003c0 flags rw-

Sections:
Idx Name                 Size      VMA       LMA       File off  Algn  Flags
  0 .init                00000004  00000000  00000000  00001000  2**1  CONTENTS, ALLOC, LOAD, READONLY, CODE
  1 .highcode_initlalign 00000000  00000004  00000004  00004894  2**0  CONTENTS
  2 .highcodelalign      00000000  00000004  00000004  00004894  2**0  CONTENTS
  3 .highcode            00000818  20000000  00000004  00002000  2**1  CONTENTS, ALLOC, LOAD, READONLY, CODE
  4 .text                00001b70  0000081c  0000081c  0000281c  2**2  CONTENTS, ALLOC, LOAD, READONLY, CODE
  5 .vector_handler      00000002  0000238c  0000238c  0000438c  2**0  CONTENTS, ALLOC, LOAD, READONLY, CODE
  6 .fini                00000002  0000238e  0000238e  0000438e  2**0  ALLOC, CODE
  7 .dlalign             00000000  00002390  00002390  00004894  2**0  CONTENTS
  8 .data                0000007c  20000818  00002390  00004818  2**2  CONTENTS, ALLOC, LOAD, DATA
  9 .bss                 00000344  20000894  0000240c  00004894  2**2  ALLOC
 10 .stack               00000000  20003000  20003000  00004894  2**0  CONTENTS
 11 .debug_info          00002ea6  00000000  00000000  00004894  2**0  CONTENTS, READONLY, DEBUGGING, OCTETS
 12 .debug_abbrev        00000f17  00000000  00000000  0000773a  2**0  CONTENTS, READONLY, DEBUGGING, OCTETS
 13 .debug_loclists      000012a1  00000000  00000000  00008651  2**0  CONTENTS, READONLY, DEBUGGING, OCTETS
 14 .debug_aranges       00000278  00000000  00000000  000098f8  2**3  CONTENTS, READONLY, DEBUGGING, OCTETS
 15 .debug_rnglists      00000471  00000000  00000000  00009b70  2**0  CONTENTS, READONLY, DEBUGGING, OCTETS
 16 .debug_line          00003bd0  00000000  00000000  00009fe1  2**0  CONTENTS, READONLY, DEBUGGING, OCTETS
 17 .debug_str           00000fce  00000000  00000000  0000dbb1  2**0  CONTENTS, READONLY, DEBUGGING, OCTETS
 18 .debug_line_str      000004a7  00000000  00000000  0000eb7f  2**0  CONTENTS, READONLY, DEBUGGING, OCTETS
 19 .comment             00000064  00000000  00000000  0000f026  2**0  CONTENTS, READONLY
 20 .riscv.attributes    00000051  00000000  00000000  0000f08a  2**0  CONTENTS, READONLY
 21 .debug_frame         0000053c  00000000  00000000  0000f0dc  2**2  CONTENTS, READONLY, DEBUGGING, OCTETS
SYMBOL TABLE:
00000000 l    d  .init	00000000 .init
00000004 l    d  .highcode_initlalign	00000000 .highcode_initlalign
00000004 l    d  .highcodelalign	00000000 .highcodelalign
20000000 l    d  .highcode	00000000 .highcode
0000081c l    d  .text	00000000 .text
0000238c l    d  .vector_handler	00000000 .vector_handler
0000238e l    d  .fini	00000000 .fini
00002390 l    d  .dlalign	00000000 .dlalign
20000818 l    d  .data	00000000 .data
20000894 l    d  .bss	00000000 .bss
20003000 l    d  .stack	00000000 .stack
00000000 l    d  .debug_info	00000000 .debug_info
00000000 l    d  .debug_abbrev	00000000 .debug_abbrev
00000000 l    d  .debug_loclists	00000000 .debug_loclists
00000000 l    d  .debug_aranges	00000000 .debug_aranges
00000000 l    d  .debug_rnglists	00000000 .debug_rnglists
00000000 l    d  .debug_line	00000000 .debug_line
00000000 l    d  .debug_str	00000000 .debug_str
00000000 l    d  .debug_line_str	00000000 .debug_line_str
00000000 l    d  .comment	00000000 .comment
00000000 l    d  .riscv.attributes	00000000 .riscv.attributes
00000000 l    d  .debug_frame	00000000 .debug_frame
00000000 l    df *ABS*	00000000 startup_CH572.o
0000238c l       .vector_handler	00000000 ENDOCE_IRQHandler
00000000 l    df *ABS*	00000000 Main.c
000008f4 l     F .text	00000058 BuildPacket
20000894 l     O .bss	00000001 seq
200008c0 l     O .bss	00000018 message
2000089e l     O .bss	00000001 tables_built
20000090 l     F .highcode	000000ea StartFSK.constprop.0
20000a58 l     O .bss	00000180 pwm_periods
200008d8 l     O .bss	00000180 bit_counts
2000089c l     O .bss	00000002 period_f0
20000898 l     O .bss	00000002 edges_per_bit_f0
2000089a l     O .bss	00000002 period_f1
20000896 l     O .bss	00000002 edges_per_bit_f1
200008a0 l     O .bss	00000002 bit_index
2000089f l     O .bss	00000001 tx_done
00000000 l    df *ABS*	00000000 CH57x_sys.c
20000888 l     O .data	00000004 curbrk.0
00000000 l    df *ABS*	00000000 ISP572.c
20000550 l       .highcode	00000000 .loop52
2000055e l       .highcode	00000000 .loop63
2000056c l       .highcode	00000000 .loop74
2000066c l       .highcode	00000000 .loop247
00000000 l    df *ABS*	00000000 lib_a-memcpy-asm.o
00000000 l    df *ABS*	00000000 lib_a-memset.o
00000000 l    df *ABS*	00000000 packet_gen.c
20000818 l     O .data	0000000a packet_hdr
00000000 l    df *ABS*	00000000 utility.c
00000000 l    df *ABS*	00000000 CH57x_clk.c
00000000 l    df *ABS*	00000000 CH57x_gpio.c
00000000 l    df *ABS*	00000000 CH57x_uart.c
00000000 l    df *ABS*	00000000 lib_a-printf.o
00000000 l    df *ABS*	00000000 lib_a-putchar.o
00000000 l    df *ABS*	00000000 lib_a-putc.o
00000000 l    df *ABS*	00000000 lib_a-puts.o
00000000 l    df *ABS*	00000000 lib_a-wbuf.o
00000000 l    df *ABS*	00000000 lib_a-wsetup.o
00000000 l    df *ABS*	00000000 lib_a-fflush.o
00000000 l    df *ABS*	00000000 lib_a-findfp.o
000013ec l     F .text	00000066 std
00000000 l    df *ABS*	00000000 lib_a-fwalk.o
00000000 l    df *ABS*	00000000 lib_a-lock.o
00000000 l    df *ABS*	00000000 lib_a-makebuf.o
00000000 l    df *ABS*	00000000 lib_a-nano-freer.o
00000000 l    df *ABS*	00000000 lib_a-nano-mallocr.o
000017be l     F .text	00000054 sbrk_aligned
00000000 l    df *ABS*	00000000 lib_a-nano-vfprintf.o
00001914 l     F .text	00000028 __sfputc_r
00000000 l    df *ABS*	00000000 lib_a-sbrkr.o
00000000 l    df *ABS*	00000000 lib_a-stdio.o
00000000 l    df *ABS*	00000000 lib_a-writer.o
00000000 l    df *ABS*	00000000 lib_a-closer.o
00000000 l    df *ABS*	00000000 lib_a-fstatr.o
00000000 l    df *ABS*	00000000 lib_a-isattyr.o
00000000 l    df *ABS*	00000000 lib_a-lseekr.o
00000000 l    df *ABS*	00000000 lib_a-memchr.o
00000000 l    df *ABS*	00000000 lib_a-mlock.o
00000000 l    df *ABS*	00000000 lib_a-nano-vfprintf_i.o
00000000 l    df *ABS*	00000000 lib_a-readr.o
00000000 l    df *ABS*	00000000 close.o
00000000 l    df *ABS*	00000000 fstat.o
00000000 l    df *ABS*	00000000 isatty.o
00000000 l    df *ABS*	00000000 lseek.o
00000000 l    df *ABS*	00000000 read.o
00000000 l    df *ABS*	00000000 lib_a-impure.o
20000824 l     O .data	00000060 impure_data
00000e96 g     F .text	0000002a putchar
00001d70 g     F .text	00000026 _isatty_r
00000f76 g     F .text	00000104 _puts_r
00001d96 g     F .text	0000002a _lseek_r
2000056c g     F .highcode	0000000e FLASH_ROM_OUT
0000238c  w      .vector_handler	00000000 CMP_IRQHandler
00000e58 g     F .text	0000003e printf
20001088 g       .data	00000000 __global_pointer$
00001cc2 g     F .text	0000002e __sseek
000014ba g     F .text	00000068 __sinit
00001086 g     F .text	000000bc __swbuf_r
200004e2 g     F .highcode	00000008 mDelayuS
2000045c  w    F .highcode	00000084 HardFault_Handler
0000145c g     F .text	00000046 __sfmoreglue
00001de0 g     F .text	00000008 __malloc_unlock
0000238c  w      .vector_handler	00000000 GPIOA_IRQHandler
0000238c  w      .vector_handler	00000000 SysTick_Handler
200004e0  w    F .highcode	00000002 NMI_Handler
0000238c  w      .vector_handler	00000000 UART_IRQHandler
00000ad4 g     F .text	00000022 add_header
00001d48 g     F .text	00000028 _fstat_r
200008bc g     O .bss	00000004 errno
20000630 g     F .highcode	00000060 FLASH_CMD_ROM_WRITE
20000894 g       .bss	00000000 _sbss
2000055e g     F .highcode	0000000e FLASH_ROM_IN
00000cd4 g     F .text	00000032 UART_DefInit
00000b2a g     F .text	00000050 HSECFG_Capacitance
000008ce g     F .text	00000016 memcpy
00001452 g     F .text	0000000a _cleanup_r
0000107a g     F .text	0000000c puts
0000238c  w      .vector_handler	00000000 SWI_Handler
000021a0 g     F .text	0000000c _fstat
00000004 g       .init	00000000 _einit
0000238c  w      .vector_handler	00000000 BB_IRQHandler
00000d2e g     F .text	0000012a FLASH_EEPROM_CMD
0000238c  w      .vector_handler	00000000 Break_Point_Handler
200005fa g     F .highcode	00000036 FLASH_START
00001c2a g     F .text	00000028 _sbrk_r
0000216a g     F .text	0000002a _read_r
2000053c g     F .highcode	00000014 FLASH_ROM_BEG
20000690 g     F .highcode	00000072 FLASH_CMD_ROM_ERASE
200004ea g     F .highcode	0000001e mDelaymS
0000238c  w      .vector_handler	00000000 Ecall_M_Mode_Handler
000021ac g     F .text	0000000c _isatty
200008b0 g     O .bss	00000001 __lock___sinit_recursive_mutex
20000890 g     O .data	00000004 _global_impure_ptr
2000057a g     F .highcode	00000048 FLASH_ROM_ADDR
00000af6 g     F .text	00000034 print_uint8_array_hex
00000c7c g     F .text	00000028 _sbrk
0000238c  w      .vector_handler	00000000 RTC_IRQHandler
20000bd8 g       .bss	00000000 _ebss
0000238c  w      .vector_handler	00000000 SPI_IRQHandler
200008a8 g     O .bss	00000001 __lock___malloc_recursive_mutex
200005c2 g     F .highcode	00000038 FLASH_ROM_WAIT
00000d06 g     F .text	00000028 UART_Remap
00000ec0 g     F .text	000000b6 _putc_r
00002298 g     O .text	00000020 __sf_fake_stderr
20000000 g       .highcode	00000000 _vector_base
00001634 g     F .text	00000002 __retarget_lock_release_recursive
0000238c  w      .vector_handler	00000000 PWMX_IRQHandler
0000193c g     F .text	00000040 __sfputs_r
000014a2 g     F .text	00000006 __sfp_lock_acquire
00001dc0 g     F .text	00000018 memchr
00001720 g     F .text	0000009e _free_r
00000000 g       .init	00000000 _start
000021b8 g     F .text	0000000c _lseek
20000000 g       .highcode	00000000 _highcode_vma_start
00001d22 g     F .text	00000026 _close_r
0000238c  w      .vector_handler	00000000 KEYSCAN_IRQHandler
20000818 g       .data	00000000 _data_vma
2000020c g     F .highcode	00000250 SetSysClock
0000238c  w      .vector_handler	00000000 USB_IRQHandler
00001142 g     F .text	000000f2 __swsetup_r
200007be g     F .highcode	0000003e FLASH_CMD_GET_UNIQUE_ID
00001522 g     F .text	000000a6 __sfp
20000752 g     F .highcode	00000012 FLASH_CMD_ROM_PWR
000014b4 g     F .text	00000006 __sinit_lock_release
00001c52 g     F .text	0000002a __sread
00001dd8 g     F .text	00000008 __malloc_lock
00001366 g     F .text	00000086 _fflush_r
000022d8 g     O .text	00000020 __sf_fake_stdin
00001632 g     F .text	00000002 __retarget_lock_acquire_recursive
0000238c  w      .vector_handler	00000000 I2C_IRQHandler
000008e4 g     F .text	00000010 memset
0000094c g     F .text	0000017e main
00001630 g     F .text	00000002 __retarget_lock_init_recursive
00001cf0 g     F .text	00000006 __sclose
00001812 g     F .text	00000102 _malloc_r
00000004 g       .highcodelalign	00000000 _highcode_lma
00000e58 g     F .text	0000003e iprintf
0000238c  w      .vector_handler	00000000 LLE_IRQHandler
00000000 g       .init	00000000 _sinit
00001cf6 g     F .text	0000002c _write_r
200007fc g     F .highcode	0000001a FLASH_CMD_ROM_SW_RESET
2000017a g     F .highcode	00000092 TMR_IRQHandler
00001de8 g     F .text	0000010a _printf_common
2000088c g     O .data	00000004 _impure_ptr
00001234 g     F .text	00000132 __sflush_r
200008a4 g     O .bss	00000004 Freq_LSI
0000238c  w      .vector_handler	00000000 WDOG_BAT_IRQHandler
0000238c  w      .vector_handler	00000000 Ecall_U_Mode_Handler
20003000 g       .stack	00000000 _eusrstack
00000b7a g     F .text	00000082 GPIOA_ModeCfg
00001636 g     F .text	00000058 __swhatbuf_r
00000bfc g     F .text	0000005a GetSysClock
20000508 g     F .highcode	00000034 FLASH_ROM_BEG_FF
20000764 g     F .highcode	0000005a FLASH_CMD_GET_ROM_INFO
00000c56 g     F .text	00000026 _write
20000894 g       .data	00000000 _edata
20000bd8 g       .bss	00000000 _end
20000818 g       .highcode	00000000 _highcode_vma_end
00002390 g       .dlalign	00000000 _data_lma
00001c7c g     F .text	00000046 __swrite
0000197c g     F .text	000002ae _vfiprintf_r
000015c8 g     F .text	00000068 _fwalk_reent
000014a8 g     F .text	00000006 __sfp_lock_release
000022b8 g     O .text	00000020 __sf_fake_stdout
000021c4 g     F .text	0000000c _read
0000081c  w      .text	00000000 handle_reset
0000168e g     F .text	00000092 __smakebuf_r
00000aca g     F .text	0000000a packet_hdr_template
00001ef2 g     F .text	00000278 _printf_i
200008b4 g     O .bss	00000004 __malloc_sbrk_start
00000ca4 g     F .text	00000030 UART_BaudRateCfg
20000550 g     F .highcode	0000000e FLASH_ROM_END
200008b8 g     O .bss	00000004 __malloc_free_list
0000197c g     F .text	000002ae _vfprintf_r
20000702 g     F .highcode	00000050 FLASH_CMD_ROM_VERIFY
200008ac g     O .bss	00000001 __lock___sfp_recursive_mutex
00002194 g     F .text	0000000c _close
000014ae g     F .text	00000006 __sinit_lock_acquire



Disassembly of section .init:

00000000 <_sinit>:
_start():
c:\Users\seanw\Downloads\CH570D-Backscatter-V3\CH570D-Backscatter-V3\obj/../Startup/startup_CH572.S:18
	.section	.init,"ax",@progbits
	.global	_start
 	.global	_vector_base
	.align	1
_start:
	j	handle_reset
   0:	01d0006f          	j	81c <handle_reset>

Disassembly of section .highcode:

20000000 <_highcode_vma_start>:
	...
_vector_base():
20000008:	200004e0          	.word	0x200004e0
2000000c:	2000045c          	.word	0x2000045c
20000010:	f3f9bda9          	.word	0xf3f9bda9
20000014:	0000238c          	.word	0x0000238c
	...
20000020:	0000238c          	.word	0x0000238c
20000024:	0000238c          	.word	0x0000238c
	...
20000030:	0000238c          	.word	0x0000238c
20000034:	00000000          	.word	0x00000000
20000038:	0000238c          	.word	0x0000238c
	...
20000044:	0000238c          	.word	0x0000238c
20000048:	00000000          	.word	0x00000000
2000004c:	0000238c          	.word	0x0000238c
20000050:	0000238c          	.word	0x0000238c
20000054:	0000238c          	.word	0x0000238c
20000058:	0000238c          	.word	0x0000238c
2000005c:	00000000          	.word	0x00000000
20000060:	2000017a          	.word	0x2000017a
	...
2000006c:	0000238c          	.word	0x0000238c
20000070:	0000238c          	.word	0x0000238c
20000074:	0000238c          	.word	0x0000238c
20000078:	0000238c          	.word	0x0000238c
2000007c:	0000238c          	.word	0x0000238c
20000080:	00000000          	.word	0x00000000
20000084:	0000238c          	.word	0x0000238c
20000088:	00000000          	.word	0x00000000
2000008c:	0000238c          	.word	0x0000238c

20000090 <StartFSK.constprop.0>:
StartFSK():
c:\Users\seanw\Downloads\CH570D-Backscatter-V3\CH570D-Backscatter-V3\obj/../src/Main.c:193
 *
 * @param data  Packet byte array.
 * @param len   Number of bytes.
 */
 __HIGH_CODE
static void StartFSK(const uint8_t *data, uint32_t len)
20000090:	1141                	addi	sp,sp,-16
20000092:	c622                	sw	s0,12(sp)
20000094:	c426                	sw	s1,8(sp)
BuildLookupTables():
c:\Users\seanw\Downloads\CH570D-Backscatter-V3\CH570D-Backscatter-V3\obj/../src/Main.c:156
    if (tables_built)
20000096:	81618813          	addi	a6,gp,-2026 # 2000089e <tables_built>
2000009a:	00084783          	lbu	a5,0(a6)
2000009e:	9d018513          	addi	a0,gp,-1584 # 20000a58 <pwm_periods>
200000a2:	00001597          	auipc	a1,0x1
200000a6:	83658593          	addi	a1,a1,-1994 # 200008d8 <bit_counts>
200000aa:	ebb9                	bnez	a5,20000100 <StartFSK.constprop.0+0x70>
c:\Users\seanw\Downloads\CH570D-Backscatter-V3\CH570D-Backscatter-V3\obj/../src/Main.c:164
            pwm_periods[idx] = b ? period_f1 : period_f0;
200000ac:	8141df03          	lhu	t5,-2028(gp) # 2000089c <period_f0>
c:\Users\seanw\Downloads\CH570D-Backscatter-V3\CH570D-Backscatter-V3\obj/../src/Main.c:165
            bit_counts[idx]  = b ? edges_per_bit_f1 : edges_per_bit_f0;
200000b0:	8101d283          	lhu	t0,-2032(gp) # 20000898 <edges_per_bit_f0>
c:\Users\seanw\Downloads\CH570D-Backscatter-V3\CH570D-Backscatter-V3\obj/../src/Main.c:164
            pwm_periods[idx] = b ? period_f1 : period_f0;
200000b4:	8121de83          	lhu	t4,-2030(gp) # 2000089a <period_f1>
c:\Users\seanw\Downloads\CH570D-Backscatter-V3\CH570D-Backscatter-V3\obj/../src/Main.c:165
            bit_counts[idx]  = b ? edges_per_bit_f1 : edges_per_bit_f0;
200000b8:	80e1df83          	lhu	t6,-2034(gp) # 20000896 <edges_per_bit_f1>
200000bc:	83818613          	addi	a2,gp,-1992 # 200008c0 <message>
c:\Users\seanw\Downloads\CH570D-Backscatter-V3\CH570D-Backscatter-V3\obj/../src/Main.c:162
        for (int8_t bit = 7; bit >= 0; bit--) {        /* MSB first */
200000c0:	53fd                	li	t2,-1
c:\Users\seanw\Downloads\CH570D-Backscatter-V3\CH570D-Backscatter-V3\obj/../src/Main.c:160
    for (uint32_t i = 0; i < len; i++) {
200000c2:	0c000e13          	li	t3,192
c:\Users\seanw\Downloads\CH570D-Backscatter-V3\CH570D-Backscatter-V3\obj/../src/Main.c:161
        uint8_t byte = data[i];
200000c6:	2204                	lbu	s1,0(a2)
c:\Users\seanw\Downloads\CH570D-Backscatter-V3\CH570D-Backscatter-V3\obj/../src/Main.c:162
        for (int8_t bit = 7; bit >= 0; bit--) {        /* MSB first */
200000c8:	00179693          	slli	a3,a5,0x1
c:\Users\seanw\Downloads\CH570D-Backscatter-V3\CH570D-Backscatter-V3\obj/../src/Main.c:161
        uint8_t byte = data[i];
200000cc:	471d                	li	a4,7
c:\Users\seanw\Downloads\CH570D-Backscatter-V3\CH570D-Backscatter-V3\obj/../src/Main.c:164
            pwm_periods[idx] = b ? period_f1 : period_f0;
200000ce:	48e4d8b3          	bext	a7,s1,a4
200000d2:	08089f63          	bnez	a7,20000170 <StartFSK.constprop.0+0xe0>
200000d6:	837a                	mv	t1,t5
c:\Users\seanw\Downloads\CH570D-Backscatter-V3\CH570D-Backscatter-V3\obj/../src/Main.c:165
            bit_counts[idx]  = b ? edges_per_bit_f1 : edges_per_bit_f0;
200000d8:	8896                	mv	a7,t0
c:\Users\seanw\Downloads\CH570D-Backscatter-V3\CH570D-Backscatter-V3\obj/../src/Main.c:164
            pwm_periods[idx] = b ? period_f1 : period_f0;
200000da:	00d50433          	add	s0,a0,a3
200000de:	00641023          	sh	t1,0(s0)
c:\Users\seanw\Downloads\CH570D-Backscatter-V3\CH570D-Backscatter-V3\obj/../src/Main.c:165
            bit_counts[idx]  = b ? edges_per_bit_f1 : edges_per_bit_f0;
200000e2:	00d58333          	add	t1,a1,a3
200000e6:	01131023          	sh	a7,0(t1)
c:\Users\seanw\Downloads\CH570D-Backscatter-V3\CH570D-Backscatter-V3\obj/../src/Main.c:162
        for (int8_t bit = 7; bit >= 0; bit--) {        /* MSB first */
200000ea:	177d                	addi	a4,a4,-1
200000ec:	0689                	addi	a3,a3,2
200000ee:	fe7710e3          	bne	a4,t2,200000ce <StartFSK.constprop.0+0x3e>
c:\Users\seanw\Downloads\CH570D-Backscatter-V3\CH570D-Backscatter-V3\obj/../src/Main.c:166
            idx++;
200000f2:	07a1                	addi	a5,a5,8
c:\Users\seanw\Downloads\CH570D-Backscatter-V3\CH570D-Backscatter-V3\obj/../src/Main.c:160
    for (uint32_t i = 0; i < len; i++) {
200000f4:	0605                	addi	a2,a2,1
200000f6:	fdc798e3          	bne	a5,t3,200000c6 <StartFSK.constprop.0+0x36>
c:\Users\seanw\Downloads\CH570D-Backscatter-V3\CH570D-Backscatter-V3\obj/../src/Main.c:169
    tables_built = 1;
200000fa:	4785                	li	a5,1
200000fc:	00f80023          	sb	a5,0(a6)
StartFSK():
c:\Users\seanw\Downloads\CH570D-Backscatter-V3\CH570D-Backscatter-V3\obj/../src/Main.c:196
{
    BuildLookupTables(data, len);
    bit_index = 0;
20000100:	80019c23          	sh	zero,-2024(gp) # 200008a0 <bit_index>
c:\Users\seanw\Downloads\CH570D-Backscatter-V3\CH570D-Backscatter-V3\obj/../src/Main.c:197
    tx_done   = 0;
20000104:	80018ba3          	sb	zero,-2025(gp) # 2000089f <tx_done>
PFIC_EnableIRQ():
c:/Users/seanw/Downloads/CH570D-Backscatter-V3/CH570D-Backscatter-V3/RVMSIS/core_riscv.h:173
 *
 * @param   IRQn    - Interrupt Numbers
 */
__attribute__((always_inline)) RV_STATIC_INLINE void PFIC_EnableIRQ(IRQn_Type IRQn)
{
    PFIC->IENR[((uint32_t)(IRQn) >> 5)] = (1 << ((uint32_t)(IRQn) & 0x1F));
20000108:	e000e7b7          	lui	a5,0xe000e
2000010c:	01000737          	lui	a4,0x1000
20000110:	10e7a023          	sw	a4,256(a5) # e000e100 <_eusrstack+0xc000b100>
StartFSK():
c:\Users\seanw\Downloads\CH570D-Backscatter-V3\CH570D-Backscatter-V3\obj/../src/Main.c:202

    PFIC_EnableIRQ(TMR_IRQn);

    /* Configure PWM for the first bit (50 % duty cycle) */
    R16_PWM_CYC_VALUE = pwm_periods[0];
20000114:	211e                	lhu	a5,0(a0)
20000116:	40005737          	lui	a4,0x40005
2000011a:	ab5e                	sh	a5,20(a4)
c:\Users\seanw\Downloads\CH570D-Backscatter-V3\CH570D-Backscatter-V3\obj/../src/Main.c:203
    R16_PWM1_DATA     = pwm_periods[0] >> 1;
2000011c:	8385                	srli	a5,a5,0x1
2000011e:	a35e                	sh	a5,4(a4)
c:\Users\seanw\Downloads\CH570D-Backscatter-V3\CH570D-Backscatter-V3\obj/../src/Main.c:206

    /* Programme timer endpoint for the first bit */
    R32_TMR_CNT_END = bit_counts[0];
20000120:	2192                	lhu	a2,0(a1)
20000122:	400027b7          	lui	a5,0x40002
20000126:	40c78693          	addi	a3,a5,1036 # 4000240c <_eusrstack+0x1ffff40c>
2000012a:	c290                	sw	a2,0(a3)
c:\Users\seanw\Downloads\CH570D-Backscatter-V3\CH570D-Backscatter-V3\obj/../src/Main.c:209

    /* Clear and start the edge counter */
    R8_TMR_CTRL_MOD |=  RB_TMR_ALL_CLEAR;
2000012c:	4007c683          	lbu	a3,1024(a5)
20000130:	0026e693          	ori	a3,a3,2
20000134:	40d78023          	sb	a3,1024(a5)
c:\Users\seanw\Downloads\CH570D-Backscatter-V3\CH570D-Backscatter-V3\obj/../src/Main.c:210
    R8_TMR_CTRL_MOD &= ~RB_TMR_ALL_CLEAR;
20000138:	4007c683          	lbu	a3,1024(a5)
2000013c:	0fd6f693          	andi	a3,a3,253
20000140:	40d78023          	sb	a3,1024(a5)
c:\Users\seanw\Downloads\CH570D-Backscatter-V3\CH570D-Backscatter-V3\obj/../src/Main.c:211
    R8_TMR_CTRL_MOD |=  RB_TMR_COUNT_EN;
20000144:	4007c683          	lbu	a3,1024(a5)
20000148:	0046e693          	ori	a3,a3,4
2000014c:	40d78023          	sb	a3,1024(a5)
c:\Users\seanw\Downloads\CH570D-Backscatter-V3\CH570D-Backscatter-V3\obj/../src/Main.c:214

    /* Enable PWM1 output, active-high polarity */
    R8_PWM_POLAR  |= RB_PWM1_POLAR;
20000150:	331c                	lbu	a5,1(a4)
20000152:	0017e793          	ori	a5,a5,1
20000156:	b31c                	sb	a5,1(a4)
c:\Users\seanw\Downloads\CH570D-Backscatter-V3\CH570D-Backscatter-V3\obj/../src/Main.c:215
    R8_PWM_OUT_EN |= RB_PWM1_OUT_EN;
20000158:	231c                	lbu	a5,0(a4)
2000015a:	0017e793          	ori	a5,a5,1
2000015e:	a31c                	sb	a5,0(a4)
c:\Users\seanw\Downloads\CH570D-Backscatter-V3\CH570D-Backscatter-V3\obj/../src/Main.c:217

    while(!tx_done)
20000160:	81718713          	addi	a4,gp,-2025 # 2000089f <tx_done>
20000164:	231c                	lbu	a5,0(a4)
20000166:	cb81                	beqz	a5,20000176 <StartFSK.constprop.0+0xe6>
c:\Users\seanw\Downloads\CH570D-Backscatter-V3\CH570D-Backscatter-V3\obj/../src/Main.c:221
    {
        __nop();        
    }
}
20000168:	4432                	lw	s0,12(sp)
2000016a:	44a2                	lw	s1,8(sp)
2000016c:	0141                	addi	sp,sp,16
2000016e:	8082                	ret
BuildLookupTables():
c:\Users\seanw\Downloads\CH570D-Backscatter-V3\CH570D-Backscatter-V3\obj/../src/Main.c:221
20000170:	8376                	mv	t1,t4
c:\Users\seanw\Downloads\CH570D-Backscatter-V3\CH570D-Backscatter-V3\obj/../src/Main.c:165
            bit_counts[idx]  = b ? edges_per_bit_f1 : edges_per_bit_f0;
20000172:	88fe                	mv	a7,t6
20000174:	b79d                	j	200000da <StartFSK.constprop.0+0x4a>
StartFSK():
c:\Users\seanw\Downloads\CH570D-Backscatter-V3\CH570D-Backscatter-V3\obj/../src/Main.c:219
        __nop();        
20000176:	0001                	nop
20000178:	b7f5                	j	20000164 <StartFSK.constprop.0+0xd4>

2000017a <TMR_IRQHandler>:
TMR_IRQHandler():
c:\Users\seanw\Downloads\CH570D-Backscatter-V3\CH570D-Backscatter-V3\obj/../src/Main.c:354
 */
__INTERRUPT
__HIGH_CODE
void TMR_IRQHandler(void)
{
    if (R8_TMR_INT_FLAG & RB_TMR_IF_CYC_END) {
2000017a:	400027b7          	lui	a5,0x40002
2000017e:	4067c703          	lbu	a4,1030(a5) # 40002406 <_eusrstack+0x1ffff406>
20000182:	8b05                	andi	a4,a4,1
20000184:	c739                	beqz	a4,200001d2 <TMR_IRQHandler+0x58>
c:\Users\seanw\Downloads\CH570D-Backscatter-V3\CH570D-Backscatter-V3\obj/../src/Main.c:355
        R8_TMR_INT_FLAG = RB_TMR_IF_CYC_END;       /* clear flag */
20000186:	4685                	li	a3,1
20000188:	40d78323          	sb	a3,1030(a5)
c:\Users\seanw\Downloads\CH570D-Backscatter-V3\CH570D-Backscatter-V3\obj/../src/Main.c:357

        bit_index++;
2000018c:	8181d703          	lhu	a4,-2024(gp) # 200008a0 <bit_index>
20000190:	0705                	addi	a4,a4,1 # 40005001 <_eusrstack+0x20002001>
20000192:	80e19c23          	sh	a4,-2024(gp) # 200008a0 <bit_index>
c:\Users\seanw\Downloads\CH570D-Backscatter-V3\CH570D-Backscatter-V3\obj/../src/Main.c:358
        if (bit_index >= TOTAL_BITS) {
20000196:	8181d583          	lhu	a1,-2024(gp) # 200008a0 <bit_index>
2000019a:	0bf00613          	li	a2,191
2000019e:	81818713          	addi	a4,gp,-2024 # 200008a0 <bit_index>
200001a2:	02b67a63          	bgeu	a2,a1,200001d6 <TMR_IRQHandler+0x5c>
c:\Users\seanw\Downloads\CH570D-Backscatter-V3\CH570D-Backscatter-V3\obj/../src/Main.c:360
            /* Packet complete -- shut down */
            R8_TMR_CTRL_MOD &= ~RB_TMR_COUNT_EN;
200001a6:	4007c703          	lbu	a4,1024(a5)
200001aa:	0fb77713          	andi	a4,a4,251
200001ae:	40e78023          	sb	a4,1024(a5)
c:\Users\seanw\Downloads\CH570D-Backscatter-V3\CH570D-Backscatter-V3\obj/../src/Main.c:361
            R8_PWM_OUT_EN   &= ~RB_PWM1_OUT_EN;
200001b2:	40005737          	lui	a4,0x40005
200001b6:	231c                	lbu	a5,0(a4)
200001b8:	0fe7f793          	andi	a5,a5,254
200001bc:	a31c                	sb	a5,0(a4)
PFIC_DisableIRQ():
c:/Users/seanw/Downloads/CH570D-Backscatter-V3/CH570D-Backscatter-V3/RVMSIS/core_riscv.h:185
 *
 * @param   IRQn    - Interrupt Numbers
 */
__attribute__((always_inline)) RV_STATIC_INLINE void PFIC_DisableIRQ(IRQn_Type IRQn)
{
    PFIC->IRER[((uint32_t)(IRQn) >> 5)] = (1 << ((uint32_t)(IRQn) & 0x1F));
200001be:	e000e7b7          	lui	a5,0xe000e
200001c2:	01000737          	lui	a4,0x1000
200001c6:	18e7a023          	sw	a4,384(a5) # e000e180 <_eusrstack+0xc000b180>
c:/Users/seanw/Downloads/CH570D-Backscatter-V3/CH570D-Backscatter-V3/RVMSIS/core_riscv.h:186
    asm volatile("fence.i");
200001ca:	0000100f          	fence.i
TMR_IRQHandler():
c:\Users\seanw\Downloads\CH570D-Backscatter-V3\CH570D-Backscatter-V3\obj/../src/Main.c:363
            PFIC_DisableIRQ(TMR_IRQn);
            tx_done = 1;
200001ce:	80d18ba3          	sb	a3,-2025(gp) # 2000089f <tx_done>
c:\Users\seanw\Downloads\CH570D-Backscatter-V3\CH570D-Backscatter-V3\obj/../src/Main.c:374
        R16_PWM1_DATA     = pwm_periods[bit_index] >> 1;

        /* Reload timer endpoint for next bit */
        R32_TMR_CNT_END = bit_counts[bit_index];
    }
}
200001d2:	30200073          	mret
c:\Users\seanw\Downloads\CH570D-Backscatter-V3\CH570D-Backscatter-V3\obj/../src/Main.c:368
        R16_PWM_CYC_VALUE = pwm_periods[bit_index];
200001d6:	2316                	lhu	a3,0(a4)
200001d8:	9d018593          	addi	a1,gp,-1584 # 20000a58 <pwm_periods>
200001dc:	40005637          	lui	a2,0x40005
200001e0:	20b6a6b3          	sh1add	a3,a3,a1
200001e4:	2296                	lhu	a3,0(a3)
c:\Users\seanw\Downloads\CH570D-Backscatter-V3\CH570D-Backscatter-V3\obj/../src/Main.c:372
        R32_TMR_CNT_END = bit_counts[bit_index];
200001e6:	40c78793          	addi	a5,a5,1036
c:\Users\seanw\Downloads\CH570D-Backscatter-V3\CH570D-Backscatter-V3\obj/../src/Main.c:368
        R16_PWM_CYC_VALUE = pwm_periods[bit_index];
200001ea:	aa56                	sh	a3,20(a2)
c:\Users\seanw\Downloads\CH570D-Backscatter-V3\CH570D-Backscatter-V3\obj/../src/Main.c:369
        R16_PWM1_DATA     = pwm_periods[bit_index] >> 1;
200001ec:	2316                	lhu	a3,0(a4)
200001ee:	20b6a6b3          	sh1add	a3,a3,a1
200001f2:	2296                	lhu	a3,0(a3)
200001f4:	8285                	srli	a3,a3,0x1
200001f6:	a256                	sh	a3,4(a2)
c:\Users\seanw\Downloads\CH570D-Backscatter-V3\CH570D-Backscatter-V3\obj/../src/Main.c:372
        R32_TMR_CNT_END = bit_counts[bit_index];
200001f8:	231a                	lhu	a4,0(a4)
200001fa:	00000697          	auipc	a3,0x0
200001fe:	6de68693          	addi	a3,a3,1758 # 200008d8 <bit_counts>
20000202:	20d72733          	sh1add	a4,a4,a3
20000206:	231a                	lhu	a4,0(a4)
20000208:	c398                	sw	a4,0(a5)
2000020a:	b7e1                	j	200001d2 <TMR_IRQHandler+0x58>

2000020c <SetSysClock>:
SetSysClock():
c:\Users\seanw\Downloads\CH570D-Backscatter-V3\CH570D-Backscatter-V3\obj/../StdPeriphDriver/CH57x_sys.c:31
{
    uint16_t clk_sys_cfg;
    uint8_t i;
    uint8_t x32M_c;

    if(sc == RB_CLK_SYS_MOD)  // LSI
2000020c:	0c000793          	li	a5,192
c:\Users\seanw\Downloads\CH570D-Backscatter-V3\CH570D-Backscatter-V3\obj/../StdPeriphDriver/CH57x_sys.c:26
{
20000210:	1101                	addi	sp,sp,-32
c:\Users\seanw\Downloads\CH570D-Backscatter-V3\CH570D-Backscatter-V3\obj/../StdPeriphDriver/CH57x_sys.c:31
    if(sc == RB_CLK_SYS_MOD)  // LSI
20000212:	04f51863          	bne	a0,a5,20000262 <SetSysClock+0x56>
__risc_v_disable_irq():
c:/Users/seanw/Downloads/CH570D-Backscatter-V3/CH570D-Backscatter-V3/RVMSIS/core_riscv.h:154
    __asm volatile("csrrc %0, 0x800, %1" : \
20000216:	08800793          	li	a5,136
2000021a:	8007b7f3          	csrrc	a5,0x800,a5
c:/Users/seanw/Downloads/CH570D-Backscatter-V3/CH570D-Backscatter-V3/RVMSIS/core_riscv.h:156
    return result & 0x88;
2000021e:	0887f793          	andi	a5,a5,136
SetSysClock():
c:\Users\seanw\Downloads\CH570D-Backscatter-V3\CH570D-Backscatter-V3\obj/../StdPeriphDriver/CH57x_sys.c:33
    {
        sys_safe_access_enable();
20000222:	c03e                	sw	a5,0(sp)
20000224:	0000100f          	fence.i
20000228:	400017b7          	lui	a5,0x40001
2000022c:	05700713          	li	a4,87
20000230:	04e78023          	sb	a4,64(a5) # 40001040 <_eusrstack+0x1fffe040>
20000234:	fa800713          	li	a4,-88
20000238:	04e78023          	sb	a4,64(a5)
2000023c:	0000100f          	fence.i
c:\Users\seanw\Downloads\CH570D-Backscatter-V3\CH570D-Backscatter-V3\obj/../StdPeriphDriver/CH57x_sys.c:34
        R8_SLP_POWER_CTRL |= 0x40;
20000240:	37f8                	lbu	a4,15(a5)
20000242:	04076713          	ori	a4,a4,64
20000246:	b7f8                	sb	a4,15(a5)
c:\Users\seanw\Downloads\CH570D-Backscatter-V3\CH570D-Backscatter-V3\obj/../StdPeriphDriver/CH57x_sys.c:35
        R8_CLK_SYS_CFG |= RB_CLK_SYS_MOD;
20000248:	2798                	lbu	a4,8(a5)
2000024a:	0c076713          	ori	a4,a4,192
2000024e:	a798                	sb	a4,8(a5)
c:\Users\seanw\Downloads\CH570D-Backscatter-V3\CH570D-Backscatter-V3\obj/../StdPeriphDriver/CH57x_sys.c:36
        sys_safe_access_disable();
20000250:	04078023          	sb	zero,64(a5)
20000254:	4782                	lw	a5,0(sp)
__risc_v_enable_irq():
c:/Users/seanw/Downloads/CH570D-Backscatter-V3/CH570D-Backscatter-V3/RVMSIS/core_riscv.h:138
    __asm volatile("csrrs %0, 0x800, %1" : \
20000256:	8007a7f3          	csrrs	a5,0x800,a5
SetSysClock():
c:\Users\seanw\Downloads\CH570D-Backscatter-V3\CH570D-Backscatter-V3\obj/../StdPeriphDriver/CH57x_sys.c:88
        }

        sys_safe_access_enable();
        R8_SLP_POWER_CTRL |= 0x40;
        R8_CLK_SYS_CFG = sc;
        sys_safe_access_disable();
2000025a:	0000100f          	fence.i
c:\Users\seanw\Downloads\CH570D-Backscatter-V3\CH570D-Backscatter-V3\obj/../StdPeriphDriver/CH57x_sys.c:90
    }
}
2000025e:	6105                	addi	sp,sp,32
20000260:	8082                	ret
c:\Users\seanw\Downloads\CH570D-Backscatter-V3\CH570D-Backscatter-V3\obj/../StdPeriphDriver/CH57x_sys.c:40
        if(!(R8_HFCK_PWR_CTRL & RB_CLK_XT32M_PON))
20000262:	400017b7          	lui	a5,0x40001
20000266:	27b8                	lbu	a4,10(a5)
20000268:	8b11                	andi	a4,a4,4
2000026a:	eb69                	bnez	a4,2000033c <SetSysClock+0x130>
c:\Users\seanw\Downloads\CH570D-Backscatter-V3\CH570D-Backscatter-V3\obj/../StdPeriphDriver/CH57x_sys.c:42
            x32M_c = R8_XT32M_TUNE;
2000026c:	04e7c683          	lbu	a3,78(a5) # 4000104e <_eusrstack+0x1fffe04e>
__risc_v_disable_irq():
c:/Users/seanw/Downloads/CH570D-Backscatter-V3/CH570D-Backscatter-V3/RVMSIS/core_riscv.h:154
    __asm volatile("csrrc %0, 0x800, %1" : \
20000270:	08800713          	li	a4,136
SetSysClock():
c:\Users\seanw\Downloads\CH570D-Backscatter-V3\CH570D-Backscatter-V3\obj/../StdPeriphDriver/CH57x_sys.c:42
20000274:	0ff6f693          	zext.b	a3,a3
__risc_v_disable_irq():
c:/Users/seanw/Downloads/CH570D-Backscatter-V3/CH570D-Backscatter-V3/RVMSIS/core_riscv.h:154
20000278:	80073673          	csrrc	a2,0x800,a4
c:/Users/seanw/Downloads/CH570D-Backscatter-V3/CH570D-Backscatter-V3/RVMSIS/core_riscv.h:156
    return result & 0x88;
2000027c:	08867613          	andi	a2,a2,136
SetSysClock():
c:\Users\seanw\Downloads\CH570D-Backscatter-V3\CH570D-Backscatter-V3\obj/../StdPeriphDriver/CH57x_sys.c:43
            sys_safe_access_enable();
20000280:	c232                	sw	a2,4(sp)
20000282:	0000100f          	fence.i
20000286:	05700813          	li	a6,87
2000028a:	05078023          	sb	a6,64(a5)
2000028e:	fa800593          	li	a1,-88
20000292:	04b78023          	sb	a1,64(a5)
20000296:	0000100f          	fence.i
c:\Users\seanw\Downloads\CH570D-Backscatter-V3\CH570D-Backscatter-V3\obj/../StdPeriphDriver/CH57x_sys.c:44
            R8_XT32M_TUNE |= 0x03;
2000029a:	04e7c603          	lbu	a2,78(a5)
2000029e:	00366613          	ori	a2,a2,3
200002a2:	04c78723          	sb	a2,78(a5)
c:\Users\seanw\Downloads\CH570D-Backscatter-V3\CH570D-Backscatter-V3\obj/../StdPeriphDriver/CH57x_sys.c:45
            R8_HFCK_PWR_CTRL |= RB_CLK_XT32M_PON;
200002a6:	27b0                	lbu	a2,10(a5)
200002a8:	00466613          	ori	a2,a2,4
200002ac:	a7b0                	sb	a2,10(a5)
c:\Users\seanw\Downloads\CH570D-Backscatter-V3\CH570D-Backscatter-V3\obj/../StdPeriphDriver/CH57x_sys.c:46
            sys_safe_access_disable();
200002ae:	04078023          	sb	zero,64(a5)
200002b2:	4612                	lw	a2,4(sp)
__risc_v_enable_irq():
c:/Users/seanw/Downloads/CH570D-Backscatter-V3/CH570D-Backscatter-V3/RVMSIS/core_riscv.h:138
    __asm volatile("csrrs %0, 0x800, %1" : \
200002b4:	80062673          	csrrs	a2,0x800,a2
SetSysClock():
c:\Users\seanw\Downloads\CH570D-Backscatter-V3\CH570D-Backscatter-V3\obj/../StdPeriphDriver/CH57x_sys.c:46
200002b8:	0000100f          	fence.i
c:\Users\seanw\Downloads\CH570D-Backscatter-V3\CH570D-Backscatter-V3\obj/../StdPeriphDriver/CH57x_sys.c:47
            clk_sys_cfg = R8_CLK_SYS_CFG;
200002bc:	2790                	lbu	a2,8(a5)
200002be:	0ff67613          	zext.b	a2,a2
__risc_v_disable_irq():
c:/Users/seanw/Downloads/CH570D-Backscatter-V3/CH570D-Backscatter-V3/RVMSIS/core_riscv.h:154
    __asm volatile("csrrc %0, 0x800, %1" : \
200002c2:	80073773          	csrrc	a4,0x800,a4
c:/Users/seanw/Downloads/CH570D-Backscatter-V3/CH570D-Backscatter-V3/RVMSIS/core_riscv.h:156
    return result & 0x88;
200002c6:	08877713          	andi	a4,a4,136
SetSysClock():
c:\Users\seanw\Downloads\CH570D-Backscatter-V3\CH570D-Backscatter-V3\obj/../StdPeriphDriver/CH57x_sys.c:48
            sys_safe_access_enable();
200002ca:	c43a                	sw	a4,8(sp)
200002cc:	0000100f          	fence.i
200002d0:	05078023          	sb	a6,64(a5)
200002d4:	04b78023          	sb	a1,64(a5)
200002d8:	0000100f          	fence.i
c:\Users\seanw\Downloads\CH570D-Backscatter-V3\CH570D-Backscatter-V3\obj/../StdPeriphDriver/CH57x_sys.c:49
            R8_CLK_SYS_CFG |= 0xC0;
200002dc:	2798                	lbu	a4,8(a5)
200002de:	0c076713          	ori	a4,a4,192
200002e2:	a798                	sb	a4,8(a5)
c:\Users\seanw\Downloads\CH570D-Backscatter-V3\CH570D-Backscatter-V3\obj/../StdPeriphDriver/CH57x_sys.c:50
            sys_safe_access_disable();
200002e4:	04078023          	sb	zero,64(a5)
200002e8:	47a2                	lw	a5,8(sp)
__risc_v_enable_irq():
c:/Users/seanw/Downloads/CH570D-Backscatter-V3/CH570D-Backscatter-V3/RVMSIS/core_riscv.h:138
    __asm volatile("csrrs %0, 0x800, %1" : \
200002ea:	8007a7f3          	csrrs	a5,0x800,a5
SetSysClock():
c:\Users\seanw\Downloads\CH570D-Backscatter-V3\CH570D-Backscatter-V3\obj/../StdPeriphDriver/CH57x_sys.c:50
200002ee:	0000100f          	fence.i
200002f2:	47a5                	li	a5,9
c:\Users\seanw\Downloads\CH570D-Backscatter-V3\CH570D-Backscatter-V3\obj/../StdPeriphDriver/CH57x_sys.c:53 (discriminator 3)
                __nop();
200002f4:	0001                	nop
c:\Users\seanw\Downloads\CH570D-Backscatter-V3\CH570D-Backscatter-V3\obj/../StdPeriphDriver/CH57x_sys.c:51 (discriminator 3)
            for(i=0; i<9; i++)
200002f6:	17fd                	addi	a5,a5,-1
200002f8:	0ff7f793          	zext.b	a5,a5
200002fc:	ffe5                	bnez	a5,200002f4 <SetSysClock+0xe8>
__risc_v_disable_irq():
c:/Users/seanw/Downloads/CH570D-Backscatter-V3/CH570D-Backscatter-V3/RVMSIS/core_riscv.h:154
    __asm volatile("csrrc %0, 0x800, %1" : \
200002fe:	08800793          	li	a5,136
20000302:	8007b7f3          	csrrc	a5,0x800,a5
c:/Users/seanw/Downloads/CH570D-Backscatter-V3/CH570D-Backscatter-V3/RVMSIS/core_riscv.h:156
    return result & 0x88;
20000306:	0887f793          	andi	a5,a5,136
SetSysClock():
c:\Users\seanw\Downloads\CH570D-Backscatter-V3\CH570D-Backscatter-V3\obj/../StdPeriphDriver/CH57x_sys.c:55
            sys_safe_access_enable();
2000030a:	c63e                	sw	a5,12(sp)
2000030c:	0000100f          	fence.i
20000310:	400017b7          	lui	a5,0x40001
20000314:	05700713          	li	a4,87
20000318:	04e78023          	sb	a4,64(a5) # 40001040 <_eusrstack+0x1fffe040>
2000031c:	fa800713          	li	a4,-88
20000320:	04e78023          	sb	a4,64(a5)
20000324:	0000100f          	fence.i
c:\Users\seanw\Downloads\CH570D-Backscatter-V3\CH570D-Backscatter-V3\obj/../StdPeriphDriver/CH57x_sys.c:56
            R8_CLK_SYS_CFG = clk_sys_cfg;
20000328:	a790                	sb	a2,8(a5)
c:\Users\seanw\Downloads\CH570D-Backscatter-V3\CH570D-Backscatter-V3\obj/../StdPeriphDriver/CH57x_sys.c:57
            R8_XT32M_TUNE = x32M_c;
2000032a:	04d78723          	sb	a3,78(a5)
c:\Users\seanw\Downloads\CH570D-Backscatter-V3\CH570D-Backscatter-V3\obj/../StdPeriphDriver/CH57x_sys.c:58
            sys_safe_access_disable();
2000032e:	04078023          	sb	zero,64(a5)
20000332:	47b2                	lw	a5,12(sp)
__risc_v_enable_irq():
c:/Users/seanw/Downloads/CH570D-Backscatter-V3/CH570D-Backscatter-V3/RVMSIS/core_riscv.h:138
    __asm volatile("csrrs %0, 0x800, %1" : \
20000334:	8007a7f3          	csrrs	a5,0x800,a5
SetSysClock():
c:\Users\seanw\Downloads\CH570D-Backscatter-V3\CH570D-Backscatter-V3\obj/../StdPeriphDriver/CH57x_sys.c:58
20000338:	0000100f          	fence.i
c:\Users\seanw\Downloads\CH570D-Backscatter-V3\CH570D-Backscatter-V3\obj/../StdPeriphDriver/CH57x_sys.c:61
        if((sc & RB_CLK_SYS_MOD) == 0x40) // PLL div
2000033c:	0c057793          	andi	a5,a0,192
20000340:	04000713          	li	a4,64
20000344:	08e79d63          	bne	a5,a4,200003de <SetSysClock+0x1d2>
__risc_v_disable_irq():
c:/Users/seanw/Downloads/CH570D-Backscatter-V3/CH570D-Backscatter-V3/RVMSIS/core_riscv.h:154
    __asm volatile("csrrc %0, 0x800, %1" : \
20000348:	08800793          	li	a5,136
2000034c:	8007b7f3          	csrrc	a5,0x800,a5
c:/Users/seanw/Downloads/CH570D-Backscatter-V3/CH570D-Backscatter-V3/RVMSIS/core_riscv.h:156
    return result & 0x88;
20000350:	0887f793          	andi	a5,a5,136
SetSysClock():
c:\Users\seanw\Downloads\CH570D-Backscatter-V3\CH570D-Backscatter-V3\obj/../StdPeriphDriver/CH57x_sys.c:63
            sys_safe_access_enable();
20000354:	c83e                	sw	a5,16(sp)
20000356:	0000100f          	fence.i
2000035a:	400017b7          	lui	a5,0x40001
2000035e:	05700713          	li	a4,87
20000362:	04e78023          	sb	a4,64(a5) # 40001040 <_eusrstack+0x1fffe040>
20000366:	fa800713          	li	a4,-88
2000036a:	04e78023          	sb	a4,64(a5)
2000036e:	0000100f          	fence.i
c:\Users\seanw\Downloads\CH570D-Backscatter-V3\CH570D-Backscatter-V3\obj/../StdPeriphDriver/CH57x_sys.c:64
            R8_HFCK_PWR_CTRL |= RB_CLK_PLL_PON;
20000372:	27b8                	lbu	a4,10(a5)
c:\Users\seanw\Downloads\CH570D-Backscatter-V3\CH570D-Backscatter-V3\obj/../StdPeriphDriver/CH57x_sys.c:65
            R8_FLASH_CFG = 0X01;
20000374:	4685                	li	a3,1
c:\Users\seanw\Downloads\CH570D-Backscatter-V3\CH570D-Backscatter-V3\obj/../StdPeriphDriver/CH57x_sys.c:64
            R8_HFCK_PWR_CTRL |= RB_CLK_PLL_PON;
20000376:	01076713          	ori	a4,a4,16
2000037a:	a7b8                	sb	a4,10(a5)
c:\Users\seanw\Downloads\CH570D-Backscatter-V3\CH570D-Backscatter-V3\obj/../StdPeriphDriver/CH57x_sys.c:65
            R8_FLASH_CFG = 0X01;
2000037c:	40002737          	lui	a4,0x40002
20000380:	80d703a3          	sb	a3,-2041(a4) # 40001807 <_eusrstack+0x1fffe807>
c:\Users\seanw\Downloads\CH570D-Backscatter-V3\CH570D-Backscatter-V3\obj/../StdPeriphDriver/CH57x_sys.c:66
            R8_FLASH_SCK |= 1<<4; //50M
20000384:	80574683          	lbu	a3,-2043(a4)
20000388:	0106e693          	ori	a3,a3,16
2000038c:	80d702a3          	sb	a3,-2043(a4)
c:\Users\seanw\Downloads\CH570D-Backscatter-V3\CH570D-Backscatter-V3\obj/../StdPeriphDriver/CH57x_sys.c:67
            sys_safe_access_disable();
20000390:	04078023          	sb	zero,64(a5)
20000394:	47c2                	lw	a5,16(sp)
__risc_v_enable_irq():
c:/Users/seanw/Downloads/CH570D-Backscatter-V3/CH570D-Backscatter-V3/RVMSIS/core_riscv.h:138
    __asm volatile("csrrs %0, 0x800, %1" : \
20000396:	8007a7f3          	csrrs	a5,0x800,a5
SetSysClock():
c:\Users\seanw\Downloads\CH570D-Backscatter-V3\CH570D-Backscatter-V3\obj/../StdPeriphDriver/CH57x_sys.c:81
                sys_safe_access_disable();
2000039a:	0000100f          	fence.i
__risc_v_disable_irq():
c:/Users/seanw/Downloads/CH570D-Backscatter-V3/CH570D-Backscatter-V3/RVMSIS/core_riscv.h:154
    __asm volatile("csrrc %0, 0x800, %1" : \
2000039e:	08800793          	li	a5,136
200003a2:	8007b7f3          	csrrc	a5,0x800,a5
c:/Users/seanw/Downloads/CH570D-Backscatter-V3/CH570D-Backscatter-V3/RVMSIS/core_riscv.h:156
    return result & 0x88;
200003a6:	0887f793          	andi	a5,a5,136
SetSysClock():
c:\Users\seanw\Downloads\CH570D-Backscatter-V3\CH570D-Backscatter-V3\obj/../StdPeriphDriver/CH57x_sys.c:85
        sys_safe_access_enable();
200003aa:	ce3e                	sw	a5,28(sp)
200003ac:	0000100f          	fence.i
200003b0:	400017b7          	lui	a5,0x40001
200003b4:	05700713          	li	a4,87
200003b8:	04e78023          	sb	a4,64(a5) # 40001040 <_eusrstack+0x1fffe040>
200003bc:	fa800713          	li	a4,-88
200003c0:	04e78023          	sb	a4,64(a5)
200003c4:	0000100f          	fence.i
c:\Users\seanw\Downloads\CH570D-Backscatter-V3\CH570D-Backscatter-V3\obj/../StdPeriphDriver/CH57x_sys.c:86
        R8_SLP_POWER_CTRL |= 0x40;
200003c8:	37f8                	lbu	a4,15(a5)
c:\Users\seanw\Downloads\CH570D-Backscatter-V3\CH570D-Backscatter-V3\obj/../StdPeriphDriver/CH57x_sys.c:87
        R8_CLK_SYS_CFG = sc;
200003ca:	0ff57513          	zext.b	a0,a0
c:\Users\seanw\Downloads\CH570D-Backscatter-V3\CH570D-Backscatter-V3\obj/../StdPeriphDriver/CH57x_sys.c:86
        R8_SLP_POWER_CTRL |= 0x40;
200003ce:	04076713          	ori	a4,a4,64
200003d2:	b7f8                	sb	a4,15(a5)
c:\Users\seanw\Downloads\CH570D-Backscatter-V3\CH570D-Backscatter-V3\obj/../StdPeriphDriver/CH57x_sys.c:87
        R8_CLK_SYS_CFG = sc;
200003d4:	a788                	sb	a0,8(a5)
c:\Users\seanw\Downloads\CH570D-Backscatter-V3\CH570D-Backscatter-V3\obj/../StdPeriphDriver/CH57x_sys.c:88
        sys_safe_access_disable();
200003d6:	04078023          	sb	zero,64(a5)
200003da:	47f2                	lw	a5,28(sp)
200003dc:	bdad                	j	20000256 <SetSysClock+0x4a>
c:\Users\seanw\Downloads\CH570D-Backscatter-V3\CH570D-Backscatter-V3\obj/../StdPeriphDriver/CH57x_sys.c:71
            if((sc&0x1F) )
200003de:	01f57793          	andi	a5,a0,31
200003e2:	cf9d                	beqz	a5,20000420 <SetSysClock+0x214>
__risc_v_disable_irq():
c:/Users/seanw/Downloads/CH570D-Backscatter-V3/CH570D-Backscatter-V3/RVMSIS/core_riscv.h:154
    __asm volatile("csrrc %0, 0x800, %1" : \
200003e4:	08800793          	li	a5,136
200003e8:	8007b7f3          	csrrc	a5,0x800,a5
c:/Users/seanw/Downloads/CH570D-Backscatter-V3/CH570D-Backscatter-V3/RVMSIS/core_riscv.h:156
    return result & 0x88;
200003ec:	0887f793          	andi	a5,a5,136
SetSysClock():
c:\Users\seanw\Downloads\CH570D-Backscatter-V3\CH570D-Backscatter-V3\obj/../StdPeriphDriver/CH57x_sys.c:73
                sys_safe_access_enable();
200003f0:	ca3e                	sw	a5,20(sp)
200003f2:	0000100f          	fence.i
200003f6:	400017b7          	lui	a5,0x40001
200003fa:	05700713          	li	a4,87
200003fe:	04e78023          	sb	a4,64(a5) # 40001040 <_eusrstack+0x1fffe040>
20000402:	fa800713          	li	a4,-88
20000406:	04e78023          	sb	a4,64(a5)
2000040a:	0000100f          	fence.i
c:\Users\seanw\Downloads\CH570D-Backscatter-V3\CH570D-Backscatter-V3\obj/../StdPeriphDriver/CH57x_sys.c:74
                R8_FLASH_CFG = 0X02;
2000040e:	40002737          	lui	a4,0x40002
20000412:	4689                	li	a3,2
20000414:	80d703a3          	sb	a3,-2041(a4) # 40001807 <_eusrstack+0x1fffe807>
c:\Users\seanw\Downloads\CH570D-Backscatter-V3\CH570D-Backscatter-V3\obj/../StdPeriphDriver/CH57x_sys.c:75
                sys_safe_access_disable();
20000418:	04078023          	sb	zero,64(a5)
2000041c:	47d2                	lw	a5,20(sp)
__risc_v_enable_irq():
c:/Users/seanw/Downloads/CH570D-Backscatter-V3/CH570D-Backscatter-V3/RVMSIS/core_riscv.h:138
    __asm volatile("csrrs %0, 0x800, %1" : \
2000041e:	bfa5                	j	20000396 <SetSysClock+0x18a>
__risc_v_disable_irq():
c:/Users/seanw/Downloads/CH570D-Backscatter-V3/CH570D-Backscatter-V3/RVMSIS/core_riscv.h:154
    __asm volatile("csrrc %0, 0x800, %1" : \
20000420:	08800793          	li	a5,136
20000424:	8007b7f3          	csrrc	a5,0x800,a5
c:/Users/seanw/Downloads/CH570D-Backscatter-V3/CH570D-Backscatter-V3/RVMSIS/core_riscv.h:156
    return result & 0x88;
20000428:	0887f793          	andi	a5,a5,136
SetSysClock():
c:\Users\seanw\Downloads\CH570D-Backscatter-V3\CH570D-Backscatter-V3\obj/../StdPeriphDriver/CH57x_sys.c:79
                sys_safe_access_enable();
2000042c:	cc3e                	sw	a5,24(sp)
2000042e:	0000100f          	fence.i
20000432:	400017b7          	lui	a5,0x40001
20000436:	05700713          	li	a4,87
2000043a:	04e78023          	sb	a4,64(a5) # 40001040 <_eusrstack+0x1fffe040>
2000043e:	fa800713          	li	a4,-88
20000442:	04e78023          	sb	a4,64(a5)
20000446:	0000100f          	fence.i
c:\Users\seanw\Downloads\CH570D-Backscatter-V3\CH570D-Backscatter-V3\obj/../StdPeriphDriver/CH57x_sys.c:80
                R8_FLASH_CFG = 0X07;
2000044a:	40002737          	lui	a4,0x40002
2000044e:	469d                	li	a3,7
20000450:	80d703a3          	sb	a3,-2041(a4) # 40001807 <_eusrstack+0x1fffe807>
c:\Users\seanw\Downloads\CH570D-Backscatter-V3\CH570D-Backscatter-V3\obj/../StdPeriphDriver/CH57x_sys.c:81
                sys_safe_access_disable();
20000454:	04078023          	sb	zero,64(a5)
20000458:	47e2                	lw	a5,24(sp)
2000045a:	bf35                	j	20000396 <SetSysClock+0x18a>

2000045c <HardFault_Handler>:
HardFault_Handler():
c:\Users\seanw\Downloads\CH570D-Backscatter-V3\CH570D-Backscatter-V3\obj/../StdPeriphDriver/CH57x_sys.c:285
 */
__INTERRUPT
__HIGH_CODE
__attribute__((weak))
void HardFault_Handler(void)
{
2000045c:	1141                	addi	sp,sp,-16
c:\Users\seanw\Downloads\CH570D-Backscatter-V3\CH570D-Backscatter-V3\obj/../StdPeriphDriver/CH57x_sys.c:286
    FLASH_ROM_SW_RESET();
2000045e:	4681                	li	a3,0
20000460:	4601                	li	a2,0
20000462:	4581                	li	a1,0
20000464:	4511                	li	a0,4
20000466:	e0001097          	auipc	ra,0xe0001
2000046a:	8c8080e7          	jalr	-1848(ra) # d2e <FLASH_EEPROM_CMD>
__risc_v_disable_irq():
c:/Users/seanw/Downloads/CH570D-Backscatter-V3/CH570D-Backscatter-V3/RVMSIS/core_riscv.h:154
    __asm volatile("csrrc %0, 0x800, %1" : \
2000046e:	08800713          	li	a4,136
20000472:	800737f3          	csrrc	a5,0x800,a4
c:/Users/seanw/Downloads/CH570D-Backscatter-V3/CH570D-Backscatter-V3/RVMSIS/core_riscv.h:156
    return result & 0x88;
20000476:	0887f793          	andi	a5,a5,136
HardFault_Handler():
c:\Users\seanw\Downloads\CH570D-Backscatter-V3\CH570D-Backscatter-V3\obj/../StdPeriphDriver/CH57x_sys.c:287
    sys_safe_access_enable();
2000047a:	c43e                	sw	a5,8(sp)
2000047c:	0000100f          	fence.i
20000480:	400017b7          	lui	a5,0x40001
20000484:	05700613          	li	a2,87
20000488:	04c78023          	sb	a2,64(a5) # 40001040 <_eusrstack+0x1fffe040>
2000048c:	fa800693          	li	a3,-88
20000490:	04d78023          	sb	a3,64(a5)
20000494:	0000100f          	fence.i
c:\Users\seanw\Downloads\CH570D-Backscatter-V3\CH570D-Backscatter-V3\obj/../StdPeriphDriver/CH57x_sys.c:288
    R16_INT_LSI_TUNE = 0xFFFF;
20000498:	55fd                	li	a1,-1
2000049a:	b7ce                	sh	a1,44(a5)
c:\Users\seanw\Downloads\CH570D-Backscatter-V3\CH570D-Backscatter-V3\obj/../StdPeriphDriver/CH57x_sys.c:289
    sys_safe_access_disable();
2000049c:	04078023          	sb	zero,64(a5)
200004a0:	45a2                	lw	a1,8(sp)
__risc_v_enable_irq():
c:/Users/seanw/Downloads/CH570D-Backscatter-V3/CH570D-Backscatter-V3/RVMSIS/core_riscv.h:138
    __asm volatile("csrrs %0, 0x800, %1" : \
200004a2:	8005a5f3          	csrrs	a1,0x800,a1
HardFault_Handler():
c:\Users\seanw\Downloads\CH570D-Backscatter-V3\CH570D-Backscatter-V3\obj/../StdPeriphDriver/CH57x_sys.c:289
200004a6:	0000100f          	fence.i
__risc_v_disable_irq():
c:/Users/seanw/Downloads/CH570D-Backscatter-V3/CH570D-Backscatter-V3/RVMSIS/core_riscv.h:154
    __asm volatile("csrrc %0, 0x800, %1" : \
200004aa:	80073773          	csrrc	a4,0x800,a4
c:/Users/seanw/Downloads/CH570D-Backscatter-V3/CH570D-Backscatter-V3/RVMSIS/core_riscv.h:156
    return result & 0x88;
200004ae:	08877713          	andi	a4,a4,136
HardFault_Handler():
c:\Users\seanw\Downloads\CH570D-Backscatter-V3\CH570D-Backscatter-V3\obj/../StdPeriphDriver/CH57x_sys.c:290
    sys_safe_access_enable();
200004b2:	c63a                	sw	a4,12(sp)
200004b4:	0000100f          	fence.i
200004b8:	04c78023          	sb	a2,64(a5)
200004bc:	04d78023          	sb	a3,64(a5)
200004c0:	0000100f          	fence.i
c:\Users\seanw\Downloads\CH570D-Backscatter-V3\CH570D-Backscatter-V3\obj/../StdPeriphDriver/CH57x_sys.c:291
    R8_RST_WDOG_CTRL |= RB_SOFTWARE_RESET;
200004c4:	0467c703          	lbu	a4,70(a5)
200004c8:	00176713          	ori	a4,a4,1
200004cc:	04e78323          	sb	a4,70(a5)
c:\Users\seanw\Downloads\CH570D-Backscatter-V3\CH570D-Backscatter-V3\obj/../StdPeriphDriver/CH57x_sys.c:292
    sys_safe_access_disable();
200004d0:	04078023          	sb	zero,64(a5)
200004d4:	47b2                	lw	a5,12(sp)
__risc_v_enable_irq():
c:/Users/seanw/Downloads/CH570D-Backscatter-V3/CH570D-Backscatter-V3/RVMSIS/core_riscv.h:138
    __asm volatile("csrrs %0, 0x800, %1" : \
200004d6:	8007a7f3          	csrrs	a5,0x800,a5
HardFault_Handler():
c:\Users\seanw\Downloads\CH570D-Backscatter-V3\CH570D-Backscatter-V3\obj/../StdPeriphDriver/CH57x_sys.c:292
200004da:	0000100f          	fence.i
c:\Users\seanw\Downloads\CH570D-Backscatter-V3\CH570D-Backscatter-V3\obj/../StdPeriphDriver/CH57x_sys.c:293 (discriminator 1)
    while(1);
200004de:	a001                	j	200004de <HardFault_Handler+0x82>

200004e0 <NMI_Handler>:
NMI_Handler():
c:\Users\seanw\Downloads\CH570D-Backscatter-V3\CH570D-Backscatter-V3\obj/../StdPeriphDriver/CH57x_sys.c:310 (discriminator 1)
__INTERRUPT
__HIGH_CODE
__attribute__((weak))
void NMI_Handler(void)
{
    while(1);
200004e0:	a001                	j	200004e0 <NMI_Handler>

200004e2 <mDelayuS>:
mDelayuS():
c:\Users\seanw\Downloads\CH570D-Backscatter-V3\CH570D-Backscatter-V3\obj/../StdPeriphDriver/CH57x_sys.c:370 (discriminator 1)
        __nop();
    };
#else
    do
    {
        __nop();
200004e2:	0001                	nop
c:\Users\seanw\Downloads\CH570D-Backscatter-V3\CH570D-Backscatter-V3\obj/../StdPeriphDriver/CH57x_sys.c:371 (discriminator 1)
    }while(--i);
200004e4:	157d                	addi	a0,a0,-1
200004e6:	fd75                	bnez	a0,200004e2 <mDelayuS>
c:\Users\seanw\Downloads\CH570D-Backscatter-V3\CH570D-Backscatter-V3\obj/../StdPeriphDriver/CH57x_sys.c:373
#endif
}
200004e8:	8082                	ret

200004ea <mDelaymS>:
mDelaymS():
c:\Users\seanw\Downloads\CH570D-Backscatter-V3\CH570D-Backscatter-V3\obj/../StdPeriphDriver/CH57x_sys.c:386
 *
 * @return  none
 */
__HIGH_CODE
void mDelaymS(uint16_t t)
{
200004ea:	1141                	addi	sp,sp,-16
200004ec:	c422                	sw	s0,8(sp)
200004ee:	c606                	sw	ra,12(sp)
200004f0:	842a                	mv	s0,a0
c:\Users\seanw\Downloads\CH570D-Backscatter-V3\CH570D-Backscatter-V3\obj/../StdPeriphDriver/CH57x_sys.c:389 (discriminator 1)
    do
    {
        mDelayuS(1000);
200004f2:	3e800513          	li	a0,1000
c:\Users\seanw\Downloads\CH570D-Backscatter-V3\CH570D-Backscatter-V3\obj/../StdPeriphDriver/CH57x_sys.c:390 (discriminator 1)
    }while(--t);
200004f6:	147d                	addi	s0,s0,-1
c:\Users\seanw\Downloads\CH570D-Backscatter-V3\CH570D-Backscatter-V3\obj/../StdPeriphDriver/CH57x_sys.c:389 (discriminator 1)
        mDelayuS(1000);
200004f8:	37ed                	jal	200004e2 <mDelayuS>
c:\Users\seanw\Downloads\CH570D-Backscatter-V3\CH570D-Backscatter-V3\obj/../StdPeriphDriver/CH57x_sys.c:390 (discriminator 1)
    }while(--t);
200004fa:	08044433          	zext.h	s0,s0
200004fe:	f875                	bnez	s0,200004f2 <mDelaymS+0x8>
c:\Users\seanw\Downloads\CH570D-Backscatter-V3\CH570D-Backscatter-V3\obj/../StdPeriphDriver/CH57x_sys.c:391
}
20000500:	40b2                	lw	ra,12(sp)
20000502:	4422                	lw	s0,8(sp)
20000504:	0141                	addi	sp,sp,16
20000506:	8082                	ret

20000508 <FLASH_ROM_BEG_FF>:
FLASH_ROM_BEG_FF():
20000508:	80040323          	sb	zero,-2042(s0)
2000050c:	4715                	li	a4,5
2000050e:	87a2                	mv	a5,s0
20000510:	80e40323          	sb	a4,-2042(s0)
20000514:	0001                	nop
20000516:	0001                	nop
20000518:	80a40223          	sb	a0,-2044(s0)
2000051c:	8067c703          	lbu	a4,-2042(a5)
20000520:	0762                	slli	a4,a4,0x18
20000522:	8761                	srai	a4,a4,0x18
20000524:	fe074ce3          	bltz	a4,2000051c <FLASH_ROM_BEG_FF+0x14>
20000528:	80a78223          	sb	a0,-2044(a5)
2000052c:	8722                	mv	a4,s0
2000052e:	80674783          	lbu	a5,-2042(a4)
20000532:	07e2                	slli	a5,a5,0x18
20000534:	87e1                	srai	a5,a5,0x18
20000536:	fe07cce3          	bltz	a5,2000052e <FLASH_ROM_BEG_FF+0x26>
2000053a:	8082                	ret

2000053c <FLASH_ROM_BEG>:
FLASH_ROM_BEG():
2000053c:	80040323          	sb	zero,-2042(s0)
20000540:	4715                	li	a4,5
20000542:	80e40323          	sb	a4,-2042(s0)
20000546:	0001                	nop
20000548:	0001                	nop
2000054a:	80a40223          	sb	a0,-2044(s0)
2000054e:	8082                	ret

20000550 <FLASH_ROM_END>:
FLASH_ROM_END():
20000550:	80640783          	lb	a5,-2042(s0)
20000554:	fe07cee3          	bltz	a5,20000550 <FLASH_ROM_END>
20000558:	80040323          	sb	zero,-2042(s0)
2000055c:	8082                	ret

2000055e <FLASH_ROM_IN>:
FLASH_ROM_IN():
2000055e:	80640783          	lb	a5,-2042(s0)
20000562:	fe07cee3          	bltz	a5,2000055e <FLASH_ROM_IN>
20000566:	80444503          	lbu	a0,-2044(s0)
2000056a:	8082                	ret

2000056c <FLASH_ROM_OUT>:
FLASH_ROM_OUT():
2000056c:	80640783          	lb	a5,-2042(s0)
20000570:	fe07cee3          	bltz	a5,2000056c <FLASH_ROM_OUT>
20000574:	80a40223          	sb	a0,-2044(s0)
20000578:	8082                	ret

2000057a <FLASH_ROM_ADDR>:
FLASH_ROM_ADDR():
2000057a:	1141                	addi	sp,sp,-16
2000057c:	c426                	sw	s1,8(sp)
2000057e:	c24a                	sw	s2,4(sp)
20000580:	c04e                	sw	s3,0(sp)
20000582:	c606                	sw	ra,12(sp)
20000584:	0bf57713          	andi	a4,a0,191
20000588:	47ad                	li	a5,11
2000058a:	89aa                	mv	s3,a0
2000058c:	892e                	mv	s2,a1
2000058e:	4495                	li	s1,5
20000590:	00f70663          	beq	a4,a5,2000059c <FLASH_ROM_ADDR+0x22>
20000594:	4519                	li	a0,6
20000596:	375d                	jal	2000053c <FLASH_ROM_BEG>
20000598:	3f65                	jal	20000550 <FLASH_ROM_END>
2000059a:	448d                	li	s1,3
2000059c:	854e                	mv	a0,s3
2000059e:	3f79                	jal	2000053c <FLASH_ROM_BEG>
200005a0:	59fd                	li	s3,-1
200005a2:	14fd                	addi	s1,s1,-1
200005a4:	01349863          	bne	s1,s3,200005b4 <FLASH_ROM_ADDR+0x3a>
200005a8:	40b2                	lw	ra,12(sp)
200005aa:	44a2                	lw	s1,8(sp)
200005ac:	4912                	lw	s2,4(sp)
200005ae:	4982                	lw	s3,0(sp)
200005b0:	0141                	addi	sp,sp,16
200005b2:	8082                	ret
200005b4:	01095513          	srli	a0,s2,0x10
200005b8:	0ff57513          	zext.b	a0,a0
200005bc:	3f45                	jal	2000056c <FLASH_ROM_OUT>
200005be:	0922                	slli	s2,s2,0x8
200005c0:	b7cd                	j	200005a2 <FLASH_ROM_ADDR+0x28>

200005c2 <FLASH_ROM_WAIT>:
FLASH_ROM_WAIT():
200005c2:	1101                	addi	sp,sp,-32
200005c4:	cc26                	sw	s1,24(sp)
200005c6:	ce06                	sw	ra,28(sp)
200005c8:	000804b7          	lui	s1,0x80
200005cc:	3751                	jal	20000550 <FLASH_ROM_END>
200005ce:	4515                	li	a0,5
200005d0:	37b5                	jal	2000053c <FLASH_ROM_BEG>
200005d2:	3771                	jal	2000055e <FLASH_ROM_IN>
200005d4:	3769                	jal	2000055e <FLASH_ROM_IN>
200005d6:	c62a                	sw	a0,12(sp)
200005d8:	3fa5                	jal	20000550 <FLASH_ROM_END>
200005da:	4532                	lw	a0,12(sp)
200005dc:	00157793          	andi	a5,a0,1
200005e0:	eb89                	bnez	a5,200005f2 <FLASH_ROM_WAIT+0x30>
200005e2:	00156513          	ori	a0,a0,1
200005e6:	0ff57513          	zext.b	a0,a0
200005ea:	40f2                	lw	ra,28(sp)
200005ec:	44e2                	lw	s1,24(sp)
200005ee:	6105                	addi	sp,sp,32
200005f0:	8082                	ret
200005f2:	14fd                	addi	s1,s1,-1 # 7ffff <_data_lma+0x7dc6f>
200005f4:	fce9                	bnez	s1,200005ce <FLASH_ROM_WAIT+0xc>
200005f6:	4501                	li	a0,0
200005f8:	bfcd                	j	200005ea <FLASH_ROM_WAIT+0x28>

200005fa <FLASH_START>:
FLASH_START():
200005fa:	1141                	addi	sp,sp,-16
200005fc:	c606                	sw	ra,12(sp)
200005fe:	400017b7          	lui	a5,0x40001
20000602:	05700713          	li	a4,87
20000606:	04e78023          	sb	a4,64(a5) # 40001040 <_eusrstack+0x1fffe040>
2000060a:	fa800713          	li	a4,-88
2000060e:	04e78023          	sb	a4,64(a5)
20000612:	0447c703          	lbu	a4,68(a5)
20000616:	0ff00513          	li	a0,255
2000061a:	0e076713          	ori	a4,a4,224
2000061e:	04e78223          	sb	a4,68(a5)
20000622:	4791                	li	a5,4
20000624:	80f40323          	sb	a5,-2042(s0)
20000628:	35c5                	jal	20000508 <FLASH_ROM_BEG_FF>
2000062a:	40b2                	lw	ra,12(sp)
2000062c:	0141                	addi	sp,sp,16
2000062e:	b70d                	j	20000550 <FLASH_ROM_END>

20000630 <FLASH_CMD_ROM_WRITE>:
FLASH_CMD_ROM_WRITE():
20000630:	1101                	addi	sp,sp,-32
20000632:	cc26                	sw	s1,24(sp)
20000634:	ca4a                	sw	s2,20(sp)
20000636:	c84e                	sw	s3,16(sp)
20000638:	c652                	sw	s4,12(sp)
2000063a:	ce06                	sw	ra,28(sp)
2000063c:	892a                	mv	s2,a0
2000063e:	89ae                	mv	s3,a1
20000640:	84b2                	mv	s1,a2
20000642:	4a55                	li	s4,21
20000644:	3f5d                	jal	200005fa <FLASH_START>
20000646:	e891                	bnez	s1,2000065a <FLASH_CMD_ROM_WRITE+0x2a>
20000648:	3721                	jal	20000550 <FLASH_ROM_END>
2000064a:	40f2                	lw	ra,28(sp)
2000064c:	8526                	mv	a0,s1
2000064e:	4952                	lw	s2,20(sp)
20000650:	44e2                	lw	s1,24(sp)
20000652:	49c2                	lw	s3,16(sp)
20000654:	4a32                	lw	s4,12(sp)
20000656:	6105                	addi	sp,sp,32
20000658:	8082                	ret
2000065a:	85ca                	mv	a1,s2
2000065c:	4509                	li	a0,2
2000065e:	3f31                	jal	2000057a <FLASH_ROM_ADDR>
20000660:	0991                	addi	s3,s3,4
20000662:	ffc9a703          	lw	a4,-4(s3)
20000666:	4791                	li	a5,4
20000668:	80e42023          	sw	a4,-2048(s0)

2000066c <.loop247>:
2000066c:	80640703          	lb	a4,-2042(s0)
20000670:	fe074ee3          	bltz	a4,2000066c <.loop247>
20000674:	81440323          	sb	s4,-2042(s0)
20000678:	17fd                	addi	a5,a5,-1
2000067a:	fbed                	bnez	a5,2000066c <.loop247>
2000067c:	14fd                	addi	s1,s1,-1
2000067e:	0911                	addi	s2,s2,4
20000680:	c481                	beqz	s1,20000688 <.loop247+0x1c>
20000682:	0ff97793          	zext.b	a5,s2
20000686:	ffe9                	bnez	a5,20000660 <FLASH_CMD_ROM_WRITE+0x30>
20000688:	3f2d                	jal	200005c2 <FLASH_ROM_WAIT>
2000068a:	fd55                	bnez	a0,20000646 <FLASH_CMD_ROM_WRITE+0x16>
2000068c:	54fd                	li	s1,-1
2000068e:	bf75                	j	2000064a <FLASH_CMD_ROM_WRITE+0x1a>

20000690 <FLASH_CMD_ROM_ERASE>:
FLASH_CMD_ROM_ERASE():
20000690:	1101                	addi	sp,sp,-32
20000692:	cc26                	sw	s1,24(sp)
20000694:	ca4a                	sw	s2,20(sp)
20000696:	c84e                	sw	s3,16(sp)
20000698:	c652                	sw	s4,12(sp)
2000069a:	c456                	sw	s5,8(sp)
2000069c:	c25a                	sw	s6,4(sp)
2000069e:	ce06                	sw	ra,28(sp)
200006a0:	892a                	mv	s2,a0
200006a2:	8a32                	mv	s4,a2
200006a4:	498d                	li	s3,3
200006a6:	3f91                	jal	200005fa <FLASH_START>
200006a8:	64c1                	lui	s1,0x10
200006aa:	6ac1                	lui	s5,0x10
200006ac:	6b05                	lui	s6,0x1
200006ae:	fff48793          	addi	a5,s1,-1 # ffff <_data_lma+0xdc6f>
200006b2:	0127f7b3          	and	a5,a5,s2
200006b6:	e399                	bnez	a5,200006bc <FLASH_CMD_ROM_ERASE+0x2c>
200006b8:	029a7163          	bgeu	s4,s1,200006da <FLASH_CMD_ROM_ERASE+0x4a>
200006bc:	19fd                	addi	s3,s3,-1
200006be:	8091                	srli	s1,s1,0x4
200006c0:	fe0997e3          	bnez	s3,200006ae <FLASH_CMD_ROM_ERASE+0x1e>
200006c4:	3571                	jal	20000550 <FLASH_ROM_END>
200006c6:	4501                	li	a0,0
200006c8:	40f2                	lw	ra,28(sp)
200006ca:	44e2                	lw	s1,24(sp)
200006cc:	4952                	lw	s2,20(sp)
200006ce:	49c2                	lw	s3,16(sp)
200006d0:	4a32                	lw	s4,12(sp)
200006d2:	4aa2                	lw	s5,8(sp)
200006d4:	4b12                	lw	s6,4(sp)
200006d6:	6105                	addi	sp,sp,32
200006d8:	8082                	ret
200006da:	0d800513          	li	a0,216
200006de:	01548863          	beq	s1,s5,200006ee <FLASH_CMD_ROM_ERASE+0x5e>
200006e2:	02000513          	li	a0,32
200006e6:	01648463          	beq	s1,s6,200006ee <FLASH_CMD_ROM_ERASE+0x5e>
200006ea:	08100513          	li	a0,129
200006ee:	85ca                	mv	a1,s2
200006f0:	3569                	jal	2000057a <FLASH_ROM_ADDR>
200006f2:	3dc1                	jal	200005c2 <FLASH_ROM_WAIT>
200006f4:	c509                	beqz	a0,200006fe <FLASH_CMD_ROM_ERASE+0x6e>
200006f6:	9926                	add	s2,s2,s1
200006f8:	409a0a33          	sub	s4,s4,s1
200006fc:	bf75                	j	200006b8 <FLASH_CMD_ROM_ERASE+0x28>
200006fe:	557d                	li	a0,-1
20000700:	b7e1                	j	200006c8 <FLASH_CMD_ROM_ERASE+0x38>

20000702 <FLASH_CMD_ROM_VERIFY>:
FLASH_CMD_ROM_VERIFY():
20000702:	1101                	addi	sp,sp,-32
20000704:	ce06                	sw	ra,28(sp)
20000706:	cc26                	sw	s1,24(sp)
20000708:	ca4a                	sw	s2,20(sp)
2000070a:	84b2                	mv	s1,a2
2000070c:	c84e                	sw	s3,16(sp)
2000070e:	c62a                	sw	a0,12(sp)
20000710:	892e                	mv	s2,a1
20000712:	35e5                	jal	200005fa <FLASH_START>
20000714:	4532                	lw	a0,12(sp)
20000716:	14fd                	addi	s1,s1,-1
20000718:	59fd                	li	s3,-1
2000071a:	85aa                	mv	a1,a0
2000071c:	452d                	li	a0,11
2000071e:	3db1                	jal	2000057a <FLASH_ROM_ADDR>
20000720:	01349a63          	bne	s1,s3,20000734 <FLASH_CMD_ROM_VERIFY+0x32>
20000724:	3535                	jal	20000550 <FLASH_ROM_END>
20000726:	40f2                	lw	ra,28(sp)
20000728:	8526                	mv	a0,s1
2000072a:	4952                	lw	s2,20(sp)
2000072c:	44e2                	lw	s1,24(sp)
2000072e:	49c2                	lw	s3,16(sp)
20000730:	6105                	addi	sp,sp,32
20000732:	8082                	ret
20000734:	352d                	jal	2000055e <FLASH_ROM_IN>
20000736:	0034f793          	andi	a5,s1,3
2000073a:	eb91                	bnez	a5,2000074e <FLASH_CMD_ROM_VERIFY+0x4c>
2000073c:	80042683          	lw	a3,-2048(s0)
20000740:	00092703          	lw	a4,0(s2)
20000744:	00490793          	addi	a5,s2,4
20000748:	fce69ee3          	bne	a3,a4,20000724 <FLASH_CMD_ROM_VERIFY+0x22>
2000074c:	893e                	mv	s2,a5
2000074e:	14fd                	addi	s1,s1,-1
20000750:	bfc1                	j	20000720 <FLASH_CMD_ROM_VERIFY+0x1e>

20000752 <FLASH_CMD_ROM_PWR>:
FLASH_CMD_ROM_PWR():
20000752:	1101                	addi	sp,sp,-32
20000754:	ce06                	sw	ra,28(sp)
20000756:	c62a                	sw	a0,12(sp)
20000758:	354d                	jal	200005fa <FLASH_START>
2000075a:	4532                	lw	a0,12(sp)
2000075c:	33c5                	jal	2000053c <FLASH_ROM_BEG>
2000075e:	40f2                	lw	ra,28(sp)
20000760:	6105                	addi	sp,sp,32
20000762:	b3fd                	j	20000550 <FLASH_ROM_END>

20000764 <FLASH_CMD_GET_ROM_INFO>:
FLASH_CMD_GET_ROM_INFO():
20000764:	1101                	addi	sp,sp,-32
20000766:	ce06                	sw	ra,28(sp)
20000768:	cc26                	sw	s1,24(sp)
2000076a:	ca4a                	sw	s2,20(sp)
2000076c:	c84e                	sw	s3,16(sp)
2000076e:	c652                	sw	s4,12(sp)
20000770:	89aa                	mv	s3,a0
20000772:	c456                	sw	s5,8(sp)
20000774:	892e                	mv	s2,a1
20000776:	3551                	jal	200005fa <FLASH_START>
20000778:	85ce                	mv	a1,s3
2000077a:	452d                	li	a0,11
2000077c:	3bfd                	jal	2000057a <FLASH_ROM_ADDR>
2000077e:	4481                	li	s1,0
20000780:	4a8d                	li	s5,3
20000782:	4a21                	li	s4,8
20000784:	3be9                	jal	2000055e <FLASH_ROM_IN>
20000786:	01549663          	bne	s1,s5,20000792 <FLASH_CMD_GET_ROM_INFO+0x2e>
2000078a:	80042783          	lw	a5,-2048(s0)
2000078e:	00f92023          	sw	a5,0(s2)
20000792:	0485                	addi	s1,s1,1
20000794:	ff4498e3          	bne	s1,s4,20000784 <FLASH_CMD_GET_ROM_INFO+0x20>
20000798:	80042783          	lw	a5,-2048(s0)
2000079c:	01299713          	slli	a4,s3,0x12
200007a0:	00075c63          	bgez	a4,200007b8 <FLASH_CMD_GET_ROM_INFO+0x54>
200007a4:	00f91223          	sh	a5,4(s2)
200007a8:	40f2                	lw	ra,28(sp)
200007aa:	44e2                	lw	s1,24(sp)
200007ac:	4952                	lw	s2,20(sp)
200007ae:	49c2                	lw	s3,16(sp)
200007b0:	4a32                	lw	s4,12(sp)
200007b2:	4aa2                	lw	s5,8(sp)
200007b4:	6105                	addi	sp,sp,32
200007b6:	bb69                	j	20000550 <FLASH_ROM_END>
200007b8:	00f92223          	sw	a5,4(s2)
200007bc:	b7f5                	j	200007a8 <FLASH_CMD_GET_ROM_INFO+0x44>

200007be <FLASH_CMD_GET_UNIQUE_ID>:
FLASH_CMD_GET_UNIQUE_ID():
200007be:	1141                	addi	sp,sp,-16
200007c0:	c606                	sw	ra,12(sp)
200007c2:	c426                	sw	s1,8(sp)
200007c4:	c24a                	sw	s2,4(sp)
200007c6:	c04e                	sw	s3,0(sp)
200007c8:	89ae                	mv	s3,a1
200007ca:	3d05                	jal	200005fa <FLASH_START>
200007cc:	4581                	li	a1,0
200007ce:	04b00513          	li	a0,75
200007d2:	3365                	jal	2000057a <FLASH_ROM_ADDR>
200007d4:	44bd                	li	s1,15
200007d6:	597d                	li	s2,-1
200007d8:	3359                	jal	2000055e <FLASH_ROM_IN>
200007da:	0074f793          	andi	a5,s1,7
200007de:	97ce                	add	a5,a5,s3
200007e0:	0007c703          	lbu	a4,0(a5)
200007e4:	14fd                	addi	s1,s1,-1
200007e6:	8d39                	xor	a0,a0,a4
200007e8:	00a78023          	sb	a0,0(a5)
200007ec:	ff2496e3          	bne	s1,s2,200007d8 <FLASH_CMD_GET_UNIQUE_ID+0x1a>
200007f0:	40b2                	lw	ra,12(sp)
200007f2:	44a2                	lw	s1,8(sp)
200007f4:	4912                	lw	s2,4(sp)
200007f6:	4982                	lw	s3,0(sp)
200007f8:	0141                	addi	sp,sp,16
200007fa:	bb99                	j	20000550 <FLASH_ROM_END>

200007fc <FLASH_CMD_ROM_SW_RESET>:
FLASH_CMD_ROM_SW_RESET():
200007fc:	1141                	addi	sp,sp,-16
200007fe:	c606                	sw	ra,12(sp)
20000800:	3bed                	jal	200005fa <FLASH_START>
20000802:	06600513          	li	a0,102
20000806:	3b1d                	jal	2000053c <FLASH_ROM_BEG>
20000808:	33a1                	jal	20000550 <FLASH_ROM_END>
2000080a:	09900513          	li	a0,153
2000080e:	333d                	jal	2000053c <FLASH_ROM_BEG>
20000810:	40b2                	lw	ra,12(sp)
20000812:	0141                	addi	sp,sp,16
20000814:	bb35                	j	20000550 <FLASH_ROM_END>
	...

Disassembly of section .text:

0000081c <handle_reset>:
handle_reset():
c:\Users\seanw\Downloads\CH570D-Backscatter-V3\CH570D-Backscatter-V3\obj/../Startup/startup_CH572.S:119
	.weak	handle_reset
	.align	1
handle_reset:
.option push 
.option	norelax 
	la gp, __global_pointer$
     81c:	20001197          	auipc	gp,0x20001
     820:	86c18193          	addi	gp,gp,-1940 # 20001088 <__global_pointer$>
c:\Users\seanw\Downloads\CH570D-Backscatter-V3\CH570D-Backscatter-V3\obj/../Startup/startup_CH572.S:121
1:
	la sp, _eusrstack 
     824:	20002117          	auipc	sp,0x20002
     828:	7dc10113          	addi	sp,sp,2012 # 20003000 <_eusrstack>
c:\Users\seanw\Downloads\CH570D-Backscatter-V3\CH570D-Backscatter-V3\obj/../Startup/startup_CH572.S:126
.option	pop

/* Load highcode code  section from flash to RAM */
2:
    la a0, _highcode_lma
     82c:	00400513          	li	a0,4
c:\Users\seanw\Downloads\CH570D-Backscatter-V3\CH570D-Backscatter-V3\obj/../Startup/startup_CH572.S:127
    la a1, _highcode_vma_start
     830:	1ffff597          	auipc	a1,0x1ffff
     834:	7d058593          	addi	a1,a1,2000 # 20000000 <_highcode_vma_start>
c:\Users\seanw\Downloads\CH570D-Backscatter-V3\CH570D-Backscatter-V3\obj/../Startup/startup_CH572.S:128
    la a2, _highcode_vma_end
     838:	20000617          	auipc	a2,0x20000
     83c:	fe060613          	addi	a2,a2,-32 # 20000818 <packet_hdr>
c:\Users\seanw\Downloads\CH570D-Backscatter-V3\CH570D-Backscatter-V3\obj/../Startup/startup_CH572.S:129
    bgeu a1, a2, 2f
     840:	00c5fa63          	bgeu	a1,a2,854 <handle_reset+0x38>
c:\Users\seanw\Downloads\CH570D-Backscatter-V3\CH570D-Backscatter-V3\obj/../Startup/startup_CH572.S:131
1:
    lw t0, (a0)
     844:	00052283          	lw	t0,0(a0)
c:\Users\seanw\Downloads\CH570D-Backscatter-V3\CH570D-Backscatter-V3\obj/../Startup/startup_CH572.S:132
    sw t0, (a1)
     848:	0055a023          	sw	t0,0(a1)
c:\Users\seanw\Downloads\CH570D-Backscatter-V3\CH570D-Backscatter-V3\obj/../Startup/startup_CH572.S:133
    addi a0, a0, 4
     84c:	0511                	addi	a0,a0,4
c:\Users\seanw\Downloads\CH570D-Backscatter-V3\CH570D-Backscatter-V3\obj/../Startup/startup_CH572.S:134
    addi a1, a1, 4
     84e:	0591                	addi	a1,a1,4
c:\Users\seanw\Downloads\CH570D-Backscatter-V3\CH570D-Backscatter-V3\obj/../Startup/startup_CH572.S:135
    bltu a1, a2, 1b
     850:	fec5eae3          	bltu	a1,a2,844 <handle_reset+0x28>
c:\Users\seanw\Downloads\CH570D-Backscatter-V3\CH570D-Backscatter-V3\obj/../Startup/startup_CH572.S:139

/* Load data section from flash to RAM */
2:
	la a0, _data_lma
     854:	00002517          	auipc	a0,0x2
     858:	b3c50513          	addi	a0,a0,-1220 # 2390 <_data_lma>
c:\Users\seanw\Downloads\CH570D-Backscatter-V3\CH570D-Backscatter-V3\obj/../Startup/startup_CH572.S:140
	la a1, _data_vma
     85c:	20000597          	auipc	a1,0x20000
     860:	fbc58593          	addi	a1,a1,-68 # 20000818 <packet_hdr>
c:\Users\seanw\Downloads\CH570D-Backscatter-V3\CH570D-Backscatter-V3\obj/../Startup/startup_CH572.S:141
	la a2, _edata
     864:	80c18613          	addi	a2,gp,-2036 # 20000894 <seq>
c:\Users\seanw\Downloads\CH570D-Backscatter-V3\CH570D-Backscatter-V3\obj/../Startup/startup_CH572.S:142
	bgeu a1, a2, 2f
     868:	00c5fa63          	bgeu	a1,a2,87c <handle_reset+0x60>
c:\Users\seanw\Downloads\CH570D-Backscatter-V3\CH570D-Backscatter-V3\obj/../Startup/startup_CH572.S:144
1:
	lw t0, (a0)
     86c:	00052283          	lw	t0,0(a0)
c:\Users\seanw\Downloads\CH570D-Backscatter-V3\CH570D-Backscatter-V3\obj/../Startup/startup_CH572.S:145
	sw t0, (a1)
     870:	0055a023          	sw	t0,0(a1)
c:\Users\seanw\Downloads\CH570D-Backscatter-V3\CH570D-Backscatter-V3\obj/../Startup/startup_CH572.S:146
	addi a0, a0, 4
     874:	0511                	addi	a0,a0,4
c:\Users\seanw\Downloads\CH570D-Backscatter-V3\CH570D-Backscatter-V3\obj/../Startup/startup_CH572.S:147
	addi a1, a1, 4
     876:	0591                	addi	a1,a1,4
c:\Users\seanw\Downloads\CH570D-Backscatter-V3\CH570D-Backscatter-V3\obj/../Startup/startup_CH572.S:148
	bltu a1, a2, 1b
     878:	fec5eae3          	bltu	a1,a2,86c <handle_reset+0x50>
c:\Users\seanw\Downloads\CH570D-Backscatter-V3\CH570D-Backscatter-V3\obj/../Startup/startup_CH572.S:151
2:
	/* clear bss section */
	la a0, _sbss
     87c:	80c18513          	addi	a0,gp,-2036 # 20000894 <seq>
c:\Users\seanw\Downloads\CH570D-Backscatter-V3\CH570D-Backscatter-V3\obj/../Startup/startup_CH572.S:152
	la a1, _ebss
     880:	b5018593          	addi	a1,gp,-1200 # 20000bd8 <_ebss>
c:\Users\seanw\Downloads\CH570D-Backscatter-V3\CH570D-Backscatter-V3\obj/../Startup/startup_CH572.S:153
	bgeu a0, a1, 2f
     884:	00b57763          	bgeu	a0,a1,892 <handle_reset+0x76>
c:\Users\seanw\Downloads\CH570D-Backscatter-V3\CH570D-Backscatter-V3\obj/../Startup/startup_CH572.S:155
1:
	sw zero, (a0)
     888:	00052023          	sw	zero,0(a0)
c:\Users\seanw\Downloads\CH570D-Backscatter-V3\CH570D-Backscatter-V3\obj/../Startup/startup_CH572.S:156
	addi a0, a0, 4
     88c:	0511                	addi	a0,a0,4
c:\Users\seanw\Downloads\CH570D-Backscatter-V3\CH570D-Backscatter-V3\obj/../Startup/startup_CH572.S:157
	bltu a0, a1, 1b
     88e:	feb56de3          	bltu	a0,a1,888 <handle_reset+0x6c>
c:\Users\seanw\Downloads\CH570D-Backscatter-V3\CH570D-Backscatter-V3\obj/../Startup/startup_CH572.S:161
2:
	/* 用户模式中断使能 */
	/*预取使能*/
	li t0, 0x25
     892:	02500293          	li	t0,37
c:\Users\seanw\Downloads\CH570D-Backscatter-V3\CH570D-Backscatter-V3\obj/../Startup/startup_CH572.S:162
	csrw 0xbc0, t0
     896:	bc029073          	csrw	0xbc0,t0
c:\Users\seanw\Downloads\CH570D-Backscatter-V3\CH570D-Backscatter-V3\obj/../Startup/startup_CH572.S:164
	/* 打开嵌套中断、硬件压栈功能 */
	li t0, 0x3
     89a:	428d                	li	t0,3
c:\Users\seanw\Downloads\CH570D-Backscatter-V3\CH570D-Backscatter-V3\obj/../Startup/startup_CH572.S:165
	csrw 0x804, t0
     89c:	80429073          	csrw	0x804,t0
c:\Users\seanw\Downloads\CH570D-Backscatter-V3\CH570D-Backscatter-V3\obj/../Startup/startup_CH572.S:166
	li t0, 0x1
     8a0:	4285                	li	t0,1
c:\Users\seanw\Downloads\CH570D-Backscatter-V3\CH570D-Backscatter-V3\obj/../Startup/startup_CH572.S:167
	csrw 0xbc1, t0
     8a2:	bc129073          	csrw	0xbc1,t0
c:\Users\seanw\Downloads\CH570D-Backscatter-V3\CH570D-Backscatter-V3\obj/../Startup/startup_CH572.S:169
	
    li t0, 0x88
     8a6:	08800293          	li	t0,136
c:\Users\seanw\Downloads\CH570D-Backscatter-V3\CH570D-Backscatter-V3\obj/../Startup/startup_CH572.S:170
    csrw mstatus, t0
     8aa:	30029073          	csrw	mstatus,t0
c:\Users\seanw\Downloads\CH570D-Backscatter-V3\CH570D-Backscatter-V3\obj/../Startup/startup_CH572.S:171
	la t0, _vector_base
     8ae:	1ffff297          	auipc	t0,0x1ffff
     8b2:	75228293          	addi	t0,t0,1874 # 20000000 <_highcode_vma_start>
c:\Users\seanw\Downloads\CH570D-Backscatter-V3\CH570D-Backscatter-V3\obj/../Startup/startup_CH572.S:174

	/* 配置向量表模式为绝对地址模式 */
    ori t0, t0, 3
     8b6:	0032e293          	ori	t0,t0,3
c:\Users\seanw\Downloads\CH570D-Backscatter-V3\CH570D-Backscatter-V3\obj/../Startup/startup_CH572.S:175
	csrw mtvec, t0
     8ba:	30529073          	csrw	mtvec,t0
c:\Users\seanw\Downloads\CH570D-Backscatter-V3\CH570D-Backscatter-V3\obj/../Startup/startup_CH572.S:177

	la t0, main
     8be:	00000297          	auipc	t0,0x0
     8c2:	08e28293          	addi	t0,t0,142 # 94c <main>
c:\Users\seanw\Downloads\CH570D-Backscatter-V3\CH570D-Backscatter-V3\obj/../Startup/startup_CH572.S:178
	csrw mepc, t0
     8c6:	34129073          	csrw	mepc,t0
c:\Users\seanw\Downloads\CH570D-Backscatter-V3\CH570D-Backscatter-V3\obj/../Startup/startup_CH572.S:180
	
	mret
     8ca:	30200073          	mret

000008ce <memcpy>:
memcpy():
     8ce:	832a                	mv	t1,a0
     8d0:	ca09                	beqz	a2,8e2 <memcpy+0x14>
     8d2:	00058383          	lb	t2,0(a1)
     8d6:	00730023          	sb	t2,0(t1)
     8da:	167d                	addi	a2,a2,-1
     8dc:	0305                	addi	t1,t1,1
     8de:	0585                	addi	a1,a1,1
     8e0:	fa6d                	bnez	a2,8d2 <memcpy+0x4>
     8e2:	8082                	ret

000008e4 <memset>:
memset():
     8e4:	832a                	mv	t1,a0
     8e6:	c611                	beqz	a2,8f2 <memset+0xe>
     8e8:	00b30023          	sb	a1,0(t1)
     8ec:	167d                	addi	a2,a2,-1
     8ee:	0305                	addi	t1,t1,1
     8f0:	fe65                	bnez	a2,8e8 <memset+0x4>
     8f2:	8082                	ret

000008f4 <BuildPacket>:
BuildPacket():
c:\Users\seanw\Downloads\CH570D-Backscatter-V3\CH570D-Backscatter-V3\obj/../src/Main.c:262
{
     8f4:	7179                	addi	sp,sp,-48
c:\Users\seanw\Downloads\CH570D-Backscatter-V3\CH570D-Backscatter-V3\obj/../src/Main.c:263
    add_header(message, seq, packet_hdr_template());
     8f6:	80c1c583          	lbu	a1,-2036(gp) # 20000894 <seq>
c:\Users\seanw\Downloads\CH570D-Backscatter-V3\CH570D-Backscatter-V3\obj/../src/Main.c:262
{
     8fa:	d606                	sw	ra,44(sp)
c:\Users\seanw\Downloads\CH570D-Backscatter-V3\CH570D-Backscatter-V3\obj/../src/Main.c:263
    add_header(message, seq, packet_hdr_template());
     8fc:	c62e                	sw	a1,12(sp)
     8fe:	22f1                	jal	aca <packet_hdr_template>
     900:	45b2                	lw	a1,12(sp)
     902:	862a                	mv	a2,a0
     904:	83818513          	addi	a0,gp,-1992 # 200008c0 <message>
     908:	22f1                	jal	ad4 <add_header>
GeneratePRBSPayload():
c:\Users\seanw\Downloads\CH570D-Backscatter-V3\CH570D-Backscatter-V3\obj/../src/Main.c:247
    uint32_t lfsr = seed;
     90a:	000ac7b7          	lui	a5,0xac
BuildPacket():
c:\Users\seanw\Downloads\CH570D-Backscatter-V3\CH570D-Backscatter-V3\obj/../src/Main.c:263
    add_header(message, seq, packet_hdr_template());
     90e:	4681                	li	a3,0
GeneratePRBSPayload():
c:\Users\seanw\Downloads\CH570D-Backscatter-V3\CH570D-Backscatter-V3\obj/../src/Main.c:247
    uint32_t lfsr = seed;
     910:	cde78793          	addi	a5,a5,-802 # abcde <_data_lma+0xa994e>
c:\Users\seanw\Downloads\CH570D-Backscatter-V3\CH570D-Backscatter-V3\obj/../src/Main.c:248
    for (uint8_t i = 0; i < PAYLOADSIZE; i++) {
     914:	45b9                	li	a1,14
c:\Users\seanw\Downloads\CH570D-Backscatter-V3\CH570D-Backscatter-V3\obj/../src/Main.c:249
        uint32_t fb = ((lfsr >> 0) ^ (lfsr >> 1)
     916:	0017d613          	srli	a2,a5,0x1
c:\Users\seanw\Downloads\CH570D-Backscatter-V3\CH570D-Backscatter-V3\obj/../src/Main.c:250
                     ^ (lfsr >> 21) ^ (lfsr >> 31)) & 1;
     91a:	0157d713          	srli	a4,a5,0x15
     91e:	8f31                	xor	a4,a4,a2
     920:	8f3d                	xor	a4,a4,a5
     922:	83fd                	srli	a5,a5,0x1f
     924:	8fb9                	xor	a5,a5,a4
     926:	07fe                	slli	a5,a5,0x1f
c:\Users\seanw\Downloads\CH570D-Backscatter-V3\CH570D-Backscatter-V3\obj/../src/Main.c:252
        buf[i] = (uint8_t)(lfsr & 0xFF);
     928:	01068713          	addi	a4,a3,16
c:\Users\seanw\Downloads\CH570D-Backscatter-V3\CH570D-Backscatter-V3\obj/../src/Main.c:251
        lfsr = (lfsr >> 1) | (fb << 31);
     92c:	8fd1                	or	a5,a5,a2
c:\Users\seanw\Downloads\CH570D-Backscatter-V3\CH570D-Backscatter-V3\obj/../src/Main.c:252
        buf[i] = (uint8_t)(lfsr & 0xFF);
     92e:	970a                	add	a4,a4,sp
     930:	a31c                	sb	a5,0(a4)
c:\Users\seanw\Downloads\CH570D-Backscatter-V3\CH570D-Backscatter-V3\obj/../src/Main.c:248
    for (uint8_t i = 0; i < PAYLOADSIZE; i++) {
     932:	0685                	addi	a3,a3,1
     934:	feb691e3          	bne	a3,a1,916 <BuildPacket+0x22>
BuildPacket():
c:\Users\seanw\Downloads\CH570D-Backscatter-V3\CH570D-Backscatter-V3\obj/../src/Main.c:267
    memcpy(&message[HEADER_LEN], payload, PAYLOADSIZE);
     938:	080c                	addi	a1,sp,16
     93a:	4639                	li	a2,14
     93c:	84218513          	addi	a0,gp,-1982 # 200008ca <message+0xa>
     940:	3779                	jal	8ce <memcpy>
c:\Users\seanw\Downloads\CH570D-Backscatter-V3\CH570D-Backscatter-V3\obj/../src/Main.c:270
}
     942:	50b2                	lw	ra,44(sp)
InvalidateTables():
c:\Users\seanw\Downloads\CH570D-Backscatter-V3\CH570D-Backscatter-V3\obj/../src/Main.c:179
    tables_built = 0;
     944:	80018b23          	sb	zero,-2026(gp) # 2000089e <tables_built>
BuildPacket():
c:\Users\seanw\Downloads\CH570D-Backscatter-V3\CH570D-Backscatter-V3\obj/../src/Main.c:270
}
     948:	6145                	addi	sp,sp,48
     94a:	8082                	ret

0000094c <main>:
main():
c:\Users\seanw\Downloads\CH570D-Backscatter-V3\CH570D-Backscatter-V3\obj/../src/Main.c:277
{
     94c:	1101                	addi	sp,sp,-32
     94e:	cc22                	sw	s0,24(sp)
c:\Users\seanw\Downloads\CH570D-Backscatter-V3\CH570D-Backscatter-V3\obj/../src/Main.c:279
    R16_PIN_ALTERNATE &= ~RB_PIN_DEBUG_EN;
     950:	40001437          	lui	s0,0x40001
     954:	2c1e                	lhu	a5,24(s0)
     956:	7771                	lui	a4,0xffffc
     958:	177d                	addi	a4,a4,-1 # ffffbfff <_eusrstack+0xdfff8fff>
c:\Users\seanw\Downloads\CH570D-Backscatter-V3\CH570D-Backscatter-V3\obj/../src/Main.c:277
{
     95a:	ce06                	sw	ra,28(sp)
c:\Users\seanw\Downloads\CH570D-Backscatter-V3\CH570D-Backscatter-V3\obj/../src/Main.c:279
    R16_PIN_ALTERNATE &= ~RB_PIN_DEBUG_EN;
     95c:	8ff9                	and	a5,a5,a4
c:\Users\seanw\Downloads\CH570D-Backscatter-V3\CH570D-Backscatter-V3\obj/../src/Main.c:277
{
     95e:	ca26                	sw	s1,20(sp)
     960:	c84a                	sw	s2,16(sp)
     962:	c64e                	sw	s3,12(sp)
c:\Users\seanw\Downloads\CH570D-Backscatter-V3\CH570D-Backscatter-V3\obj/../src/Main.c:279
    R16_PIN_ALTERNATE &= ~RB_PIN_DEBUG_EN;
     964:	ac1e                	sh	a5,24(s0)
c:\Users\seanw\Downloads\CH570D-Backscatter-V3\CH570D-Backscatter-V3\obj/../src/Main.c:282
    HSECFG_Capacitance(HSECap_18p);
     966:	4519                	li	a0,6
     968:	22c9                	jal	b2a <HSECFG_Capacitance>
c:\Users\seanw\Downloads\CH570D-Backscatter-V3\CH570D-Backscatter-V3\obj/../src/Main.c:283
    SetSysClock(CLK_SOURCE_HSE_6_4MHz);
     96a:	4515                	li	a0,5
     96c:	20000097          	auipc	ra,0x20000
     970:	8a0080e7          	jalr	-1888(ra) # 2000020c <SetSysClock>
Debug_Init():
c:\Users\seanw\Downloads\CH570D-Backscatter-V3\CH570D-Backscatter-V3\obj/../src/Main.c:69
    GPIOA_SetBits(bTXD_0);
     974:	0b840793          	addi	a5,s0,184 # 400010b8 <_eusrstack+0x1fffe0b8>
     978:	4721                	li	a4,8
     97a:	c398                	sw	a4,0(a5)
c:\Users\seanw\Downloads\CH570D-Backscatter-V3\CH570D-Backscatter-V3\obj/../src/Main.c:70
    GPIOA_ModeCfg(bRXD_0, GPIO_ModeIN_PU);
     97c:	4585                	li	a1,1
     97e:	4511                	li	a0,4
     980:	2aed                	jal	b7a <GPIOA_ModeCfg>
c:\Users\seanw\Downloads\CH570D-Backscatter-V3\CH570D-Backscatter-V3\obj/../src/Main.c:71
    GPIOA_ModeCfg(bTXD_0, GPIO_ModeOut_PP_5mA);
     982:	458d                	li	a1,3
     984:	4521                	li	a0,8
     986:	2ad5                	jal	b7a <GPIOA_ModeCfg>
c:\Users\seanw\Downloads\CH570D-Backscatter-V3\CH570D-Backscatter-V3\obj/../src/Main.c:72
    UART_Remap(ENABLE, UART_TX_REMAP_PA3, UART_RX_REMAP_PA2);
     988:	4601                	li	a2,0
     98a:	4581                	li	a1,0
     98c:	4505                	li	a0,1
     98e:	2ea5                	jal	d06 <UART_Remap>
c:\Users\seanw\Downloads\CH570D-Backscatter-V3\CH570D-Backscatter-V3\obj/../src/Main.c:73
    UART_DefInit();
     990:	2691                	jal	cd4 <UART_DefInit>
main():
c:\Users\seanw\Downloads\CH570D-Backscatter-V3\CH570D-Backscatter-V3\obj/../src/Main.c:287
    PRINT("CH570D Backscatter V3\n");
     992:	00002517          	auipc	a0,0x2
     996:	84650513          	addi	a0,a0,-1978 # 21d8 <_read+0x14>
     99a:	25c5                	jal	107a <puts>
c:\Users\seanw\Downloads\CH570D-Backscatter-V3\CH570D-Backscatter-V3\obj/../src/Main.c:288
    DelayMs(10);
     99c:	4529                	li	a0,10
     99e:	20000097          	auipc	ra,0x20000
     9a2:	b4c080e7          	jalr	-1204(ra) # 200004ea <mDelaymS>
Compute_FSK_Parameters():
c:\Users\seanw\Downloads\CH570D-Backscatter-V3\CH570D-Backscatter-V3\obj/../src/Main.c:121
    period_f0 = PWM_CYC_COUNT0;
     9a6:	04f00793          	li	a5,79
     9aa:	81418913          	addi	s2,gp,-2028 # 2000089c <period_f0>
     9ae:	00f91023          	sh	a5,0(s2)
c:\Users\seanw\Downloads\CH570D-Backscatter-V3\CH570D-Backscatter-V3\obj/../src/Main.c:122
    period_f1 = PWM_CYC_COUNT1;
     9b2:	81218493          	addi	s1,gp,-2030 # 2000089a <period_f1>
     9b6:	03f00793          	li	a5,63
     9ba:	a09e                	sh	a5,0(s1)
Is_PLL_Clock():
c:\Users\seanw\Downloads\CH570D-Backscatter-V3\CH570D-Backscatter-V3\obj/../src/Main.c:110
    return (((R8_CLK_SYS_CFG >> 6) & 0x03) == 0x01) ? 1 : 0;
     9bc:	241c                	lbu	a5,8(s0)
Compute_FSK_Parameters():
c:\Users\seanw\Downloads\CH570D-Backscatter-V3\CH570D-Backscatter-V3\obj/../src/Main.c:131
    edges_per_bit_f0 = FSK_FREQ0 / FSK_BIT_RATE
     9be:	4705                	li	a4,1
     9c0:	8399                	srli	a5,a5,0x6
     9c2:	0ee78c63          	beq	a5,a4,aba <main+0x16e>
     9c6:	4775                	li	a4,29
     9c8:	02300793          	li	a5,35
c:\Users\seanw\Downloads\CH570D-Backscatter-V3\CH570D-Backscatter-V3\obj/../src/Main.c:136
    printf("Clock source : %s\n", pll ? "PLL" : "HSE");
     9cc:	00002597          	auipc	a1,0x2
     9d0:	80858593          	addi	a1,a1,-2040 # 21d4 <_read+0x10>
c:\Users\seanw\Downloads\CH570D-Backscatter-V3\CH570D-Backscatter-V3\obj/../src/Main.c:133
    edges_per_bit_f1 = FSK_FREQ1 / FSK_BIT_RATE
     9d4:	80e18413          	addi	s0,gp,-2034 # 20000896 <edges_per_bit_f1>
c:\Users\seanw\Downloads\CH570D-Backscatter-V3\CH570D-Backscatter-V3\obj/../src/Main.c:131
    edges_per_bit_f0 = FSK_FREQ0 / FSK_BIT_RATE
     9d8:	81018993          	addi	s3,gp,-2032 # 20000898 <edges_per_bit_f0>
c:\Users\seanw\Downloads\CH570D-Backscatter-V3\CH570D-Backscatter-V3\obj/../src/Main.c:136
    printf("Clock source : %s\n", pll ? "PLL" : "HSE");
     9dc:	00002517          	auipc	a0,0x2
     9e0:	81450513          	addi	a0,a0,-2028 # 21f0 <_read+0x2c>
c:\Users\seanw\Downloads\CH570D-Backscatter-V3\CH570D-Backscatter-V3\obj/../src/Main.c:133
    edges_per_bit_f1 = FSK_FREQ1 / FSK_BIT_RATE
     9e4:	a01e                	sh	a5,0(s0)
c:\Users\seanw\Downloads\CH570D-Backscatter-V3\CH570D-Backscatter-V3\obj/../src/Main.c:131
    edges_per_bit_f0 = FSK_FREQ0 / FSK_BIT_RATE
     9e6:	00e99023          	sh	a4,0(s3)
c:\Users\seanw\Downloads\CH570D-Backscatter-V3\CH570D-Backscatter-V3\obj/../src/Main.c:136
    printf("Clock source : %s\n", pll ? "PLL" : "HSE");
     9ea:	21bd                	jal	e58 <iprintf>
c:\Users\seanw\Downloads\CH570D-Backscatter-V3\CH570D-Backscatter-V3\obj/../src/Main.c:137
    printf("Freq0 period : %u,  edges/bit: %u\n", period_f0, edges_per_bit_f0);
     9ec:	0009d603          	lhu	a2,0(s3)
     9f0:	00095583          	lhu	a1,0(s2)
     9f4:	00002517          	auipc	a0,0x2
     9f8:	81050513          	addi	a0,a0,-2032 # 2204 <_read+0x40>
     9fc:	29b1                	jal	e58 <iprintf>
c:\Users\seanw\Downloads\CH570D-Backscatter-V3\CH570D-Backscatter-V3\obj/../src/Main.c:138
    printf("Freq1 period : %u,  edges/bit: %u\n", period_f1, edges_per_bit_f1);
     9fe:	2012                	lhu	a2,0(s0)
     a00:	208e                	lhu	a1,0(s1)
     a02:	00002517          	auipc	a0,0x2
     a06:	82650513          	addi	a0,a0,-2010 # 2228 <_read+0x64>
main():
c:\Users\seanw\Downloads\CH570D-Backscatter-V3\CH570D-Backscatter-V3\obj/../src/Main.c:312
        seq++;
     a0a:	80c18413          	addi	s0,gp,-2036 # 20000894 <seq>
Compute_FSK_Parameters():
c:\Users\seanw\Downloads\CH570D-Backscatter-V3\CH570D-Backscatter-V3\obj/../src/Main.c:138
    printf("Freq1 period : %u,  edges/bit: %u\n", period_f1, edges_per_bit_f1);
     a0e:	21a9                	jal	e58 <iprintf>
main():
c:\Users\seanw\Downloads\CH570D-Backscatter-V3\CH570D-Backscatter-V3\obj/../src/Main.c:292
    DelayMs(100);
     a10:	06400513          	li	a0,100
     a14:	20000097          	auipc	ra,0x20000
     a18:	ad6080e7          	jalr	-1322(ra) # 200004ea <mDelaymS>
PWM_Init():
c:\Users\seanw\Downloads\CH570D-Backscatter-V3\CH570D-Backscatter-V3\obj/../src/Main.c:85
    GPIOA_ModeCfg(BACKSCATTER_PWM_PIN, BACKSCATTER_PWM_DRIVE);
     a1c:	4591                	li	a1,4
     a1e:	08000513          	li	a0,128
     a22:	2aa1                	jal	b7a <GPIOA_ModeCfg>
c:\Users\seanw\Downloads\CH570D-Backscatter-V3\CH570D-Backscatter-V3\obj/../src/Main.c:86
    PWMX_CLKCfg(CLK_TICKS_PER_CYC);
     a24:	400057b7          	lui	a5,0x40005
     a28:	4705                	li	a4,1
     a2a:	af9a                	sh	a4,24(a5)
c:\Users\seanw\Downloads\CH570D-Backscatter-V3\CH570D-Backscatter-V3\obj/../src/Main.c:87
    PWM_16bit_CycleEnable();
     a2c:	23b8                	lbu	a4,2(a5)
main():
c:\Users\seanw\Downloads\CH570D-Backscatter-V3\CH570D-Backscatter-V3\obj/../src/Main.c:315
        PRINT("Periodic TX end\n");
     a2e:	00002497          	auipc	s1,0x2
     a32:	83e48493          	addi	s1,s1,-1986 # 226c <_read+0xa8>
PWM_Init():
c:\Users\seanw\Downloads\CH570D-Backscatter-V3\CH570D-Backscatter-V3\obj/../src/Main.c:87
    PWM_16bit_CycleEnable();
     a36:	00676713          	ori	a4,a4,6
     a3a:	a3b8                	sb	a4,2(a5)
Timer_EdgeCounter_Init():
c:\Users\seanw\Downloads\CH570D-Backscatter-V3\CH570D-Backscatter-V3\obj/../src/Main.c:98
    R8_TMR_CTRL_MOD  = RB_TMR_ALL_CLEAR;
     a3c:	400027b7          	lui	a5,0x40002
     a40:	4709                	li	a4,2
     a42:	40e78023          	sb	a4,1024(a5) # 40002400 <_eusrstack+0x1ffff400>
c:\Users\seanw\Downloads\CH570D-Backscatter-V3\CH570D-Backscatter-V3\obj/../src/Main.c:99
    R8_TMR_CTRL_MOD |= RB_TMR_MODE_IN | RB_TMR_CAP_COUNT;
     a46:	4007c703          	lbu	a4,1024(a5)
     a4a:	01176713          	ori	a4,a4,17
     a4e:	40e78023          	sb	a4,1024(a5)
c:\Users\seanw\Downloads\CH570D-Backscatter-V3\CH570D-Backscatter-V3\obj/../src/Main.c:100
    R8_TMR_CTRL_MOD |= (2 << 6);               /* count on falling edges */
     a52:	4007c703          	lbu	a4,1024(a5)
     a56:	08076713          	ori	a4,a4,128
     a5a:	40e78023          	sb	a4,1024(a5)
c:\Users\seanw\Downloads\CH570D-Backscatter-V3\CH570D-Backscatter-V3\obj/../src/Main.c:101
    R8_TMR_INTER_EN |= RB_TMR_IE_CYC_END;
     a5e:	4027c703          	lbu	a4,1026(a5)
     a62:	00176713          	ori	a4,a4,1
     a66:	40e78123          	sb	a4,1026(a5)
main():
c:\Users\seanw\Downloads\CH570D-Backscatter-V3\CH570D-Backscatter-V3\obj/../src/Main.c:299
    BuildPacket();
     a6a:	3569                	jal	8f4 <BuildPacket>
c:\Users\seanw\Downloads\CH570D-Backscatter-V3\CH570D-Backscatter-V3\obj/../src/Main.c:300
    print_uint8_array_hex(message, MESSAGE_BYTES);
     a6c:	45e1                	li	a1,24
     a6e:	83818513          	addi	a0,gp,-1992 # 200008c0 <message>
     a72:	2051                	jal	af6 <print_uint8_array_hex>
c:\Users\seanw\Downloads\CH570D-Backscatter-V3\CH570D-Backscatter-V3\obj/../src/Main.c:301
    DelayMs(100);
     a74:	06400513          	li	a0,100
     a78:	20000097          	auipc	ra,0x20000
     a7c:	a72080e7          	jalr	-1422(ra) # 200004ea <mDelaymS>
c:\Users\seanw\Downloads\CH570D-Backscatter-V3\CH570D-Backscatter-V3\obj/../src/Main.c:305
    printf("Mode: periodic TX every %d ms\n", BACKSCATTER_PERIOD_MS);
     a80:	1f400593          	li	a1,500
     a84:	00001517          	auipc	a0,0x1
     a88:	7c850513          	addi	a0,a0,1992 # 224c <_read+0x88>
     a8c:	26f1                	jal	e58 <iprintf>
c:\Users\seanw\Downloads\CH570D-Backscatter-V3\CH570D-Backscatter-V3\obj/../src/Main.c:306
    DelayMs(10);
     a8e:	4529                	li	a0,10
     a90:	20000097          	auipc	ra,0x20000
     a94:	a5a080e7          	jalr	-1446(ra) # 200004ea <mDelaymS>
c:\Users\seanw\Downloads\CH570D-Backscatter-V3\CH570D-Backscatter-V3\obj/../src/Main.c:309 (discriminator 1)
        StartFSK(message, MESSAGE_BYTES);
     a98:	1ffff097          	auipc	ra,0x1ffff
     a9c:	5f8080e7          	jalr	1528(ra) # 20000090 <StartFSK.constprop.0>
c:\Users\seanw\Downloads\CH570D-Backscatter-V3\CH570D-Backscatter-V3\obj/../src/Main.c:312 (discriminator 1)
        seq++;
     aa0:	201c                	lbu	a5,0(s0)
     aa2:	0785                	addi	a5,a5,1
     aa4:	a01c                	sb	a5,0(s0)
c:\Users\seanw\Downloads\CH570D-Backscatter-V3\CH570D-Backscatter-V3\obj/../src/Main.c:313 (discriminator 1)
        BuildPacket();
     aa6:	35b9                	jal	8f4 <BuildPacket>
c:\Users\seanw\Downloads\CH570D-Backscatter-V3\CH570D-Backscatter-V3\obj/../src/Main.c:315 (discriminator 1)
        PRINT("Periodic TX end\n");
     aa8:	8526                	mv	a0,s1
     aaa:	2bc1                	jal	107a <puts>
c:\Users\seanw\Downloads\CH570D-Backscatter-V3\CH570D-Backscatter-V3\obj/../src/Main.c:316 (discriminator 1)
        DelayMs(BACKSCATTER_PERIOD_MS);
     aac:	1f400513          	li	a0,500
     ab0:	20000097          	auipc	ra,0x20000
     ab4:	a3a080e7          	jalr	-1478(ra) # 200004ea <mDelaymS>
c:\Users\seanw\Downloads\CH570D-Backscatter-V3\CH570D-Backscatter-V3\obj/../src/Main.c:308 (discriminator 1)
    while (1) {
     ab8:	b7c5                	j	a98 <main+0x14c>
Compute_FSK_Parameters():
c:\Users\seanw\Downloads\CH570D-Backscatter-V3\CH570D-Backscatter-V3\obj/../src/Main.c:308 (discriminator 1)
     aba:	476d                	li	a4,27
     abc:	02200793          	li	a5,34
c:\Users\seanw\Downloads\CH570D-Backscatter-V3\CH570D-Backscatter-V3\obj/../src/Main.c:136
    printf("Clock source : %s\n", pll ? "PLL" : "HSE");
     ac0:	00001597          	auipc	a1,0x1
     ac4:	71058593          	addi	a1,a1,1808 # 21d0 <_read+0xc>
     ac8:	b731                	j	9d4 <main+0x88>

00000aca <packet_hdr_template>:
packet_hdr_template():
c:\Users\seanw\Downloads\CH570D-Backscatter-V3\CH570D-Backscatter-V3\obj/../src/packet_gen.c:26
};

uint8_t *packet_hdr_template(void)
{
    return packet_hdr;
}
     aca:	20000517          	auipc	a0,0x20000
     ace:	d4e50513          	addi	a0,a0,-690 # 20000818 <packet_hdr>
     ad2:	8082                	ret

00000ad4 <add_header>:
add_header():
c:\Users\seanw\Downloads\CH570D-Backscatter-V3\CH570D-Backscatter-V3\obj/../src/packet_gen.c:31

void add_header(uint8_t *packet, uint8_t seq, uint8_t *header_template)
{
    /* Copy preamble + sync word */
    for (int i = 0; i < HEADER_LEN - 2; i++) {
     ad4:	4781                	li	a5,0
     ad6:	4721                	li	a4,8
c:\Users\seanw\Downloads\CH570D-Backscatter-V3\CH570D-Backscatter-V3\obj/../src/packet_gen.c:32 (discriminator 3)
        packet[i] = header_template[i];
     ad8:	00f606b3          	add	a3,a2,a5
     adc:	0006c803          	lbu	a6,0(a3)
     ae0:	00f506b3          	add	a3,a0,a5
c:\Users\seanw\Downloads\CH570D-Backscatter-V3\CH570D-Backscatter-V3\obj/../src/packet_gen.c:31 (discriminator 3)
    for (int i = 0; i < HEADER_LEN - 2; i++) {
     ae4:	0785                	addi	a5,a5,1
c:\Users\seanw\Downloads\CH570D-Backscatter-V3\CH570D-Backscatter-V3\obj/../src/packet_gen.c:32 (discriminator 3)
        packet[i] = header_template[i];
     ae6:	01068023          	sb	a6,0(a3)
c:\Users\seanw\Downloads\CH570D-Backscatter-V3\CH570D-Backscatter-V3\obj/../src/packet_gen.c:31 (discriminator 3)
    for (int i = 0; i < HEADER_LEN - 2; i++) {
     aea:	fee797e3          	bne	a5,a4,ad8 <add_header+0x4>
c:\Users\seanw\Downloads\CH570D-Backscatter-V3\CH570D-Backscatter-V3\obj/../src/packet_gen.c:39

    /*
     * Length byte: payload data size + 1 (excludes the length byte itself
     * and optional CRC, per CC2500 datasheet p. 30).
     */
    packet[HEADER_LEN - 2] = 1 + PAYLOADSIZE;
     aee:	47bd                	li	a5,15
     af0:	a51c                	sb	a5,8(a0)
c:\Users\seanw\Downloads\CH570D-Backscatter-V3\CH570D-Backscatter-V3\obj/../src/packet_gen.c:42

    /* Sequence number */
    packet[HEADER_LEN - 1] = seq;
     af2:	b50c                	sb	a1,9(a0)
c:\Users\seanw\Downloads\CH570D-Backscatter-V3\CH570D-Backscatter-V3\obj/../src/packet_gen.c:43
}
     af4:	8082                	ret

00000af6 <print_uint8_array_hex>:
print_uint8_array_hex():
c:\Users\seanw\Downloads\CH570D-Backscatter-V3\CH570D-Backscatter-V3\obj/../src/utility.c:18
    else
        R8_PWM_INT_EN &= ~irq_mask;
}

void print_uint8_array_hex(const uint8_t *arr, size_t size)
{
     af6:	1141                	addi	sp,sp,-16
     af8:	c422                	sw	s0,8(sp)
     afa:	c226                	sw	s1,4(sp)
     afc:	c04a                	sw	s2,0(sp)
     afe:	c606                	sw	ra,12(sp)
     b00:	842a                	mv	s0,a0
     b02:	00b504b3          	add	s1,a0,a1
c:\Users\seanw\Downloads\CH570D-Backscatter-V3\CH570D-Backscatter-V3\obj/../src/utility.c:20
    for (size_t i = 0; i < size; i++)
        printf("%02x ", arr[i]);
     b06:	00001917          	auipc	s2,0x1
     b0a:	77690913          	addi	s2,s2,1910 # 227c <_read+0xb8>
c:\Users\seanw\Downloads\CH570D-Backscatter-V3\CH570D-Backscatter-V3\obj/../src/utility.c:19 (discriminator 1)
    for (size_t i = 0; i < size; i++)
     b0e:	00941963          	bne	s0,s1,b20 <print_uint8_array_hex+0x2a>
c:\Users\seanw\Downloads\CH570D-Backscatter-V3\CH570D-Backscatter-V3\obj/../src/utility.c:22
    printf("\n");
}
     b12:	4422                	lw	s0,8(sp)
     b14:	40b2                	lw	ra,12(sp)
     b16:	4492                	lw	s1,4(sp)
     b18:	4902                	lw	s2,0(sp)
c:\Users\seanw\Downloads\CH570D-Backscatter-V3\CH570D-Backscatter-V3\obj/../src/utility.c:21
    printf("\n");
     b1a:	4529                	li	a0,10
c:\Users\seanw\Downloads\CH570D-Backscatter-V3\CH570D-Backscatter-V3\obj/../src/utility.c:22
}
     b1c:	0141                	addi	sp,sp,16
c:\Users\seanw\Downloads\CH570D-Backscatter-V3\CH570D-Backscatter-V3\obj/../src/utility.c:21
    printf("\n");
     b1e:	aea5                	j	e96 <putchar>
c:\Users\seanw\Downloads\CH570D-Backscatter-V3\CH570D-Backscatter-V3\obj/../src/utility.c:20 (discriminator 3)
        printf("%02x ", arr[i]);
     b20:	200c                	lbu	a1,0(s0)
     b22:	854a                	mv	a0,s2
     b24:	0405                	addi	s0,s0,1
     b26:	2e0d                	jal	e58 <iprintf>
c:\Users\seanw\Downloads\CH570D-Backscatter-V3\CH570D-Backscatter-V3\obj/../src/utility.c:19 (discriminator 3)
    for (size_t i = 0; i < size; i++)
     b28:	b7dd                	j	b0e <print_uint8_array_hex+0x18>

00000b2a <HSECFG_Capacitance>:
HSECFG_Capacitance():
c:\Users\seanw\Downloads\CH570D-Backscatter-V3\CH570D-Backscatter-V3\obj/../StdPeriphDriver/CH57x_clk.c:81
 */
void HSECFG_Capacitance(HSECapTypeDef c)
{
    uint8_t x32M_c;

    x32M_c = R8_XT32M_TUNE;
     b2a:	40001737          	lui	a4,0x40001
     b2e:	04e74783          	lbu	a5,78(a4) # 4000104e <_eusrstack+0x1fffe04e>
c:\Users\seanw\Downloads\CH570D-Backscatter-V3\CH570D-Backscatter-V3\obj/../StdPeriphDriver/CH57x_clk.c:82
    x32M_c = (x32M_c & 0x0f) | (c << 4);
     b32:	0512                	slli	a0,a0,0x4
c:\Users\seanw\Downloads\CH570D-Backscatter-V3\CH570D-Backscatter-V3\obj/../StdPeriphDriver/CH57x_clk.c:78
{
     b34:	1141                	addi	sp,sp,-16
c:\Users\seanw\Downloads\CH570D-Backscatter-V3\CH570D-Backscatter-V3\obj/../StdPeriphDriver/CH57x_clk.c:82
    x32M_c = (x32M_c & 0x0f) | (c << 4);
     b36:	8bbd                	andi	a5,a5,15
     b38:	8fc9                	or	a5,a5,a0
     b3a:	0ff7f793          	zext.b	a5,a5
__risc_v_disable_irq():
c:/Users/seanw/Downloads/CH570D-Backscatter-V3/CH570D-Backscatter-V3/RVMSIS/core_riscv.h:154
    __asm volatile("csrrc %0, 0x800, %1" : \
     b3e:	08800693          	li	a3,136
     b42:	8006b6f3          	csrrc	a3,0x800,a3
c:/Users/seanw/Downloads/CH570D-Backscatter-V3/CH570D-Backscatter-V3/RVMSIS/core_riscv.h:156
    return result & 0x88;
     b46:	0886f693          	andi	a3,a3,136
HSECFG_Capacitance():
c:\Users\seanw\Downloads\CH570D-Backscatter-V3\CH570D-Backscatter-V3\obj/../StdPeriphDriver/CH57x_clk.c:84

    sys_safe_access_enable();
     b4a:	c636                	sw	a3,12(sp)
     b4c:	0000100f          	fence.i
     b50:	05700693          	li	a3,87
     b54:	04d70023          	sb	a3,64(a4)
     b58:	fa800693          	li	a3,-88
     b5c:	04d70023          	sb	a3,64(a4)
     b60:	0000100f          	fence.i
c:\Users\seanw\Downloads\CH570D-Backscatter-V3\CH570D-Backscatter-V3\obj/../StdPeriphDriver/CH57x_clk.c:85
    R8_XT32M_TUNE = x32M_c;
     b64:	04f70723          	sb	a5,78(a4)
c:\Users\seanw\Downloads\CH570D-Backscatter-V3\CH570D-Backscatter-V3\obj/../StdPeriphDriver/CH57x_clk.c:86
    sys_safe_access_disable();
     b68:	04070023          	sb	zero,64(a4)
     b6c:	47b2                	lw	a5,12(sp)
__risc_v_enable_irq():
c:/Users/seanw/Downloads/CH570D-Backscatter-V3/CH570D-Backscatter-V3/RVMSIS/core_riscv.h:138
    __asm volatile("csrrs %0, 0x800, %1" : \
     b6e:	8007a7f3          	csrrs	a5,0x800,a5
HSECFG_Capacitance():
c:\Users\seanw\Downloads\CH570D-Backscatter-V3\CH570D-Backscatter-V3\obj/../StdPeriphDriver/CH57x_clk.c:86
     b72:	0000100f          	fence.i
c:\Users\seanw\Downloads\CH570D-Backscatter-V3\CH570D-Backscatter-V3\obj/../StdPeriphDriver/CH57x_clk.c:87
}
     b76:	0141                	addi	sp,sp,16
     b78:	8082                	ret

00000b7a <GPIOA_ModeCfg>:
GPIOA_ModeCfg():
c:\Users\seanw\Downloads\CH570D-Backscatter-V3\CH570D-Backscatter-V3\obj/../StdPeriphDriver/CH57x_gpio.c:27
 *
 * @return  none
 */
void GPIOA_ModeCfg(uint32_t pin, GPIOModeTypeDef mode)
{
    switch(mode)
     b7a:	4791                	li	a5,4
     b7c:	04b7ec63          	bltu	a5,a1,bd4 <GPIOA_ModeCfg+0x5a>
     b80:	00001797          	auipc	a5,0x1
     b84:	70478793          	addi	a5,a5,1796 # 2284 <_read+0xc0>
     b88:	20f5c5b3          	sh2add	a1,a1,a5
     b8c:	4198                	lw	a4,0(a1)
     b8e:	973e                	add	a4,a4,a5
     b90:	400017b7          	lui	a5,0x40001
     b94:	0b478793          	addi	a5,a5,180 # 400010b4 <_eusrstack+0x1fffe0b4>
     b98:	8702                	jr	a4
c:\Users\seanw\Downloads\CH570D-Backscatter-V3\CH570D-Backscatter-V3\obj/../StdPeriphDriver/CH57x_gpio.c:30
    {
        case GPIO_ModeIN_Floating:
            R32_PA_PD_DRV &= ~pin;
     b9a:	4394                	lw	a3,0(a5)
     b9c:	40001737          	lui	a4,0x40001
     ba0:	40a6f6b3          	andn	a3,a3,a0
c:\Users\seanw\Downloads\CH570D-Backscatter-V3\CH570D-Backscatter-V3\obj/../StdPeriphDriver/CH57x_gpio.c:42
            R32_PA_PU |= pin;
            R32_PA_DIR &= ~pin;
            break;

        case GPIO_ModeIN_PD:
            R32_PA_PD_DRV |= pin;
     ba4:	c394                	sw	a3,0(a5)
c:\Users\seanw\Downloads\CH570D-Backscatter-V3\CH570D-Backscatter-V3\obj/../StdPeriphDriver/CH57x_gpio.c:43
            R32_PA_PU &= ~pin;
     ba6:	0b070693          	addi	a3,a4,176 # 400010b0 <_eusrstack+0x1fffe0b0>
     baa:	429c                	lw	a5,0(a3)
     bac:	40a7f7b3          	andn	a5,a5,a0
     bb0:	a819                	j	bc6 <GPIOA_ModeCfg+0x4c>
c:\Users\seanw\Downloads\CH570D-Backscatter-V3\CH570D-Backscatter-V3\obj/../StdPeriphDriver/CH57x_gpio.c:36
            R32_PA_PD_DRV &= ~pin;
     bb2:	4394                	lw	a3,0(a5)
     bb4:	40001737          	lui	a4,0x40001
     bb8:	40a6f6b3          	andn	a3,a3,a0
     bbc:	c394                	sw	a3,0(a5)
c:\Users\seanw\Downloads\CH570D-Backscatter-V3\CH570D-Backscatter-V3\obj/../StdPeriphDriver/CH57x_gpio.c:37
            R32_PA_PU |= pin;
     bbe:	0b070693          	addi	a3,a4,176 # 400010b0 <_eusrstack+0x1fffe0b0>
     bc2:	429c                	lw	a5,0(a3)
     bc4:	8fc9                	or	a5,a5,a0
c:\Users\seanw\Downloads\CH570D-Backscatter-V3\CH570D-Backscatter-V3\obj/../StdPeriphDriver/CH57x_gpio.c:43
            R32_PA_PU &= ~pin;
     bc6:	c29c                	sw	a5,0(a3)
c:\Users\seanw\Downloads\CH570D-Backscatter-V3\CH570D-Backscatter-V3\obj/../StdPeriphDriver/CH57x_gpio.c:44
            R32_PA_DIR &= ~pin;
     bc8:	0a070793          	addi	a5,a4,160
     bcc:	4398                	lw	a4,0(a5)
     bce:	40a77733          	andn	a4,a4,a0
c:\Users\seanw\Downloads\CH570D-Backscatter-V3\CH570D-Backscatter-V3\obj/../StdPeriphDriver/CH57x_gpio.c:54
            R32_PA_DIR |= pin;
            break;

        case GPIO_ModeOut_PP_20mA:
            R32_PA_PD_DRV |= pin;
            R32_PA_DIR |= pin;
     bd2:	c398                	sw	a4,0(a5)
c:\Users\seanw\Downloads\CH570D-Backscatter-V3\CH570D-Backscatter-V3\obj/../StdPeriphDriver/CH57x_gpio.c:60
            break;

        default:
            break;
    }
}
     bd4:	8082                	ret
c:\Users\seanw\Downloads\CH570D-Backscatter-V3\CH570D-Backscatter-V3\obj/../StdPeriphDriver/CH57x_gpio.c:42
            R32_PA_PD_DRV |= pin;
     bd6:	4394                	lw	a3,0(a5)
     bd8:	40001737          	lui	a4,0x40001
     bdc:	8ec9                	or	a3,a3,a0
     bde:	b7d9                	j	ba4 <GPIOA_ModeCfg+0x2a>
c:\Users\seanw\Downloads\CH570D-Backscatter-V3\CH570D-Backscatter-V3\obj/../StdPeriphDriver/CH57x_gpio.c:48
            R32_PA_PD_DRV &= ~pin;
     be0:	4398                	lw	a4,0(a5)
     be2:	40a77733          	andn	a4,a4,a0
c:\Users\seanw\Downloads\CH570D-Backscatter-V3\CH570D-Backscatter-V3\obj/../StdPeriphDriver/CH57x_gpio.c:53
            R32_PA_PD_DRV |= pin;
     be6:	c398                	sw	a4,0(a5)
c:\Users\seanw\Downloads\CH570D-Backscatter-V3\CH570D-Backscatter-V3\obj/../StdPeriphDriver/CH57x_gpio.c:54
            R32_PA_DIR |= pin;
     be8:	400017b7          	lui	a5,0x40001
     bec:	0a078793          	addi	a5,a5,160 # 400010a0 <_eusrstack+0x1fffe0a0>
     bf0:	4398                	lw	a4,0(a5)
     bf2:	8f49                	or	a4,a4,a0
     bf4:	bff9                	j	bd2 <GPIOA_ModeCfg+0x58>
c:\Users\seanw\Downloads\CH570D-Backscatter-V3\CH570D-Backscatter-V3\obj/../StdPeriphDriver/CH57x_gpio.c:53
            R32_PA_PD_DRV |= pin;
     bf6:	4398                	lw	a4,0(a5)
     bf8:	8f49                	or	a4,a4,a0
     bfa:	b7f5                	j	be6 <GPIOA_ModeCfg+0x6c>

00000bfc <GetSysClock>:
GetSysClock():
c:\Users\seanw\Downloads\CH570D-Backscatter-V3\CH570D-Backscatter-V3\obj/../StdPeriphDriver/CH57x_sys.c:103
    if((R8_CLK_SYS_CFG & RB_CLK_SYS_MOD) == RB_CLK_SYS_MOD)
     bfc:	400017b7          	lui	a5,0x40001
     c00:	2798                	lbu	a4,8(a5)
     c02:	0c000693          	li	a3,192
     c06:	0c077713          	andi	a4,a4,192
     c0a:	00d71563          	bne	a4,a3,c14 <GetSysClock+0x18>
c:\Users\seanw\Downloads\CH570D-Backscatter-V3\CH570D-Backscatter-V3\obj/../StdPeriphDriver/CH57x_sys.c:105
        return (Freq_LSI);
     c0e:	81c1a503          	lw	a0,-2020(gp) # 200008a4 <Freq_LSI>
     c12:	8082                	ret
c:\Users\seanw\Downloads\CH570D-Backscatter-V3\CH570D-Backscatter-V3\obj/../StdPeriphDriver/CH57x_sys.c:107
    else if((R8_CLK_SYS_CFG & RB_CLK_SYS_MOD) == 0x40)
     c14:	2798                	lbu	a4,8(a5)
     c16:	04000693          	li	a3,64
     c1a:	0c077713          	andi	a4,a4,192
     c1e:	02d71063          	bne	a4,a3,c3e <GetSysClock+0x42>
c:\Users\seanw\Downloads\CH570D-Backscatter-V3\CH570D-Backscatter-V3\obj/../StdPeriphDriver/CH57x_sys.c:109
        return (600000000 / ((R8_CLK_SYS_CFG & 0x1f)?(R8_CLK_SYS_CFG & 0x1f):32));
     c22:	2794                	lbu	a3,8(a5)
     c24:	02000713          	li	a4,32
     c28:	8afd                	andi	a3,a3,31
     c2a:	c299                	beqz	a3,c30 <GetSysClock+0x34>
c:\Users\seanw\Downloads\CH570D-Backscatter-V3\CH570D-Backscatter-V3\obj/../StdPeriphDriver/CH57x_sys.c:109 (discriminator 1)
     c2c:	2798                	lbu	a4,8(a5)
     c2e:	8b7d                	andi	a4,a4,31
c:\Users\seanw\Downloads\CH570D-Backscatter-V3\CH570D-Backscatter-V3\obj/../StdPeriphDriver/CH57x_sys.c:109 (discriminator 4)
     c30:	23c34537          	lui	a0,0x23c34
     c34:	60050513          	addi	a0,a0,1536 # 23c34600 <_eusrstack+0x3c31600>
c:\Users\seanw\Downloads\CH570D-Backscatter-V3\CH570D-Backscatter-V3\obj/../StdPeriphDriver/CH57x_sys.c:113 (discriminator 4)
        return (32000000 / ((R8_CLK_SYS_CFG & 0x1f)?(R8_CLK_SYS_CFG & 0x1f):32));
     c38:	02e54533          	div	a0,a0,a4
c:\Users\seanw\Downloads\CH570D-Backscatter-V3\CH570D-Backscatter-V3\obj/../StdPeriphDriver/CH57x_sys.c:115 (discriminator 4)
}
     c3c:	8082                	ret
c:\Users\seanw\Downloads\CH570D-Backscatter-V3\CH570D-Backscatter-V3\obj/../StdPeriphDriver/CH57x_sys.c:113
        return (32000000 / ((R8_CLK_SYS_CFG & 0x1f)?(R8_CLK_SYS_CFG & 0x1f):32));
     c3e:	2794                	lbu	a3,8(a5)
     c40:	02000713          	li	a4,32
     c44:	8afd                	andi	a3,a3,31
     c46:	c299                	beqz	a3,c4c <GetSysClock+0x50>
c:\Users\seanw\Downloads\CH570D-Backscatter-V3\CH570D-Backscatter-V3\obj/../StdPeriphDriver/CH57x_sys.c:113 (discriminator 1)
     c48:	2798                	lbu	a4,8(a5)
     c4a:	8b7d                	andi	a4,a4,31
c:\Users\seanw\Downloads\CH570D-Backscatter-V3\CH570D-Backscatter-V3\obj/../StdPeriphDriver/CH57x_sys.c:113 (discriminator 4)
     c4c:	01e85537          	lui	a0,0x1e85
     c50:	80050513          	addi	a0,a0,-2048 # 1e84800 <_data_lma+0x1e82470>
     c54:	b7d5                	j	c38 <GetSysClock+0x3c>

00000c56 <_write>:
_write():
c:\Users\seanw\Downloads\CH570D-Backscatter-V3\CH570D-Backscatter-V3\obj/../StdPeriphDriver/CH57x_sys.c:395

#ifdef DEBUG
int _write(int fd, char *buf, int size)
{
     c56:	8532                	mv	a0,a2
c:\Users\seanw\Downloads\CH570D-Backscatter-V3\CH570D-Backscatter-V3\obj/../StdPeriphDriver/CH57x_sys.c:397
    int i;
    for(i = 0; i < size; i++)
     c58:	4781                	li	a5,0
c:\Users\seanw\Downloads\CH570D-Backscatter-V3\CH570D-Backscatter-V3\obj/../StdPeriphDriver/CH57x_sys.c:399
    {
        while(R8_UART_TFC == UART_FIFO_SIZE)
     c5a:	40003737          	lui	a4,0x40003
     c5e:	46a1                	li	a3,8
c:\Users\seanw\Downloads\CH570D-Backscatter-V3\CH570D-Backscatter-V3\obj/../StdPeriphDriver/CH57x_sys.c:397 (discriminator 1)
    for(i = 0; i < size; i++)
     c60:	00a7c363          	blt	a5,a0,c66 <_write+0x10>
c:\Users\seanw\Downloads\CH570D-Backscatter-V3\CH570D-Backscatter-V3\obj/../StdPeriphDriver/CH57x_sys.c:404
        ;                  /* 等待数据发送 */
            R8_UART_THR = *buf++; /* 发送数据 */
    }
    return size;
}
     c64:	8082                	ret
c:\Users\seanw\Downloads\CH570D-Backscatter-V3\CH570D-Backscatter-V3\obj/../StdPeriphDriver/CH57x_sys.c:399 (discriminator 1)
        while(R8_UART_TFC == UART_FIFO_SIZE)
     c66:	40b74603          	lbu	a2,1035(a4) # 4000340b <_eusrstack+0x2000040b>
     c6a:	fed60ee3          	beq	a2,a3,c66 <_write+0x10>
c:\Users\seanw\Downloads\CH570D-Backscatter-V3\CH570D-Backscatter-V3\obj/../StdPeriphDriver/CH57x_sys.c:401 (discriminator 2)
            R8_UART_THR = *buf++; /* 发送数据 */
     c6e:	00f58633          	add	a2,a1,a5
     c72:	2210                	lbu	a2,0(a2)
c:\Users\seanw\Downloads\CH570D-Backscatter-V3\CH570D-Backscatter-V3\obj/../StdPeriphDriver/CH57x_sys.c:397 (discriminator 2)
    for(i = 0; i < size; i++)
     c74:	0785                	addi	a5,a5,1 # 40001001 <_eusrstack+0x1fffe001>
c:\Users\seanw\Downloads\CH570D-Backscatter-V3\CH570D-Backscatter-V3\obj/../StdPeriphDriver/CH57x_sys.c:401 (discriminator 2)
            R8_UART_THR = *buf++; /* 发送数据 */
     c76:	40c70423          	sb	a2,1032(a4)
c:\Users\seanw\Downloads\CH570D-Backscatter-V3\CH570D-Backscatter-V3\obj/../StdPeriphDriver/CH57x_sys.c:397 (discriminator 2)
    for(i = 0; i < size; i++)
     c7a:	b7dd                	j	c60 <_write+0xa>

00000c7c <_sbrk>:
_sbrk():
c:\Users\seanw\Downloads\CH570D-Backscatter-V3\CH570D-Backscatter-V3\obj/../StdPeriphDriver/CH57x_sys.c:421
void *_sbrk(ptrdiff_t incr)
{
    extern char _end[];
    static char *curbrk = _end;

    if ((curbrk + incr < _end) || ((uint32_t)curbrk + incr > (__get_SP() - 64)))
     c7c:	20000697          	auipc	a3,0x20000
     c80:	c0c68693          	addi	a3,a3,-1012 # 20000888 <curbrk.0>
c:\Users\seanw\Downloads\CH570D-Backscatter-V3\CH570D-Backscatter-V3\obj/../StdPeriphDriver/CH57x_sys.c:417
{
     c84:	87aa                	mv	a5,a0
c:\Users\seanw\Downloads\CH570D-Backscatter-V3\CH570D-Backscatter-V3\obj/../StdPeriphDriver/CH57x_sys.c:421
    if ((curbrk + incr < _end) || ((uint32_t)curbrk + incr > (__get_SP() - 64)))
     c86:	4288                	lw	a0,0(a3)
     c88:	b5018713          	addi	a4,gp,-1200 # 20000bd8 <_ebss>
     c8c:	97aa                	add	a5,a5,a0
     c8e:	00e7e963          	bltu	a5,a4,ca0 <_sbrk+0x24>
__get_SP():
c:/Users/seanw/Downloads/CH570D-Backscatter-V3/CH570D-Backscatter-V3/RVMSIS/core_riscv.h:630 (discriminator 1)
 */
__attribute__((always_inline)) RV_STATIC_INLINE uint32_t __get_SP(void)
{
    uint32_t result;

    __ASM volatile("mv %0," "sp" : "=r"(result) :);
     c92:	870a                	mv	a4,sp
_sbrk():
c:\Users\seanw\Downloads\CH570D-Backscatter-V3\CH570D-Backscatter-V3\obj/../StdPeriphDriver/CH57x_sys.c:421 (discriminator 1)
     c94:	fc070713          	addi	a4,a4,-64
     c98:	00f76463          	bltu	a4,a5,ca0 <_sbrk+0x24>
c:\Users\seanw\Downloads\CH570D-Backscatter-V3\CH570D-Backscatter-V3\obj/../StdPeriphDriver/CH57x_sys.c:424
    return NULL - 1;

    curbrk += incr;
     c9c:	c29c                	sw	a5,0(a3)
c:\Users\seanw\Downloads\CH570D-Backscatter-V3\CH570D-Backscatter-V3\obj/../StdPeriphDriver/CH57x_sys.c:425
    return curbrk - incr;
     c9e:	8082                	ret
c:\Users\seanw\Downloads\CH570D-Backscatter-V3\CH570D-Backscatter-V3\obj/../StdPeriphDriver/CH57x_sys.c:422
    return NULL - 1;
     ca0:	557d                	li	a0,-1
c:\Users\seanw\Downloads\CH570D-Backscatter-V3\CH570D-Backscatter-V3\obj/../StdPeriphDriver/CH57x_sys.c:426
}
     ca2:	8082                	ret

00000ca4 <UART_BaudRateCfg>:
UART_BaudRateCfg():
c:\Users\seanw\Downloads\CH570D-Backscatter-V3\CH570D-Backscatter-V3\obj/../StdPeriphDriver/CH57x_uart.c:43
 * @param   baudrate    - 波特率
 *
 * @return  none
 */
void UART_BaudRateCfg(uint32_t baudrate)
{
     ca4:	1141                	addi	sp,sp,-16
     ca6:	c422                	sw	s0,8(sp)
     ca8:	c606                	sw	ra,12(sp)
     caa:	842a                	mv	s0,a0
c:\Users\seanw\Downloads\CH570D-Backscatter-V3\CH570D-Backscatter-V3\obj/../StdPeriphDriver/CH57x_uart.c:46
    uint32_t x;

    x = 10 * GetSysClock() / 8 / baudrate;
     cac:	3f81                	jal	bfc <GetSysClock>
     cae:	4729                	li	a4,10
     cb0:	02e507b3          	mul	a5,a0,a4
c:\Users\seanw\Downloads\CH570D-Backscatter-V3\CH570D-Backscatter-V3\obj/../StdPeriphDriver/CH57x_uart.c:49
    x = (x + 5) / 10;
    R16_UART_DL = (uint16_t)x;
}
     cb4:	40b2                	lw	ra,12(sp)
c:\Users\seanw\Downloads\CH570D-Backscatter-V3\CH570D-Backscatter-V3\obj/../StdPeriphDriver/CH57x_uart.c:46
    x = 10 * GetSysClock() / 8 / baudrate;
     cb6:	838d                	srli	a5,a5,0x3
     cb8:	0287d7b3          	divu	a5,a5,s0
c:\Users\seanw\Downloads\CH570D-Backscatter-V3\CH570D-Backscatter-V3\obj/../StdPeriphDriver/CH57x_uart.c:49
}
     cbc:	4422                	lw	s0,8(sp)
c:\Users\seanw\Downloads\CH570D-Backscatter-V3\CH570D-Backscatter-V3\obj/../StdPeriphDriver/CH57x_uart.c:47
    x = (x + 5) / 10;
     cbe:	0795                	addi	a5,a5,5
     cc0:	02e7d7b3          	divu	a5,a5,a4
c:\Users\seanw\Downloads\CH570D-Backscatter-V3\CH570D-Backscatter-V3\obj/../StdPeriphDriver/CH57x_uart.c:48
    R16_UART_DL = (uint16_t)x;
     cc4:	40003737          	lui	a4,0x40003
     cc8:	0807c7b3          	zext.h	a5,a5
     ccc:	40f71623          	sh	a5,1036(a4) # 4000340c <_eusrstack+0x2000040c>
c:\Users\seanw\Downloads\CH570D-Backscatter-V3\CH570D-Backscatter-V3\obj/../StdPeriphDriver/CH57x_uart.c:49
}
     cd0:	0141                	addi	sp,sp,16
     cd2:	8082                	ret

00000cd4 <UART_DefInit>:
UART_DefInit():
c:\Users\seanw\Downloads\CH570D-Backscatter-V3\CH570D-Backscatter-V3\obj/../StdPeriphDriver/CH57x_uart.c:26
    UART_BaudRateCfg(115200);
     cd4:	6571                	lui	a0,0x1c
c:\Users\seanw\Downloads\CH570D-Backscatter-V3\CH570D-Backscatter-V3\obj/../StdPeriphDriver/CH57x_uart.c:25
{
     cd6:	1141                	addi	sp,sp,-16
c:\Users\seanw\Downloads\CH570D-Backscatter-V3\CH570D-Backscatter-V3\obj/../StdPeriphDriver/CH57x_uart.c:26
    UART_BaudRateCfg(115200);
     cd8:	20050513          	addi	a0,a0,512 # 1c200 <_data_lma+0x19e70>
c:\Users\seanw\Downloads\CH570D-Backscatter-V3\CH570D-Backscatter-V3\obj/../StdPeriphDriver/CH57x_uart.c:25
{
     cdc:	c606                	sw	ra,12(sp)
c:\Users\seanw\Downloads\CH570D-Backscatter-V3\CH570D-Backscatter-V3\obj/../StdPeriphDriver/CH57x_uart.c:26
    UART_BaudRateCfg(115200);
     cde:	37d9                	jal	ca4 <UART_BaudRateCfg>
c:\Users\seanw\Downloads\CH570D-Backscatter-V3\CH570D-Backscatter-V3\obj/../StdPeriphDriver/CH57x_uart.c:27
    R8_UART_FCR = (2 << 6) | RB_FCR_FIFO_EN; // FIFO打开，触发点4字节
     ce0:	400037b7          	lui	a5,0x40003
     ce4:	f8100713          	li	a4,-127
     ce8:	40e78123          	sb	a4,1026(a5) # 40003402 <_eusrstack+0x20000402>
c:\Users\seanw\Downloads\CH570D-Backscatter-V3\CH570D-Backscatter-V3\obj/../StdPeriphDriver/CH57x_uart.c:28
    R8_UART_LCR = RB_LCR_WORD_SZ;
     cec:	470d                	li	a4,3
     cee:	40e781a3          	sb	a4,1027(a5)
c:\Users\seanw\Downloads\CH570D-Backscatter-V3\CH570D-Backscatter-V3\obj/../StdPeriphDriver/CH57x_uart.c:29
    R8_UART_IER = RB_IER_TXD_EN;
     cf2:	04000713          	li	a4,64
     cf6:	40e780a3          	sb	a4,1025(a5)
c:\Users\seanw\Downloads\CH570D-Backscatter-V3\CH570D-Backscatter-V3\obj/../StdPeriphDriver/CH57x_uart.c:30
    R8_UART_DIV = 1;
     cfa:	4705                	li	a4,1
     cfc:	40e78723          	sb	a4,1038(a5)
c:\Users\seanw\Downloads\CH570D-Backscatter-V3\CH570D-Backscatter-V3\obj/../StdPeriphDriver/CH57x_uart.c:31
}
     d00:	40b2                	lw	ra,12(sp)
     d02:	0141                	addi	sp,sp,16
     d04:	8082                	ret

00000d06 <UART_Remap>:
UART_Remap():
c:\Users\seanw\Downloads\CH570D-Backscatter-V3\CH570D-Backscatter-V3\obj/../StdPeriphDriver/CH57x_uart.c:153
 */
void UART_Remap(FunctionalState s, UARTTxPinRemapDef u_tx, UARTRxPinRemapDef u_rx)
{
    if(s)
    {
        R16_PIN_ALTERNATE_H &= ~(RB_UART_TXD | RB_UART_RXD); // 该寄存器仅在上电复位和ShutDown睡眠时清0
     d06:	40001737          	lui	a4,0x40001
     d0a:	2f3e                	lhu	a5,26(a4)
     d0c:	0807c7b3          	zext.h	a5,a5
     d10:	fc07f793          	andi	a5,a5,-64
     d14:	0807c7b3          	zext.h	a5,a5
     d18:	af3e                	sh	a5,26(a4)
c:\Users\seanw\Downloads\CH570D-Backscatter-V3\CH570D-Backscatter-V3\obj/../StdPeriphDriver/CH57x_uart.c:151
    if(s)
     d1a:	c909                	beqz	a0,d2c <UART_Remap+0x26>
c:\Users\seanw\Downloads\CH570D-Backscatter-V3\CH570D-Backscatter-V3\obj/../StdPeriphDriver/CH57x_uart.c:154
        R16_PIN_ALTERNATE_H |= (u_tx << 3) | u_rx;
     d1c:	2f3e                	lhu	a5,26(a4)
     d1e:	058e                	slli	a1,a1,0x3
     d20:	8e5d                	or	a2,a2,a5
     d22:	8dd1                	or	a1,a1,a2
     d24:	0805c5b3          	zext.h	a1,a1
     d28:	af2e                	sh	a1,26(a4)
     d2a:	8082                	ret
c:\Users\seanw\Downloads\CH570D-Backscatter-V3\CH570D-Backscatter-V3\obj/../StdPeriphDriver/CH57x_uart.c:160
    }
    else
    {
        R16_PIN_ALTERNATE_H &= ~(RB_UART_TXD | RB_UART_RXD);
    }
}
     d2c:	8082                	ret

00000d2e <FLASH_EEPROM_CMD>:
FLASH_EEPROM_CMD():
     d2e:	1101                	addi	sp,sp,-32
     d30:	872a                	mv	a4,a0
     d32:	ce06                	sw	ra,28(sp)
     d34:	852e                	mv	a0,a1
     d36:	cc26                	sw	s1,24(sp)
     d38:	85b2                	mv	a1,a2
     d3a:	ca4a                	sw	s2,20(sp)
     d3c:	8636                	mv	a2,a3
     d3e:	c622                	sw	s0,12(sp)
     d40:	40002437          	lui	s0,0x40002
     d44:	e000e7b7          	lui	a5,0xe000e
     d48:	56fd                	li	a3,-1
     d4a:	0007a903          	lw	s2,0(a5) # e000e000 <_eusrstack+0xc000b000>
     d4e:	43c4                	lw	s1,4(a5)
     d50:	18d7a023          	sw	a3,384(a5)
     d54:	18d7a223          	sw	a3,388(a5)
     d58:	fff70793          	addi	a5,a4,-1 # 40000fff <_eusrstack+0x1fffdfff>
     d5c:	0ff7f793          	zext.b	a5,a5
     d60:	4809                	li	a6,2
     d62:	08f86a63          	bltu	a6,a5,df6 <FLASH_EEPROM_CMD+0xc8>
     d66:	400017b7          	lui	a5,0x40001
     d6a:	0457c783          	lbu	a5,69(a5) # 40001045 <_eusrstack+0x1fffe045>
     d6e:	0003c8b7          	lui	a7,0x3c
     d72:	57f9                	li	a5,-2
     d74:	05157463          	bgeu	a0,a7,dbc <FLASH_EEPROM_CMD+0x8e>
     d78:	00c506b3          	add	a3,a0,a2
     d7c:	04d8e063          	bltu	a7,a3,dbc <FLASH_EEPROM_CMD+0x8e>
     d80:	05071463          	bne	a4,a6,dc8 <FLASH_EEPROM_CMD+0x9a>
     d84:	8209                	srli	a2,a2,0x2
     d86:	20000097          	auipc	ra,0x20000
     d8a:	8aa080e7          	jalr	-1878(ra) # 20000630 <FLASH_CMD_ROM_WRITE>
     d8e:	87aa                	mv	a5,a0
     d90:	40001737          	lui	a4,0x40001
     d94:	05700693          	li	a3,87
     d98:	04d70023          	sb	a3,64(a4) # 40001040 <_eusrstack+0x1fffe040>
     d9c:	fa800693          	li	a3,-88
     da0:	04d70023          	sb	a3,64(a4)
     da4:	04474683          	lbu	a3,68(a4)
     da8:	8ac1                	andi	a3,a3,16
     daa:	04d70223          	sb	a3,68(a4)
     dae:	e000e737          	lui	a4,0xe000e
     db2:	11272023          	sw	s2,256(a4) # e000e100 <_eusrstack+0xc000b100>
     db6:	10972223          	sw	s1,260(a4)
     dba:	4432                	lw	s0,12(sp)
     dbc:	40f2                	lw	ra,28(sp)
     dbe:	44e2                	lw	s1,24(sp)
     dc0:	4952                	lw	s2,20(sp)
     dc2:	853e                	mv	a0,a5
     dc4:	6105                	addi	sp,sp,32
     dc6:	8082                	ret
     dc8:	4785                	li	a5,1
     dca:	00f71f63          	bne	a4,a5,de8 <FLASH_EEPROM_CMD+0xba>
     dce:	6785                	lui	a5,0x1
     dd0:	17fd                	addi	a5,a5,-1 # fff <_puts_r+0x89>
     dd2:	963e                	add	a2,a2,a5
     dd4:	8fe9                	and	a5,a5,a0
     dd6:	963e                	add	a2,a2,a5
     dd8:	77fd                	lui	a5,0xfffff
     dda:	8e7d                	and	a2,a2,a5
     ddc:	8d7d                	and	a0,a0,a5
     dde:	20000097          	auipc	ra,0x20000
     de2:	8b2080e7          	jalr	-1870(ra) # 20000690 <FLASH_CMD_ROM_ERASE>
     de6:	b765                	j	d8e <FLASH_EEPROM_CMD+0x60>
     de8:	20000097          	auipc	ra,0x20000
     dec:	91a080e7          	jalr	-1766(ra) # 20000702 <FLASH_CMD_ROM_VERIFY>
     df0:	00150793          	addi	a5,a0,1
     df4:	bf71                	j	d90 <FLASH_EEPROM_CMD+0x62>
     df6:	47b5                	li	a5,13
     df8:	00f71a63          	bne	a4,a5,e0c <FLASH_EEPROM_CMD+0xde>
     dfc:	0b900513          	li	a0,185
     e00:	20000097          	auipc	ra,0x20000
     e04:	952080e7          	jalr	-1710(ra) # 20000752 <FLASH_CMD_ROM_PWR>
     e08:	4781                	li	a5,0
     e0a:	b759                	j	d90 <FLASH_EEPROM_CMD+0x62>
     e0c:	47b1                	li	a5,12
     e0e:	00f71563          	bne	a4,a5,e18 <FLASH_EEPROM_CMD+0xea>
     e12:	0ab00513          	li	a0,171
     e16:	b7ed                	j	e00 <FLASH_EEPROM_CMD+0xd2>
     e18:	4799                	li	a5,6
     e1a:	00f71763          	bne	a4,a5,e28 <FLASH_EEPROM_CMD+0xfa>
     e1e:	20000097          	auipc	ra,0x20000
     e22:	946080e7          	jalr	-1722(ra) # 20000764 <FLASH_CMD_GET_ROM_INFO>
     e26:	b7cd                	j	e08 <FLASH_EEPROM_CMD+0xda>
     e28:	479d                	li	a5,7
     e2a:	00f71b63          	bne	a4,a5,e40 <FLASH_EEPROM_CMD+0x112>
     e2e:	0005a023          	sw	zero,0(a1)
     e32:	0005a223          	sw	zero,4(a1)
     e36:	20000097          	auipc	ra,0x20000
     e3a:	988080e7          	jalr	-1656(ra) # 200007be <FLASH_CMD_GET_UNIQUE_ID>
     e3e:	b7e9                	j	e08 <FLASH_EEPROM_CMD+0xda>
     e40:	4791                	li	a5,4
     e42:	00f71763          	bne	a4,a5,e50 <FLASH_EEPROM_CMD+0x122>
     e46:	20000097          	auipc	ra,0x20000
     e4a:	9b6080e7          	jalr	-1610(ra) # 200007fc <FLASH_CMD_ROM_SW_RESET>
     e4e:	bf6d                	j	e08 <FLASH_EEPROM_CMD+0xda>
     e50:	4781                	li	a5,0
     e52:	df1d                	beqz	a4,d90 <FLASH_EEPROM_CMD+0x62>
     e54:	57f1                	li	a5,-4
     e56:	bf2d                	j	d90 <FLASH_EEPROM_CMD+0x62>

00000e58 <iprintf>:
printf():
     e58:	715d                	addi	sp,sp,-80
     e5a:	d422                	sw	s0,40(sp)
     e5c:	d606                	sw	ra,44(sp)
     e5e:	842a                	mv	s0,a0
     e60:	da2e                	sw	a1,52(sp)
     e62:	dc32                	sw	a2,56(sp)
     e64:	de36                	sw	a3,60(sp)
     e66:	c0ba                	sw	a4,64(sp)
     e68:	c2be                	sw	a5,68(sp)
     e6a:	c4c2                	sw	a6,72(sp)
     e6c:	c6c6                	sw	a7,76(sp)
     e6e:	20000517          	auipc	a0,0x20000
     e72:	a1e52503          	lw	a0,-1506(a0) # 2000088c <_impure_ptr>
     e76:	c511                	beqz	a0,e82 <iprintf+0x2a>
     e78:	4d1c                	lw	a5,24(a0)
     e7a:	e781                	bnez	a5,e82 <iprintf+0x2a>
     e7c:	c62a                	sw	a0,12(sp)
     e7e:	2d35                	jal	14ba <__sinit>
     e80:	4532                	lw	a0,12(sp)
     e82:	450c                	lw	a1,8(a0)
     e84:	1854                	addi	a3,sp,52
     e86:	8622                	mv	a2,s0
     e88:	ce36                	sw	a3,28(sp)
     e8a:	2f3000ef          	jal	ra,197c <_vfiprintf_r>
     e8e:	50b2                	lw	ra,44(sp)
     e90:	5422                	lw	s0,40(sp)
     e92:	6161                	addi	sp,sp,80
     e94:	8082                	ret

00000e96 <putchar>:
putchar():
     e96:	85aa                	mv	a1,a0
     e98:	20000517          	auipc	a0,0x20000
     e9c:	9f452503          	lw	a0,-1548(a0) # 2000088c <_impure_ptr>
     ea0:	cd11                	beqz	a0,ebc <putchar+0x26>
     ea2:	4d1c                	lw	a5,24(a0)
     ea4:	ef81                	bnez	a5,ebc <putchar+0x26>
     ea6:	1101                	addi	sp,sp,-32
     ea8:	ce06                	sw	ra,28(sp)
     eaa:	c62e                	sw	a1,12(sp)
     eac:	c42a                	sw	a0,8(sp)
     eae:	2531                	jal	14ba <__sinit>
     eb0:	4522                	lw	a0,8(sp)
     eb2:	45b2                	lw	a1,12(sp)
     eb4:	40f2                	lw	ra,28(sp)
     eb6:	4510                	lw	a2,8(a0)
     eb8:	6105                	addi	sp,sp,32
     eba:	a019                	j	ec0 <_putc_r>
     ebc:	4510                	lw	a2,8(a0)
     ebe:	bff5                	j	eba <putchar+0x24>

00000ec0 <_putc_r>:
_putc_r():
     ec0:	1141                	addi	sp,sp,-16
     ec2:	c422                	sw	s0,8(sp)
     ec4:	c226                	sw	s1,4(sp)
     ec6:	c04a                	sw	s2,0(sp)
     ec8:	c606                	sw	ra,12(sp)
     eca:	892a                	mv	s2,a0
     ecc:	84ae                	mv	s1,a1
     ece:	8432                	mv	s0,a2
     ed0:	c501                	beqz	a0,ed8 <_putc_r+0x18>
     ed2:	4d1c                	lw	a5,24(a0)
     ed4:	e391                	bnez	a5,ed8 <_putc_r+0x18>
     ed6:	23d5                	jal	14ba <__sinit>
     ed8:	00001797          	auipc	a5,0x1
     edc:	40078793          	addi	a5,a5,1024 # 22d8 <__sf_fake_stdin>
     ee0:	06f41363          	bne	s0,a5,f46 <_putc_r+0x86>
     ee4:	00492403          	lw	s0,4(s2)
     ee8:	507c                	lw	a5,100(s0)
     eea:	8b85                	andi	a5,a5,1
     eec:	eb81                	bnez	a5,efc <_putc_r+0x3c>
     eee:	245e                	lhu	a5,12(s0)
     ef0:	2007f793          	andi	a5,a5,512
     ef4:	e781                	bnez	a5,efc <_putc_r+0x3c>
     ef6:	4c28                	lw	a0,88(s0)
     ef8:	73a000ef          	jal	ra,1632 <__retarget_lock_acquire_recursive>
     efc:	441c                	lw	a5,8(s0)
     efe:	17fd                	addi	a5,a5,-1
     f00:	c41c                	sw	a5,8(s0)
     f02:	0007da63          	bgez	a5,f16 <_putc_r+0x56>
     f06:	4c18                	lw	a4,24(s0)
     f08:	06e7c163          	blt	a5,a4,f6a <_putc_r+0xaa>
     f0c:	0ff4f793          	zext.b	a5,s1
     f10:	4729                	li	a4,10
     f12:	04e78c63          	beq	a5,a4,f6a <_putc_r+0xaa>
     f16:	401c                	lw	a5,0(s0)
     f18:	00178713          	addi	a4,a5,1
     f1c:	c018                	sw	a4,0(s0)
     f1e:	a384                	sb	s1,0(a5)
     f20:	0ff4f493          	zext.b	s1,s1
     f24:	507c                	lw	a5,100(s0)
     f26:	8b85                	andi	a5,a5,1
     f28:	eb81                	bnez	a5,f38 <_putc_r+0x78>
     f2a:	245e                	lhu	a5,12(s0)
     f2c:	2007f793          	andi	a5,a5,512
     f30:	e781                	bnez	a5,f38 <_putc_r+0x78>
     f32:	4c28                	lw	a0,88(s0)
     f34:	700000ef          	jal	ra,1634 <__retarget_lock_release_recursive>
     f38:	40b2                	lw	ra,12(sp)
     f3a:	4422                	lw	s0,8(sp)
     f3c:	4902                	lw	s2,0(sp)
     f3e:	8526                	mv	a0,s1
     f40:	4492                	lw	s1,4(sp)
     f42:	0141                	addi	sp,sp,16
     f44:	8082                	ret
     f46:	00001797          	auipc	a5,0x1
     f4a:	37278793          	addi	a5,a5,882 # 22b8 <__sf_fake_stdout>
     f4e:	00f41563          	bne	s0,a5,f58 <_putc_r+0x98>
     f52:	00892403          	lw	s0,8(s2)
     f56:	bf49                	j	ee8 <_putc_r+0x28>
     f58:	00001797          	auipc	a5,0x1
     f5c:	34078793          	addi	a5,a5,832 # 2298 <__sf_fake_stderr>
     f60:	f8f414e3          	bne	s0,a5,ee8 <_putc_r+0x28>
     f64:	00c92403          	lw	s0,12(s2)
     f68:	b741                	j	ee8 <_putc_r+0x28>
     f6a:	85a6                	mv	a1,s1
     f6c:	8622                	mv	a2,s0
     f6e:	854a                	mv	a0,s2
     f70:	2a19                	jal	1086 <__swbuf_r>
     f72:	84aa                	mv	s1,a0
     f74:	bf45                	j	f24 <_putc_r+0x64>

00000f76 <_puts_r>:
_puts_r():
     f76:	1101                	addi	sp,sp,-32
     f78:	ca26                	sw	s1,20(sp)
     f7a:	ce06                	sw	ra,28(sp)
     f7c:	cc22                	sw	s0,24(sp)
     f7e:	c84a                	sw	s2,16(sp)
     f80:	c64e                	sw	s3,12(sp)
     f82:	c452                	sw	s4,8(sp)
     f84:	84aa                	mv	s1,a0
     f86:	e119                	bnez	a0,f8c <_puts_r+0x16>
     f88:	451c                	lw	a5,8(a0)
     f8a:	9002                	ebreak
     f8c:	4d1c                	lw	a5,24(a0)
     f8e:	892e                	mv	s2,a1
     f90:	e3ad                	bnez	a5,ff2 <_puts_r+0x7c>
     f92:	2325                	jal	14ba <__sinit>
     f94:	4c9c                	lw	a5,24(s1)
     f96:	4480                	lw	s0,8(s1)
     f98:	cfb9                	beqz	a5,ff6 <_puts_r+0x80>
     f9a:	00001797          	auipc	a5,0x1
     f9e:	33e78793          	addi	a5,a5,830 # 22d8 <__sf_fake_stdin>
     fa2:	04f41d63          	bne	s0,a5,ffc <_puts_r+0x86>
     fa6:	40c0                	lw	s0,4(s1)
     fa8:	507c                	lw	a5,100(s0)
     faa:	8b85                	andi	a5,a5,1
     fac:	e799                	bnez	a5,fba <_puts_r+0x44>
     fae:	245e                	lhu	a5,12(s0)
     fb0:	2007f793          	andi	a5,a5,512
     fb4:	e399                	bnez	a5,fba <_puts_r+0x44>
     fb6:	4c28                	lw	a0,88(s0)
     fb8:	2dad                	jal	1632 <__retarget_lock_acquire_recursive>
     fba:	245e                	lhu	a5,12(s0)
     fbc:	8ba1                	andi	a5,a5,8
     fbe:	c399                	beqz	a5,fc4 <_puts_r+0x4e>
     fc0:	481c                	lw	a5,16(s0)
     fc2:	e3d5                	bnez	a5,1066 <_puts_r+0xf0>
     fc4:	85a2                	mv	a1,s0
     fc6:	8526                	mv	a0,s1
     fc8:	2aad                	jal	1142 <__swsetup_r>
     fca:	cd51                	beqz	a0,1066 <_puts_r+0xf0>
     fcc:	54fd                	li	s1,-1
     fce:	507c                	lw	a5,100(s0)
     fd0:	8b85                	andi	a5,a5,1
     fd2:	e799                	bnez	a5,fe0 <_puts_r+0x6a>
     fd4:	245e                	lhu	a5,12(s0)
     fd6:	2007f793          	andi	a5,a5,512
     fda:	e399                	bnez	a5,fe0 <_puts_r+0x6a>
     fdc:	4c28                	lw	a0,88(s0)
     fde:	2d99                	jal	1634 <__retarget_lock_release_recursive>
     fe0:	40f2                	lw	ra,28(sp)
     fe2:	4462                	lw	s0,24(sp)
     fe4:	4942                	lw	s2,16(sp)
     fe6:	49b2                	lw	s3,12(sp)
     fe8:	4a22                	lw	s4,8(sp)
     fea:	8526                	mv	a0,s1
     fec:	44d2                	lw	s1,20(sp)
     fee:	6105                	addi	sp,sp,32
     ff0:	8082                	ret
     ff2:	4500                	lw	s0,8(a0)
     ff4:	b75d                	j	f9a <_puts_r+0x24>
     ff6:	8526                	mv	a0,s1
     ff8:	21c9                	jal	14ba <__sinit>
     ffa:	b745                	j	f9a <_puts_r+0x24>
     ffc:	00001797          	auipc	a5,0x1
    1000:	2bc78793          	addi	a5,a5,700 # 22b8 <__sf_fake_stdout>
    1004:	00f41463          	bne	s0,a5,100c <_puts_r+0x96>
    1008:	4480                	lw	s0,8(s1)
    100a:	bf79                	j	fa8 <_puts_r+0x32>
    100c:	00001797          	auipc	a5,0x1
    1010:	28c78793          	addi	a5,a5,652 # 2298 <__sf_fake_stderr>
    1014:	f8f41ae3          	bne	s0,a5,fa8 <_puts_r+0x32>
    1018:	44c0                	lw	s0,12(s1)
    101a:	b779                	j	fa8 <_puts_r+0x32>
    101c:	c41c                	sw	a5,8(s0)
    101e:	0905                	addi	s2,s2,1
    1020:	0207c863          	bltz	a5,1050 <_puts_r+0xda>
    1024:	401c                	lw	a5,0(s0)
    1026:	00178713          	addi	a4,a5,1
    102a:	c018                	sw	a4,0(s0)
    102c:	a38c                	sb	a1,0(a5)
    102e:	441c                	lw	a5,8(s0)
    1030:	00094583          	lbu	a1,0(s2)
    1034:	17fd                	addi	a5,a5,-1
    1036:	f1fd                	bnez	a1,101c <_puts_r+0xa6>
    1038:	c41c                	sw	a5,8(s0)
    103a:	0207d963          	bgez	a5,106c <_puts_r+0xf6>
    103e:	8622                	mv	a2,s0
    1040:	45a9                	li	a1,10
    1042:	8526                	mv	a0,s1
    1044:	2089                	jal	1086 <__swbuf_r>
    1046:	57fd                	li	a5,-1
    1048:	f8f502e3          	beq	a0,a5,fcc <_puts_r+0x56>
    104c:	44a9                	li	s1,10
    104e:	b741                	j	fce <_puts_r+0x58>
    1050:	4c18                	lw	a4,24(s0)
    1052:	00e7c463          	blt	a5,a4,105a <_puts_r+0xe4>
    1056:	fd4597e3          	bne	a1,s4,1024 <_puts_r+0xae>
    105a:	8622                	mv	a2,s0
    105c:	8526                	mv	a0,s1
    105e:	2025                	jal	1086 <__swbuf_r>
    1060:	fd3517e3          	bne	a0,s3,102e <_puts_r+0xb8>
    1064:	b7a5                	j	fcc <_puts_r+0x56>
    1066:	59fd                	li	s3,-1
    1068:	4a29                	li	s4,10
    106a:	b7d1                	j	102e <_puts_r+0xb8>
    106c:	401c                	lw	a5,0(s0)
    106e:	00178713          	addi	a4,a5,1
    1072:	c018                	sw	a4,0(s0)
    1074:	4729                	li	a4,10
    1076:	a398                	sb	a4,0(a5)
    1078:	bfd1                	j	104c <_puts_r+0xd6>

0000107a <puts>:
puts():
    107a:	85aa                	mv	a1,a0
    107c:	20000517          	auipc	a0,0x20000
    1080:	81052503          	lw	a0,-2032(a0) # 2000088c <_impure_ptr>
    1084:	bdcd                	j	f76 <_puts_r>

00001086 <__swbuf_r>:
__swbuf_r():
    1086:	1101                	addi	sp,sp,-32
    1088:	cc22                	sw	s0,24(sp)
    108a:	ca26                	sw	s1,20(sp)
    108c:	c84a                	sw	s2,16(sp)
    108e:	ce06                	sw	ra,28(sp)
    1090:	c64e                	sw	s3,12(sp)
    1092:	84aa                	mv	s1,a0
    1094:	892e                	mv	s2,a1
    1096:	8432                	mv	s0,a2
    1098:	c501                	beqz	a0,10a0 <__swbuf_r+0x1a>
    109a:	4d1c                	lw	a5,24(a0)
    109c:	e391                	bnez	a5,10a0 <__swbuf_r+0x1a>
    109e:	2931                	jal	14ba <__sinit>
    10a0:	00001797          	auipc	a5,0x1
    10a4:	23878793          	addi	a5,a5,568 # 22d8 <__sf_fake_stdin>
    10a8:	02f41763          	bne	s0,a5,10d6 <__swbuf_r+0x50>
    10ac:	40c0                	lw	s0,4(s1)
    10ae:	4c1c                	lw	a5,24(s0)
    10b0:	c41c                	sw	a5,8(s0)
    10b2:	245e                	lhu	a5,12(s0)
    10b4:	8ba1                	andi	a5,a5,8
    10b6:	c399                	beqz	a5,10bc <__swbuf_r+0x36>
    10b8:	481c                	lw	a5,16(s0)
    10ba:	ef95                	bnez	a5,10f6 <__swbuf_r+0x70>
    10bc:	85a2                	mv	a1,s0
    10be:	8526                	mv	a0,s1
    10c0:	2049                	jal	1142 <__swsetup_r>
    10c2:	c915                	beqz	a0,10f6 <__swbuf_r+0x70>
    10c4:	597d                	li	s2,-1
    10c6:	40f2                	lw	ra,28(sp)
    10c8:	4462                	lw	s0,24(sp)
    10ca:	44d2                	lw	s1,20(sp)
    10cc:	49b2                	lw	s3,12(sp)
    10ce:	854a                	mv	a0,s2
    10d0:	4942                	lw	s2,16(sp)
    10d2:	6105                	addi	sp,sp,32
    10d4:	8082                	ret
    10d6:	00001797          	auipc	a5,0x1
    10da:	1e278793          	addi	a5,a5,482 # 22b8 <__sf_fake_stdout>
    10de:	00f41463          	bne	s0,a5,10e6 <__swbuf_r+0x60>
    10e2:	4480                	lw	s0,8(s1)
    10e4:	b7e9                	j	10ae <__swbuf_r+0x28>
    10e6:	00001797          	auipc	a5,0x1
    10ea:	1b278793          	addi	a5,a5,434 # 2298 <__sf_fake_stderr>
    10ee:	fcf410e3          	bne	s0,a5,10ae <__swbuf_r+0x28>
    10f2:	44c0                	lw	s0,12(s1)
    10f4:	bf6d                	j	10ae <__swbuf_r+0x28>
    10f6:	481c                	lw	a5,16(s0)
    10f8:	4008                	lw	a0,0(s0)
    10fa:	0ff97993          	zext.b	s3,s2
    10fe:	0ff97913          	zext.b	s2,s2
    1102:	8d1d                	sub	a0,a0,a5
    1104:	485c                	lw	a5,20(s0)
    1106:	00f54663          	blt	a0,a5,1112 <__swbuf_r+0x8c>
    110a:	85a2                	mv	a1,s0
    110c:	8526                	mv	a0,s1
    110e:	2ca1                	jal	1366 <_fflush_r>
    1110:	f955                	bnez	a0,10c4 <__swbuf_r+0x3e>
    1112:	441c                	lw	a5,8(s0)
    1114:	0505                	addi	a0,a0,1
    1116:	17fd                	addi	a5,a5,-1
    1118:	c41c                	sw	a5,8(s0)
    111a:	401c                	lw	a5,0(s0)
    111c:	00178713          	addi	a4,a5,1
    1120:	c018                	sw	a4,0(s0)
    1122:	01378023          	sb	s3,0(a5)
    1126:	485c                	lw	a5,20(s0)
    1128:	00a78863          	beq	a5,a0,1138 <__swbuf_r+0xb2>
    112c:	245e                	lhu	a5,12(s0)
    112e:	8b85                	andi	a5,a5,1
    1130:	dbd9                	beqz	a5,10c6 <__swbuf_r+0x40>
    1132:	47a9                	li	a5,10
    1134:	f8f919e3          	bne	s2,a5,10c6 <__swbuf_r+0x40>
    1138:	85a2                	mv	a1,s0
    113a:	8526                	mv	a0,s1
    113c:	242d                	jal	1366 <_fflush_r>
    113e:	d541                	beqz	a0,10c6 <__swbuf_r+0x40>
    1140:	b751                	j	10c4 <__swbuf_r+0x3e>

00001142 <__swsetup_r>:
__swsetup_r():
    1142:	1141                	addi	sp,sp,-16
    1144:	c422                	sw	s0,8(sp)
    1146:	c226                	sw	s1,4(sp)
    1148:	c04a                	sw	s2,0(sp)
    114a:	c606                	sw	ra,12(sp)
    114c:	1ffff497          	auipc	s1,0x1ffff
    1150:	7404a483          	lw	s1,1856(s1) # 2000088c <_impure_ptr>
    1154:	892a                	mv	s2,a0
    1156:	842e                	mv	s0,a1
    1158:	c489                	beqz	s1,1162 <__swsetup_r+0x20>
    115a:	4c9c                	lw	a5,24(s1)
    115c:	e399                	bnez	a5,1162 <__swsetup_r+0x20>
    115e:	8526                	mv	a0,s1
    1160:	2ea9                	jal	14ba <__sinit>
    1162:	00001797          	auipc	a5,0x1
    1166:	17678793          	addi	a5,a5,374 # 22d8 <__sf_fake_stdin>
    116a:	02f41363          	bne	s0,a5,1190 <__swsetup_r+0x4e>
    116e:	40c0                	lw	s0,4(s1)
    1170:	00c41783          	lh	a5,12(s0) # 4000200c <_eusrstack+0x1ffff00c>
    1174:	0087f713          	andi	a4,a5,8
    1178:	e725                	bnez	a4,11e0 <__swsetup_r+0x9e>
    117a:	0107f713          	andi	a4,a5,16
    117e:	eb0d                	bnez	a4,11b0 <__swsetup_r+0x6e>
    1180:	4725                	li	a4,9
    1182:	00e92023          	sw	a4,0(s2)
    1186:	0407e793          	ori	a5,a5,64
    118a:	a45e                	sh	a5,12(s0)
    118c:	557d                	li	a0,-1
    118e:	a071                	j	121a <__swsetup_r+0xd8>
    1190:	00001797          	auipc	a5,0x1
    1194:	12878793          	addi	a5,a5,296 # 22b8 <__sf_fake_stdout>
    1198:	00f41463          	bne	s0,a5,11a0 <__swsetup_r+0x5e>
    119c:	4480                	lw	s0,8(s1)
    119e:	bfc9                	j	1170 <__swsetup_r+0x2e>
    11a0:	00001797          	auipc	a5,0x1
    11a4:	0f878793          	addi	a5,a5,248 # 2298 <__sf_fake_stderr>
    11a8:	fcf414e3          	bne	s0,a5,1170 <__swsetup_r+0x2e>
    11ac:	44c0                	lw	s0,12(s1)
    11ae:	b7c9                	j	1170 <__swsetup_r+0x2e>
    11b0:	8b91                	andi	a5,a5,4
    11b2:	c39d                	beqz	a5,11d8 <__swsetup_r+0x96>
    11b4:	584c                	lw	a1,52(s0)
    11b6:	c989                	beqz	a1,11c8 <__swsetup_r+0x86>
    11b8:	04440793          	addi	a5,s0,68
    11bc:	00f58463          	beq	a1,a5,11c4 <__swsetup_r+0x82>
    11c0:	854a                	mv	a0,s2
    11c2:	2bb9                	jal	1720 <_free_r>
    11c4:	02042a23          	sw	zero,52(s0)
    11c8:	245e                	lhu	a5,12(s0)
    11ca:	00042223          	sw	zero,4(s0)
    11ce:	fdb7f793          	andi	a5,a5,-37
    11d2:	a45e                	sh	a5,12(s0)
    11d4:	481c                	lw	a5,16(s0)
    11d6:	c01c                	sw	a5,0(s0)
    11d8:	245e                	lhu	a5,12(s0)
    11da:	0087e793          	ori	a5,a5,8
    11de:	a45e                	sh	a5,12(s0)
    11e0:	481c                	lw	a5,16(s0)
    11e2:	eb99                	bnez	a5,11f8 <__swsetup_r+0xb6>
    11e4:	245e                	lhu	a5,12(s0)
    11e6:	20000713          	li	a4,512
    11ea:	2807f793          	andi	a5,a5,640
    11ee:	00e78563          	beq	a5,a4,11f8 <__swsetup_r+0xb6>
    11f2:	85a2                	mv	a1,s0
    11f4:	854a                	mv	a0,s2
    11f6:	2961                	jal	168e <__smakebuf_r>
    11f8:	00c41783          	lh	a5,12(s0)
    11fc:	0017f713          	andi	a4,a5,1
    1200:	c31d                	beqz	a4,1226 <__swsetup_r+0xe4>
    1202:	4858                	lw	a4,20(s0)
    1204:	00042423          	sw	zero,8(s0)
    1208:	40e00733          	neg	a4,a4
    120c:	cc18                	sw	a4,24(s0)
    120e:	4818                	lw	a4,16(s0)
    1210:	4501                	li	a0,0
    1212:	e701                	bnez	a4,121a <__swsetup_r+0xd8>
    1214:	0807f713          	andi	a4,a5,128
    1218:	f73d                	bnez	a4,1186 <__swsetup_r+0x44>
    121a:	40b2                	lw	ra,12(sp)
    121c:	4422                	lw	s0,8(sp)
    121e:	4492                	lw	s1,4(sp)
    1220:	4902                	lw	s2,0(sp)
    1222:	0141                	addi	sp,sp,16
    1224:	8082                	ret
    1226:	0027f713          	andi	a4,a5,2
    122a:	4681                	li	a3,0
    122c:	e311                	bnez	a4,1230 <__swsetup_r+0xee>
    122e:	4854                	lw	a3,20(s0)
    1230:	c414                	sw	a3,8(s0)
    1232:	bff1                	j	120e <__swsetup_r+0xcc>

00001234 <__sflush_r>:
__sflush_r():
    1234:	00c59783          	lh	a5,12(a1)
    1238:	1101                	addi	sp,sp,-32
    123a:	cc22                	sw	s0,24(sp)
    123c:	ca26                	sw	s1,20(sp)
    123e:	ce06                	sw	ra,28(sp)
    1240:	c84a                	sw	s2,16(sp)
    1242:	c64e                	sw	s3,12(sp)
    1244:	0087f713          	andi	a4,a5,8
    1248:	84aa                	mv	s1,a0
    124a:	842e                	mv	s0,a1
    124c:	e379                	bnez	a4,1312 <__sflush_r+0xde>
    124e:	41d8                	lw	a4,4(a1)
    1250:	00e04563          	bgtz	a4,125a <__sflush_r+0x26>
    1254:	41b8                	lw	a4,64(a1)
    1256:	08e05663          	blez	a4,12e2 <__sflush_r+0xae>
    125a:	5458                	lw	a4,44(s0)
    125c:	c359                	beqz	a4,12e2 <__sflush_r+0xae>
    125e:	0004a903          	lw	s2,0(s1)
    1262:	0004a023          	sw	zero,0(s1)
    1266:	500c                	lw	a1,32(s0)
    1268:	48c7d793          	bexti	a5,a5,0xc
    126c:	cba9                	beqz	a5,12be <__sflush_r+0x8a>
    126e:	4870                	lw	a2,84(s0)
    1270:	245e                	lhu	a5,12(s0)
    1272:	8b91                	andi	a5,a5,4
    1274:	c799                	beqz	a5,1282 <__sflush_r+0x4e>
    1276:	405c                	lw	a5,4(s0)
    1278:	8e1d                	sub	a2,a2,a5
    127a:	585c                	lw	a5,52(s0)
    127c:	c399                	beqz	a5,1282 <__sflush_r+0x4e>
    127e:	403c                	lw	a5,64(s0)
    1280:	8e1d                	sub	a2,a2,a5
    1282:	545c                	lw	a5,44(s0)
    1284:	500c                	lw	a1,32(s0)
    1286:	4681                	li	a3,0
    1288:	8526                	mv	a0,s1
    128a:	9782                	jalr	a5
    128c:	57fd                	li	a5,-1
    128e:	04f50c63          	beq	a0,a5,12e6 <__sflush_r+0xb2>
    1292:	481c                	lw	a5,16(s0)
    1294:	6705                	lui	a4,0x1
    1296:	00042223          	sw	zero,4(s0)
    129a:	c01c                	sw	a5,0(s0)
    129c:	245e                	lhu	a5,12(s0)
    129e:	8ff9                	and	a5,a5,a4
    12a0:	c391                	beqz	a5,12a4 <__sflush_r+0x70>
    12a2:	c868                	sw	a0,84(s0)
    12a4:	584c                	lw	a1,52(s0)
    12a6:	0124a023          	sw	s2,0(s1)
    12aa:	cd85                	beqz	a1,12e2 <__sflush_r+0xae>
    12ac:	04440793          	addi	a5,s0,68
    12b0:	00f58463          	beq	a1,a5,12b8 <__sflush_r+0x84>
    12b4:	8526                	mv	a0,s1
    12b6:	21ad                	jal	1720 <_free_r>
    12b8:	02042a23          	sw	zero,52(s0)
    12bc:	a01d                	j	12e2 <__sflush_r+0xae>
    12be:	4601                	li	a2,0
    12c0:	4685                	li	a3,1
    12c2:	8526                	mv	a0,s1
    12c4:	9702                	jalr	a4
    12c6:	57fd                	li	a5,-1
    12c8:	862a                	mv	a2,a0
    12ca:	faf513e3          	bne	a0,a5,1270 <__sflush_r+0x3c>
    12ce:	409c                	lw	a5,0(s1)
    12d0:	d3c5                	beqz	a5,1270 <__sflush_r+0x3c>
    12d2:	4775                	li	a4,29
    12d4:	00e78563          	beq	a5,a4,12de <__sflush_r+0xaa>
    12d8:	4759                	li	a4,22
    12da:	06e79563          	bne	a5,a4,1344 <__sflush_r+0x110>
    12de:	0124a023          	sw	s2,0(s1)
    12e2:	4501                	li	a0,0
    12e4:	a0b5                	j	1350 <__sflush_r+0x11c>
    12e6:	4098                	lw	a4,0(s1)
    12e8:	00c41783          	lh	a5,12(s0)
    12ec:	cf01                	beqz	a4,1304 <__sflush_r+0xd0>
    12ee:	46f5                	li	a3,29
    12f0:	00d70563          	beq	a4,a3,12fa <__sflush_r+0xc6>
    12f4:	46d9                	li	a3,22
    12f6:	04d71963          	bne	a4,a3,1348 <__sflush_r+0x114>
    12fa:	481c                	lw	a5,16(s0)
    12fc:	00042223          	sw	zero,4(s0)
    1300:	c01c                	sw	a5,0(s0)
    1302:	b74d                	j	12a4 <__sflush_r+0x70>
    1304:	4818                	lw	a4,16(s0)
    1306:	00042223          	sw	zero,4(s0)
    130a:	48c7d793          	bexti	a5,a5,0xc
    130e:	c018                	sw	a4,0(s0)
    1310:	bf41                	j	12a0 <__sflush_r+0x6c>
    1312:	0105a983          	lw	s3,16(a1)
    1316:	fc0986e3          	beqz	s3,12e2 <__sflush_r+0xae>
    131a:	0005a903          	lw	s2,0(a1)
    131e:	8b8d                	andi	a5,a5,3
    1320:	0135a023          	sw	s3,0(a1)
    1324:	41390933          	sub	s2,s2,s3
    1328:	4701                	li	a4,0
    132a:	e391                	bnez	a5,132e <__sflush_r+0xfa>
    132c:	49d8                	lw	a4,20(a1)
    132e:	c418                	sw	a4,8(s0)
    1330:	fb2059e3          	blez	s2,12e2 <__sflush_r+0xae>
    1334:	541c                	lw	a5,40(s0)
    1336:	500c                	lw	a1,32(s0)
    1338:	86ca                	mv	a3,s2
    133a:	864e                	mv	a2,s3
    133c:	8526                	mv	a0,s1
    133e:	9782                	jalr	a5
    1340:	00a04f63          	bgtz	a0,135e <__sflush_r+0x12a>
    1344:	00c41783          	lh	a5,12(s0)
    1348:	0407e793          	ori	a5,a5,64
    134c:	a45e                	sh	a5,12(s0)
    134e:	557d                	li	a0,-1
    1350:	40f2                	lw	ra,28(sp)
    1352:	4462                	lw	s0,24(sp)
    1354:	44d2                	lw	s1,20(sp)
    1356:	4942                	lw	s2,16(sp)
    1358:	49b2                	lw	s3,12(sp)
    135a:	6105                	addi	sp,sp,32
    135c:	8082                	ret
    135e:	99aa                	add	s3,s3,a0
    1360:	40a90933          	sub	s2,s2,a0
    1364:	b7f1                	j	1330 <__sflush_r+0xfc>

00001366 <_fflush_r>:
_fflush_r():
    1366:	499c                	lw	a5,16(a1)
    1368:	1141                	addi	sp,sp,-16
    136a:	c606                	sw	ra,12(sp)
    136c:	c422                	sw	s0,8(sp)
    136e:	c226                	sw	s1,4(sp)
    1370:	eb81                	bnez	a5,1380 <_fflush_r+0x1a>
    1372:	4481                	li	s1,0
    1374:	40b2                	lw	ra,12(sp)
    1376:	4422                	lw	s0,8(sp)
    1378:	8526                	mv	a0,s1
    137a:	4492                	lw	s1,4(sp)
    137c:	0141                	addi	sp,sp,16
    137e:	8082                	ret
    1380:	84aa                	mv	s1,a0
    1382:	842e                	mv	s0,a1
    1384:	c501                	beqz	a0,138c <_fflush_r+0x26>
    1386:	4d1c                	lw	a5,24(a0)
    1388:	e391                	bnez	a5,138c <_fflush_r+0x26>
    138a:	2a05                	jal	14ba <__sinit>
    138c:	00001797          	auipc	a5,0x1
    1390:	f4c78793          	addi	a5,a5,-180 # 22d8 <__sf_fake_stdin>
    1394:	02f41c63          	bne	s0,a5,13cc <_fflush_r+0x66>
    1398:	40c0                	lw	s0,4(s1)
    139a:	00c41783          	lh	a5,12(s0)
    139e:	dbf1                	beqz	a5,1372 <_fflush_r+0xc>
    13a0:	5078                	lw	a4,100(s0)
    13a2:	8b05                	andi	a4,a4,1
    13a4:	e711                	bnez	a4,13b0 <_fflush_r+0x4a>
    13a6:	2007f793          	andi	a5,a5,512
    13aa:	e399                	bnez	a5,13b0 <_fflush_r+0x4a>
    13ac:	4c28                	lw	a0,88(s0)
    13ae:	2451                	jal	1632 <__retarget_lock_acquire_recursive>
    13b0:	8526                	mv	a0,s1
    13b2:	85a2                	mv	a1,s0
    13b4:	3541                	jal	1234 <__sflush_r>
    13b6:	507c                	lw	a5,100(s0)
    13b8:	84aa                	mv	s1,a0
    13ba:	8b85                	andi	a5,a5,1
    13bc:	ffc5                	bnez	a5,1374 <_fflush_r+0xe>
    13be:	245e                	lhu	a5,12(s0)
    13c0:	2007f793          	andi	a5,a5,512
    13c4:	fbc5                	bnez	a5,1374 <_fflush_r+0xe>
    13c6:	4c28                	lw	a0,88(s0)
    13c8:	24b5                	jal	1634 <__retarget_lock_release_recursive>
    13ca:	b76d                	j	1374 <_fflush_r+0xe>
    13cc:	00001797          	auipc	a5,0x1
    13d0:	eec78793          	addi	a5,a5,-276 # 22b8 <__sf_fake_stdout>
    13d4:	00f41463          	bne	s0,a5,13dc <_fflush_r+0x76>
    13d8:	4480                	lw	s0,8(s1)
    13da:	b7c1                	j	139a <_fflush_r+0x34>
    13dc:	00001797          	auipc	a5,0x1
    13e0:	ebc78793          	addi	a5,a5,-324 # 2298 <__sf_fake_stderr>
    13e4:	faf41be3          	bne	s0,a5,139a <_fflush_r+0x34>
    13e8:	44c0                	lw	s0,12(s1)
    13ea:	bf45                	j	139a <_fflush_r+0x34>

000013ec <std>:
std():
    13ec:	1141                	addi	sp,sp,-16
    13ee:	c422                	sw	s0,8(sp)
    13f0:	c606                	sw	ra,12(sp)
    13f2:	842a                	mv	s0,a0
    13f4:	a54e                	sh	a1,12(a0)
    13f6:	a572                	sh	a2,14(a0)
    13f8:	00052023          	sw	zero,0(a0)
    13fc:	00052223          	sw	zero,4(a0)
    1400:	00052423          	sw	zero,8(a0)
    1404:	06052223          	sw	zero,100(a0)
    1408:	00052823          	sw	zero,16(a0)
    140c:	00052a23          	sw	zero,20(a0)
    1410:	00052c23          	sw	zero,24(a0)
    1414:	4621                	li	a2,8
    1416:	4581                	li	a1,0
    1418:	05c50513          	addi	a0,a0,92
    141c:	cc8ff0ef          	jal	ra,8e4 <memset>
    1420:	00001797          	auipc	a5,0x1
    1424:	83278793          	addi	a5,a5,-1998 # 1c52 <__sread>
    1428:	d05c                	sw	a5,36(s0)
    142a:	00001797          	auipc	a5,0x1
    142e:	85278793          	addi	a5,a5,-1966 # 1c7c <__swrite>
    1432:	d41c                	sw	a5,40(s0)
    1434:	00001797          	auipc	a5,0x1
    1438:	88e78793          	addi	a5,a5,-1906 # 1cc2 <__sseek>
    143c:	d45c                	sw	a5,44(s0)
    143e:	00001797          	auipc	a5,0x1
    1442:	8b278793          	addi	a5,a5,-1870 # 1cf0 <__sclose>
    1446:	40b2                	lw	ra,12(sp)
    1448:	d000                	sw	s0,32(s0)
    144a:	d81c                	sw	a5,48(s0)
    144c:	4422                	lw	s0,8(sp)
    144e:	0141                	addi	sp,sp,16
    1450:	8082                	ret

00001452 <_cleanup_r>:
_cleanup_r():
    1452:	00000597          	auipc	a1,0x0
    1456:	f1458593          	addi	a1,a1,-236 # 1366 <_fflush_r>
    145a:	a2bd                	j	15c8 <_fwalk_reent>

0000145c <__sfmoreglue>:
__sfmoreglue():
    145c:	1141                	addi	sp,sp,-16
    145e:	c226                	sw	s1,4(sp)
    1460:	06800793          	li	a5,104
    1464:	fff58493          	addi	s1,a1,-1
    1468:	02f484b3          	mul	s1,s1,a5
    146c:	c04a                	sw	s2,0(sp)
    146e:	892e                	mv	s2,a1
    1470:	c422                	sw	s0,8(sp)
    1472:	c606                	sw	ra,12(sp)
    1474:	07448593          	addi	a1,s1,116
    1478:	2e69                	jal	1812 <_malloc_r>
    147a:	842a                	mv	s0,a0
    147c:	cd01                	beqz	a0,1494 <__sfmoreglue+0x38>
    147e:	00052023          	sw	zero,0(a0)
    1482:	01252223          	sw	s2,4(a0)
    1486:	0531                	addi	a0,a0,12
    1488:	c408                	sw	a0,8(s0)
    148a:	06848613          	addi	a2,s1,104
    148e:	4581                	li	a1,0
    1490:	c54ff0ef          	jal	ra,8e4 <memset>
    1494:	40b2                	lw	ra,12(sp)
    1496:	8522                	mv	a0,s0
    1498:	4422                	lw	s0,8(sp)
    149a:	4492                	lw	s1,4(sp)
    149c:	4902                	lw	s2,0(sp)
    149e:	0141                	addi	sp,sp,16
    14a0:	8082                	ret

000014a2 <__sfp_lock_acquire>:
__sfp_lock_acquire():
    14a2:	82418513          	addi	a0,gp,-2012 # 200008ac <__lock___sfp_recursive_mutex>
    14a6:	a271                	j	1632 <__retarget_lock_acquire_recursive>

000014a8 <__sfp_lock_release>:
__sfp_lock_release():
    14a8:	82418513          	addi	a0,gp,-2012 # 200008ac <__lock___sfp_recursive_mutex>
    14ac:	a261                	j	1634 <__retarget_lock_release_recursive>

000014ae <__sinit_lock_acquire>:
__sinit_lock_acquire():
    14ae:	82818513          	addi	a0,gp,-2008 # 200008b0 <__lock___sinit_recursive_mutex>
    14b2:	a241                	j	1632 <__retarget_lock_acquire_recursive>

000014b4 <__sinit_lock_release>:
__sinit_lock_release():
    14b4:	82818513          	addi	a0,gp,-2008 # 200008b0 <__lock___sinit_recursive_mutex>
    14b8:	aab5                	j	1634 <__retarget_lock_release_recursive>

000014ba <__sinit>:
__sinit():
    14ba:	1141                	addi	sp,sp,-16
    14bc:	c422                	sw	s0,8(sp)
    14be:	c606                	sw	ra,12(sp)
    14c0:	842a                	mv	s0,a0
    14c2:	37f5                	jal	14ae <__sinit_lock_acquire>
    14c4:	4c1c                	lw	a5,24(s0)
    14c6:	c789                	beqz	a5,14d0 <__sinit+0x16>
    14c8:	4422                	lw	s0,8(sp)
    14ca:	40b2                	lw	ra,12(sp)
    14cc:	0141                	addi	sp,sp,16
    14ce:	b7dd                	j	14b4 <__sinit_lock_release>
    14d0:	00000797          	auipc	a5,0x0
    14d4:	f8278793          	addi	a5,a5,-126 # 1452 <_cleanup_r>
    14d8:	d41c                	sw	a5,40(s0)
    14da:	04042423          	sw	zero,72(s0)
    14de:	04042623          	sw	zero,76(s0)
    14e2:	04042823          	sw	zero,80(s0)
    14e6:	8081a783          	lw	a5,-2040(gp) # 20000890 <_global_impure_ptr>
    14ea:	00879463          	bne	a5,s0,14f2 <__sinit+0x38>
    14ee:	4785                	li	a5,1
    14f0:	cc1c                	sw	a5,24(s0)
    14f2:	8522                	mv	a0,s0
    14f4:	203d                	jal	1522 <__sfp>
    14f6:	c048                	sw	a0,4(s0)
    14f8:	8522                	mv	a0,s0
    14fa:	2025                	jal	1522 <__sfp>
    14fc:	c408                	sw	a0,8(s0)
    14fe:	8522                	mv	a0,s0
    1500:	200d                	jal	1522 <__sfp>
    1502:	c448                	sw	a0,12(s0)
    1504:	4048                	lw	a0,4(s0)
    1506:	4601                	li	a2,0
    1508:	4591                	li	a1,4
    150a:	35cd                	jal	13ec <std>
    150c:	4408                	lw	a0,8(s0)
    150e:	4605                	li	a2,1
    1510:	45a5                	li	a1,9
    1512:	3de9                	jal	13ec <std>
    1514:	4448                	lw	a0,12(s0)
    1516:	4609                	li	a2,2
    1518:	45c9                	li	a1,18
    151a:	3dc9                	jal	13ec <std>
    151c:	4785                	li	a5,1
    151e:	cc1c                	sw	a5,24(s0)
    1520:	b765                	j	14c8 <__sinit+0xe>

00001522 <__sfp>:
__sfp():
    1522:	1141                	addi	sp,sp,-16
    1524:	c226                	sw	s1,4(sp)
    1526:	c04a                	sw	s2,0(sp)
    1528:	c606                	sw	ra,12(sp)
    152a:	c422                	sw	s0,8(sp)
    152c:	892a                	mv	s2,a0
    152e:	3f95                	jal	14a2 <__sfp_lock_acquire>
    1530:	8081a483          	lw	s1,-2040(gp) # 20000890 <_global_impure_ptr>
    1534:	4c9c                	lw	a5,24(s1)
    1536:	e399                	bnez	a5,153c <__sfp+0x1a>
    1538:	8526                	mv	a0,s1
    153a:	3741                	jal	14ba <__sinit>
    153c:	04848493          	addi	s1,s1,72
    1540:	4480                	lw	s0,8(s1)
    1542:	40dc                	lw	a5,4(s1)
    1544:	17fd                	addi	a5,a5,-1
    1546:	0007d663          	bgez	a5,1552 <__sfp+0x30>
    154a:	409c                	lw	a5,0(s1)
    154c:	c3bd                	beqz	a5,15b2 <__sfp+0x90>
    154e:	4084                	lw	s1,0(s1)
    1550:	bfc5                	j	1540 <__sfp+0x1e>
    1552:	00c41703          	lh	a4,12(s0)
    1556:	eb39                	bnez	a4,15ac <__sfp+0x8a>
    1558:	77c1                	lui	a5,0xffff0
    155a:	0785                	addi	a5,a5,1 # ffff0001 <_eusrstack+0xdffed001>
    155c:	c45c                	sw	a5,12(s0)
    155e:	05840513          	addi	a0,s0,88
    1562:	06042223          	sw	zero,100(s0)
    1566:	20e9                	jal	1630 <__retarget_lock_init_recursive>
    1568:	3781                	jal	14a8 <__sfp_lock_release>
    156a:	4621                	li	a2,8
    156c:	00042023          	sw	zero,0(s0)
    1570:	00042423          	sw	zero,8(s0)
    1574:	00042223          	sw	zero,4(s0)
    1578:	00042823          	sw	zero,16(s0)
    157c:	00042a23          	sw	zero,20(s0)
    1580:	00042c23          	sw	zero,24(s0)
    1584:	4581                	li	a1,0
    1586:	05c40513          	addi	a0,s0,92
    158a:	b5aff0ef          	jal	ra,8e4 <memset>
    158e:	02042a23          	sw	zero,52(s0)
    1592:	02042c23          	sw	zero,56(s0)
    1596:	04042423          	sw	zero,72(s0)
    159a:	04042623          	sw	zero,76(s0)
    159e:	40b2                	lw	ra,12(sp)
    15a0:	8522                	mv	a0,s0
    15a2:	4422                	lw	s0,8(sp)
    15a4:	4492                	lw	s1,4(sp)
    15a6:	4902                	lw	s2,0(sp)
    15a8:	0141                	addi	sp,sp,16
    15aa:	8082                	ret
    15ac:	06840413          	addi	s0,s0,104
    15b0:	bf51                	j	1544 <__sfp+0x22>
    15b2:	4591                	li	a1,4
    15b4:	854a                	mv	a0,s2
    15b6:	355d                	jal	145c <__sfmoreglue>
    15b8:	c088                	sw	a0,0(s1)
    15ba:	842a                	mv	s0,a0
    15bc:	f949                	bnez	a0,154e <__sfp+0x2c>
    15be:	35ed                	jal	14a8 <__sfp_lock_release>
    15c0:	47b1                	li	a5,12
    15c2:	00f92023          	sw	a5,0(s2)
    15c6:	bfe1                	j	159e <__sfp+0x7c>

000015c8 <_fwalk_reent>:
_fwalk_reent():
    15c8:	7179                	addi	sp,sp,-48
    15ca:	d422                	sw	s0,40(sp)
    15cc:	d04a                	sw	s2,32(sp)
    15ce:	ce4e                	sw	s3,28(sp)
    15d0:	cc52                	sw	s4,24(sp)
    15d2:	c85a                	sw	s6,16(sp)
    15d4:	c65e                	sw	s7,12(sp)
    15d6:	d606                	sw	ra,44(sp)
    15d8:	d226                	sw	s1,36(sp)
    15da:	ca56                	sw	s5,20(sp)
    15dc:	892a                	mv	s2,a0
    15de:	8a2e                	mv	s4,a1
    15e0:	04850413          	addi	s0,a0,72
    15e4:	4981                	li	s3,0
    15e6:	4b05                	li	s6,1
    15e8:	5bfd                	li	s7,-1
    15ea:	4404                	lw	s1,8(s0)
    15ec:	00442a83          	lw	s5,4(s0)
    15f0:	1afd                	addi	s5,s5,-1 # ffff <_data_lma+0xdc6f>
    15f2:	020ad063          	bgez	s5,1612 <_fwalk_reent+0x4a>
    15f6:	4000                	lw	s0,0(s0)
    15f8:	f86d                	bnez	s0,15ea <_fwalk_reent+0x22>
    15fa:	50b2                	lw	ra,44(sp)
    15fc:	5422                	lw	s0,40(sp)
    15fe:	5492                	lw	s1,36(sp)
    1600:	5902                	lw	s2,32(sp)
    1602:	4a62                	lw	s4,24(sp)
    1604:	4ad2                	lw	s5,20(sp)
    1606:	4b42                	lw	s6,16(sp)
    1608:	4bb2                	lw	s7,12(sp)
    160a:	854e                	mv	a0,s3
    160c:	49f2                	lw	s3,28(sp)
    160e:	6145                	addi	sp,sp,48
    1610:	8082                	ret
    1612:	24de                	lhu	a5,12(s1)
    1614:	00fb7b63          	bgeu	s6,a5,162a <_fwalk_reent+0x62>
    1618:	00e49783          	lh	a5,14(s1)
    161c:	01778763          	beq	a5,s7,162a <_fwalk_reent+0x62>
    1620:	85a6                	mv	a1,s1
    1622:	854a                	mv	a0,s2
    1624:	9a02                	jalr	s4
    1626:	00a9e9b3          	or	s3,s3,a0
    162a:	06848493          	addi	s1,s1,104
    162e:	b7c9                	j	15f0 <_fwalk_reent+0x28>

00001630 <__retarget_lock_init_recursive>:
__retarget_lock_init_recursive():
    1630:	8082                	ret

00001632 <__retarget_lock_acquire_recursive>:
__retarget_lock_acquire_recursive():
    1632:	8082                	ret

00001634 <__retarget_lock_release_recursive>:
__retarget_lock_release_recursive():
    1634:	8082                	ret

00001636 <__swhatbuf_r>:
__swhatbuf_r():
    1636:	7159                	addi	sp,sp,-112
    1638:	d4a2                	sw	s0,104(sp)
    163a:	842e                	mv	s0,a1
    163c:	00e59583          	lh	a1,14(a1)
    1640:	d2a6                	sw	s1,100(sp)
    1642:	d0ca                	sw	s2,96(sp)
    1644:	d686                	sw	ra,108(sp)
    1646:	84b2                	mv	s1,a2
    1648:	8936                	mv	s2,a3
    164a:	0205d263          	bgez	a1,166e <__swhatbuf_r+0x38>
    164e:	245e                	lhu	a5,12(s0)
    1650:	0807f793          	andi	a5,a5,128
    1654:	eb8d                	bnez	a5,1686 <__swhatbuf_r+0x50>
    1656:	40000713          	li	a4,1024
    165a:	50b6                	lw	ra,108(sp)
    165c:	5426                	lw	s0,104(sp)
    165e:	00f92023          	sw	a5,0(s2)
    1662:	c098                	sw	a4,0(s1)
    1664:	5906                	lw	s2,96(sp)
    1666:	5496                	lw	s1,100(sp)
    1668:	4501                	li	a0,0
    166a:	6165                	addi	sp,sp,112
    166c:	8082                	ret
    166e:	0030                	addi	a2,sp,8
    1670:	2de1                	jal	1d48 <_fstat_r>
    1672:	fc054ee3          	bltz	a0,164e <__swhatbuf_r+0x18>
    1676:	4732                	lw	a4,12(sp)
    1678:	67bd                	lui	a5,0xf
    167a:	8ff9                	and	a5,a5,a4
    167c:	7779                	lui	a4,0xffffe
    167e:	97ba                	add	a5,a5,a4
    1680:	0017b793          	seqz	a5,a5
    1684:	bfc9                	j	1656 <__swhatbuf_r+0x20>
    1686:	4781                	li	a5,0
    1688:	04000713          	li	a4,64
    168c:	b7f9                	j	165a <__swhatbuf_r+0x24>

0000168e <__smakebuf_r>:
__smakebuf_r():
    168e:	25de                	lhu	a5,12(a1)
    1690:	7179                	addi	sp,sp,-48
    1692:	d422                	sw	s0,40(sp)
    1694:	d606                	sw	ra,44(sp)
    1696:	d226                	sw	s1,36(sp)
    1698:	d04a                	sw	s2,32(sp)
    169a:	ce4e                	sw	s3,28(sp)
    169c:	8b89                	andi	a5,a5,2
    169e:	842e                	mv	s0,a1
    16a0:	cf91                	beqz	a5,16bc <__smakebuf_r+0x2e>
    16a2:	04740793          	addi	a5,s0,71
    16a6:	c01c                	sw	a5,0(s0)
    16a8:	c81c                	sw	a5,16(s0)
    16aa:	4785                	li	a5,1
    16ac:	c85c                	sw	a5,20(s0)
    16ae:	50b2                	lw	ra,44(sp)
    16b0:	5422                	lw	s0,40(sp)
    16b2:	5492                	lw	s1,36(sp)
    16b4:	5902                	lw	s2,32(sp)
    16b6:	49f2                	lw	s3,28(sp)
    16b8:	6145                	addi	sp,sp,48
    16ba:	8082                	ret
    16bc:	0074                	addi	a3,sp,12
    16be:	0030                	addi	a2,sp,8
    16c0:	84aa                	mv	s1,a0
    16c2:	3f95                	jal	1636 <__swhatbuf_r>
    16c4:	49a2                	lw	s3,8(sp)
    16c6:	892a                	mv	s2,a0
    16c8:	8526                	mv	a0,s1
    16ca:	85ce                	mv	a1,s3
    16cc:	2299                	jal	1812 <_malloc_r>
    16ce:	e919                	bnez	a0,16e4 <__smakebuf_r+0x56>
    16d0:	00c41783          	lh	a5,12(s0)
    16d4:	2007f713          	andi	a4,a5,512
    16d8:	fb79                	bnez	a4,16ae <__smakebuf_r+0x20>
    16da:	9bf1                	andi	a5,a5,-4
    16dc:	0027e793          	ori	a5,a5,2
    16e0:	a45e                	sh	a5,12(s0)
    16e2:	b7c1                	j	16a2 <__smakebuf_r+0x14>
    16e4:	00000797          	auipc	a5,0x0
    16e8:	d6e78793          	addi	a5,a5,-658 # 1452 <_cleanup_r>
    16ec:	d49c                	sw	a5,40(s1)
    16ee:	245e                	lhu	a5,12(s0)
    16f0:	c008                	sw	a0,0(s0)
    16f2:	c808                	sw	a0,16(s0)
    16f4:	0807e793          	ori	a5,a5,128
    16f8:	a45e                	sh	a5,12(s0)
    16fa:	47b2                	lw	a5,12(sp)
    16fc:	01342a23          	sw	s3,20(s0)
    1700:	cb99                	beqz	a5,1716 <__smakebuf_r+0x88>
    1702:	00e41583          	lh	a1,14(s0)
    1706:	8526                	mv	a0,s1
    1708:	25a5                	jal	1d70 <_isatty_r>
    170a:	c511                	beqz	a0,1716 <__smakebuf_r+0x88>
    170c:	245e                	lhu	a5,12(s0)
    170e:	9bf1                	andi	a5,a5,-4
    1710:	0017e793          	ori	a5,a5,1
    1714:	a45e                	sh	a5,12(s0)
    1716:	245e                	lhu	a5,12(s0)
    1718:	0127e533          	or	a0,a5,s2
    171c:	a44a                	sh	a0,12(s0)
    171e:	bf41                	j	16ae <__smakebuf_r+0x20>

00001720 <_free_r>:
_free_r():
    1720:	cdd1                	beqz	a1,17bc <_free_r+0x9c>
    1722:	ffc5a783          	lw	a5,-4(a1)
    1726:	1101                	addi	sp,sp,-32
    1728:	cc22                	sw	s0,24(sp)
    172a:	ce06                	sw	ra,28(sp)
    172c:	ffc58413          	addi	s0,a1,-4
    1730:	0007d363          	bgez	a5,1736 <_free_r+0x16>
    1734:	943e                	add	s0,s0,a5
    1736:	c62a                	sw	a0,12(sp)
    1738:	2545                	jal	1dd8 <__malloc_lock>
    173a:	83018713          	addi	a4,gp,-2000 # 200008b8 <__malloc_free_list>
    173e:	431c                	lw	a5,0(a4)
    1740:	4532                	lw	a0,12(sp)
    1742:	eb81                	bnez	a5,1752 <_free_r+0x32>
    1744:	00042223          	sw	zero,4(s0)
    1748:	c300                	sw	s0,0(a4)
    174a:	4462                	lw	s0,24(sp)
    174c:	40f2                	lw	ra,28(sp)
    174e:	6105                	addi	sp,sp,32
    1750:	ad41                	j	1de0 <__malloc_unlock>
    1752:	00f47d63          	bgeu	s0,a5,176c <_free_r+0x4c>
    1756:	4010                	lw	a2,0(s0)
    1758:	00c406b3          	add	a3,s0,a2
    175c:	00d79663          	bne	a5,a3,1768 <_free_r+0x48>
    1760:	4394                	lw	a3,0(a5)
    1762:	43dc                	lw	a5,4(a5)
    1764:	96b2                	add	a3,a3,a2
    1766:	c014                	sw	a3,0(s0)
    1768:	c05c                	sw	a5,4(s0)
    176a:	bff9                	j	1748 <_free_r+0x28>
    176c:	873e                	mv	a4,a5
    176e:	43dc                	lw	a5,4(a5)
    1770:	c399                	beqz	a5,1776 <_free_r+0x56>
    1772:	fef47de3          	bgeu	s0,a5,176c <_free_r+0x4c>
    1776:	4314                	lw	a3,0(a4)
    1778:	00d70633          	add	a2,a4,a3
    177c:	00861f63          	bne	a2,s0,179a <_free_r+0x7a>
    1780:	4010                	lw	a2,0(s0)
    1782:	96b2                	add	a3,a3,a2
    1784:	c314                	sw	a3,0(a4)
    1786:	00d70633          	add	a2,a4,a3
    178a:	fcc790e3          	bne	a5,a2,174a <_free_r+0x2a>
    178e:	4390                	lw	a2,0(a5)
    1790:	43dc                	lw	a5,4(a5)
    1792:	96b2                	add	a3,a3,a2
    1794:	c314                	sw	a3,0(a4)
    1796:	c35c                	sw	a5,4(a4)
    1798:	bf4d                	j	174a <_free_r+0x2a>
    179a:	00c47563          	bgeu	s0,a2,17a4 <_free_r+0x84>
    179e:	47b1                	li	a5,12
    17a0:	c11c                	sw	a5,0(a0)
    17a2:	b765                	j	174a <_free_r+0x2a>
    17a4:	4010                	lw	a2,0(s0)
    17a6:	00c406b3          	add	a3,s0,a2
    17aa:	00d79663          	bne	a5,a3,17b6 <_free_r+0x96>
    17ae:	4394                	lw	a3,0(a5)
    17b0:	43dc                	lw	a5,4(a5)
    17b2:	96b2                	add	a3,a3,a2
    17b4:	c014                	sw	a3,0(s0)
    17b6:	c05c                	sw	a5,4(s0)
    17b8:	c340                	sw	s0,4(a4)
    17ba:	bf41                	j	174a <_free_r+0x2a>
    17bc:	8082                	ret

000017be <sbrk_aligned>:
sbrk_aligned():
    17be:	1141                	addi	sp,sp,-16
    17c0:	c04a                	sw	s2,0(sp)
    17c2:	82c18913          	addi	s2,gp,-2004 # 200008b4 <__malloc_sbrk_start>
    17c6:	00092783          	lw	a5,0(s2)
    17ca:	c422                	sw	s0,8(sp)
    17cc:	c226                	sw	s1,4(sp)
    17ce:	c606                	sw	ra,12(sp)
    17d0:	84aa                	mv	s1,a0
    17d2:	842e                	mv	s0,a1
    17d4:	e789                	bnez	a5,17de <sbrk_aligned+0x20>
    17d6:	4581                	li	a1,0
    17d8:	2989                	jal	1c2a <_sbrk_r>
    17da:	00a92023          	sw	a0,0(s2)
    17de:	85a2                	mv	a1,s0
    17e0:	8526                	mv	a0,s1
    17e2:	21a1                	jal	1c2a <_sbrk_r>
    17e4:	597d                	li	s2,-1
    17e6:	01251a63          	bne	a0,s2,17fa <sbrk_aligned+0x3c>
    17ea:	547d                	li	s0,-1
    17ec:	40b2                	lw	ra,12(sp)
    17ee:	8522                	mv	a0,s0
    17f0:	4422                	lw	s0,8(sp)
    17f2:	4492                	lw	s1,4(sp)
    17f4:	4902                	lw	s2,0(sp)
    17f6:	0141                	addi	sp,sp,16
    17f8:	8082                	ret
    17fa:	00350413          	addi	s0,a0,3
    17fe:	9871                	andi	s0,s0,-4
    1800:	fe8506e3          	beq	a0,s0,17ec <sbrk_aligned+0x2e>
    1804:	40a405b3          	sub	a1,s0,a0
    1808:	8526                	mv	a0,s1
    180a:	2105                	jal	1c2a <_sbrk_r>
    180c:	ff2510e3          	bne	a0,s2,17ec <sbrk_aligned+0x2e>
    1810:	bfe9                	j	17ea <sbrk_aligned+0x2c>

00001812 <_malloc_r>:
_malloc_r():
    1812:	1101                	addi	sp,sp,-32
    1814:	ca26                	sw	s1,20(sp)
    1816:	00358493          	addi	s1,a1,3
    181a:	98f1                	andi	s1,s1,-4
    181c:	c84a                	sw	s2,16(sp)
    181e:	04a1                	addi	s1,s1,8
    1820:	47b1                	li	a5,12
    1822:	ce06                	sw	ra,28(sp)
    1824:	cc22                	sw	s0,24(sp)
    1826:	c64e                	sw	s3,12(sp)
    1828:	892a                	mv	s2,a0
    182a:	0af4f4b3          	maxu	s1,s1,a5
    182e:	0004c463          	bltz	s1,1836 <_malloc_r+0x24>
    1832:	00b4fd63          	bgeu	s1,a1,184c <_malloc_r+0x3a>
    1836:	47b1                	li	a5,12
    1838:	00f92023          	sw	a5,0(s2)
    183c:	4501                	li	a0,0
    183e:	40f2                	lw	ra,28(sp)
    1840:	4462                	lw	s0,24(sp)
    1842:	44d2                	lw	s1,20(sp)
    1844:	4942                	lw	s2,16(sp)
    1846:	49b2                	lw	s3,12(sp)
    1848:	6105                	addi	sp,sp,32
    184a:	8082                	ret
    184c:	2371                	jal	1dd8 <__malloc_lock>
    184e:	83018993          	addi	s3,gp,-2000 # 200008b8 <__malloc_free_list>
    1852:	0009a783          	lw	a5,0(s3)
    1856:	843e                	mv	s0,a5
    1858:	e431                	bnez	s0,18a4 <_malloc_r+0x92>
    185a:	85a6                	mv	a1,s1
    185c:	854a                	mv	a0,s2
    185e:	3785                	jal	17be <sbrk_aligned>
    1860:	57fd                	li	a5,-1
    1862:	842a                	mv	s0,a0
    1864:	0af51663          	bne	a0,a5,1910 <_malloc_r+0xfe>
    1868:	0009a403          	lw	s0,0(s3)
    186c:	87a2                	mv	a5,s0
    186e:	ebc1                	bnez	a5,18fe <_malloc_r+0xec>
    1870:	00042983          	lw	s3,0(s0)
    1874:	4581                	li	a1,0
    1876:	854a                	mv	a0,s2
    1878:	99a2                	add	s3,s3,s0
    187a:	2e45                	jal	1c2a <_sbrk_r>
    187c:	08a99463          	bne	s3,a0,1904 <_malloc_r+0xf2>
    1880:	401c                	lw	a5,0(s0)
    1882:	048d                	addi	s1,s1,3
    1884:	854a                	mv	a0,s2
    1886:	8c9d                	sub	s1,s1,a5
    1888:	98f1                	andi	s1,s1,-4
    188a:	47b1                	li	a5,12
    188c:	04a1                	addi	s1,s1,8
    188e:	0af4f4b3          	maxu	s1,s1,a5
    1892:	85a6                	mv	a1,s1
    1894:	372d                	jal	17be <sbrk_aligned>
    1896:	57fd                	li	a5,-1
    1898:	06f50663          	beq	a0,a5,1904 <_malloc_r+0xf2>
    189c:	401c                	lw	a5,0(s0)
    189e:	97a6                	add	a5,a5,s1
    18a0:	c01c                	sw	a5,0(s0)
    18a2:	a015                	j	18c6 <_malloc_r+0xb4>
    18a4:	4014                	lw	a3,0(s0)
    18a6:	8e85                	sub	a3,a3,s1
    18a8:	0406c863          	bltz	a3,18f8 <_malloc_r+0xe6>
    18ac:	472d                	li	a4,11
    18ae:	02d77d63          	bgeu	a4,a3,18e8 <_malloc_r+0xd6>
    18b2:	c004                	sw	s1,0(s0)
    18b4:	00940733          	add	a4,s0,s1
    18b8:	02879663          	bne	a5,s0,18e4 <_malloc_r+0xd2>
    18bc:	00e9a023          	sw	a4,0(s3)
    18c0:	405c                	lw	a5,4(s0)
    18c2:	c314                	sw	a3,0(a4)
    18c4:	c35c                	sw	a5,4(a4)
    18c6:	854a                	mv	a0,s2
    18c8:	2b21                	jal	1de0 <__malloc_unlock>
    18ca:	00b40513          	addi	a0,s0,11
    18ce:	00440793          	addi	a5,s0,4
    18d2:	9961                	andi	a0,a0,-8
    18d4:	40f50733          	sub	a4,a0,a5
    18d8:	f6f503e3          	beq	a0,a5,183e <_malloc_r+0x2c>
    18dc:	943a                	add	s0,s0,a4
    18de:	8f89                	sub	a5,a5,a0
    18e0:	c01c                	sw	a5,0(s0)
    18e2:	bfb1                	j	183e <_malloc_r+0x2c>
    18e4:	c3d8                	sw	a4,4(a5)
    18e6:	bfe9                	j	18c0 <_malloc_r+0xae>
    18e8:	4058                	lw	a4,4(s0)
    18ea:	00879563          	bne	a5,s0,18f4 <_malloc_r+0xe2>
    18ee:	00e9a023          	sw	a4,0(s3)
    18f2:	bfd1                	j	18c6 <_malloc_r+0xb4>
    18f4:	c3d8                	sw	a4,4(a5)
    18f6:	bfc1                	j	18c6 <_malloc_r+0xb4>
    18f8:	87a2                	mv	a5,s0
    18fa:	4040                	lw	s0,4(s0)
    18fc:	bfb1                	j	1858 <_malloc_r+0x46>
    18fe:	843e                	mv	s0,a5
    1900:	43dc                	lw	a5,4(a5)
    1902:	b7b5                	j	186e <_malloc_r+0x5c>
    1904:	47b1                	li	a5,12
    1906:	00f92023          	sw	a5,0(s2)
    190a:	854a                	mv	a0,s2
    190c:	29d1                	jal	1de0 <__malloc_unlock>
    190e:	b73d                	j	183c <_malloc_r+0x2a>
    1910:	c104                	sw	s1,0(a0)
    1912:	bf55                	j	18c6 <_malloc_r+0xb4>

00001914 <__sfputc_r>:
__sfputc_r():
    1914:	461c                	lw	a5,8(a2)
    1916:	17fd                	addi	a5,a5,-1
    1918:	c61c                	sw	a5,8(a2)
    191a:	0007da63          	bgez	a5,192e <__sfputc_r+0x1a>
    191e:	4e18                	lw	a4,24(a2)
    1920:	00e7c563          	blt	a5,a4,192a <__sfputc_r+0x16>
    1924:	47a9                	li	a5,10
    1926:	00f59463          	bne	a1,a5,192e <__sfputc_r+0x1a>
    192a:	f5cff06f          	j	1086 <__swbuf_r>
    192e:	421c                	lw	a5,0(a2)
    1930:	852e                	mv	a0,a1
    1932:	00178713          	addi	a4,a5,1
    1936:	c218                	sw	a4,0(a2)
    1938:	a38c                	sb	a1,0(a5)
    193a:	8082                	ret

0000193c <__sfputs_r>:
__sfputs_r():
    193c:	1101                	addi	sp,sp,-32
    193e:	cc22                	sw	s0,24(sp)
    1940:	ca26                	sw	s1,20(sp)
    1942:	c84a                	sw	s2,16(sp)
    1944:	c64e                	sw	s3,12(sp)
    1946:	c452                	sw	s4,8(sp)
    1948:	ce06                	sw	ra,28(sp)
    194a:	892a                	mv	s2,a0
    194c:	89ae                	mv	s3,a1
    194e:	8432                	mv	s0,a2
    1950:	00d604b3          	add	s1,a2,a3
    1954:	5a7d                	li	s4,-1
    1956:	00941463          	bne	s0,s1,195e <__sfputs_r+0x22>
    195a:	4501                	li	a0,0
    195c:	a801                	j	196c <__sfputs_r+0x30>
    195e:	200c                	lbu	a1,0(s0)
    1960:	864e                	mv	a2,s3
    1962:	854a                	mv	a0,s2
    1964:	3f45                	jal	1914 <__sfputc_r>
    1966:	0405                	addi	s0,s0,1
    1968:	ff4517e3          	bne	a0,s4,1956 <__sfputs_r+0x1a>
    196c:	40f2                	lw	ra,28(sp)
    196e:	4462                	lw	s0,24(sp)
    1970:	44d2                	lw	s1,20(sp)
    1972:	4942                	lw	s2,16(sp)
    1974:	49b2                	lw	s3,12(sp)
    1976:	4a22                	lw	s4,8(sp)
    1978:	6105                	addi	sp,sp,32
    197a:	8082                	ret

0000197c <_vfiprintf_r>:
_vfiprintf_r():
    197c:	7135                	addi	sp,sp,-160
    197e:	cd22                	sw	s0,152(sp)
    1980:	cb26                	sw	s1,148(sp)
    1982:	c94a                	sw	s2,144(sp)
    1984:	c74e                	sw	s3,140(sp)
    1986:	cf06                	sw	ra,156(sp)
    1988:	c552                	sw	s4,136(sp)
    198a:	c356                	sw	s5,132(sp)
    198c:	c15a                	sw	s6,128(sp)
    198e:	dede                	sw	s7,124(sp)
    1990:	dce2                	sw	s8,120(sp)
    1992:	89aa                	mv	s3,a0
    1994:	842e                	mv	s0,a1
    1996:	8932                	mv	s2,a2
    1998:	84b6                	mv	s1,a3
    199a:	c501                	beqz	a0,19a2 <_vfiprintf_r+0x26>
    199c:	4d1c                	lw	a5,24(a0)
    199e:	e391                	bnez	a5,19a2 <_vfiprintf_r+0x26>
    19a0:	3e29                	jal	14ba <__sinit>
    19a2:	00001797          	auipc	a5,0x1
    19a6:	93678793          	addi	a5,a5,-1738 # 22d8 <__sf_fake_stdin>
    19aa:	04f41763          	bne	s0,a5,19f8 <_vfiprintf_r+0x7c>
    19ae:	0049a403          	lw	s0,4(s3)
    19b2:	507c                	lw	a5,100(s0)
    19b4:	8b85                	andi	a5,a5,1
    19b6:	e799                	bnez	a5,19c4 <_vfiprintf_r+0x48>
    19b8:	245e                	lhu	a5,12(s0)
    19ba:	2007f793          	andi	a5,a5,512
    19be:	e399                	bnez	a5,19c4 <_vfiprintf_r+0x48>
    19c0:	4c28                	lw	a0,88(s0)
    19c2:	3985                	jal	1632 <__retarget_lock_acquire_recursive>
    19c4:	245e                	lhu	a5,12(s0)
    19c6:	8ba1                	andi	a5,a5,8
    19c8:	c399                	beqz	a5,19ce <_vfiprintf_r+0x52>
    19ca:	481c                	lw	a5,16(s0)
    19cc:	efb9                	bnez	a5,1a2a <_vfiprintf_r+0xae>
    19ce:	85a2                	mv	a1,s0
    19d0:	854e                	mv	a0,s3
    19d2:	f70ff0ef          	jal	ra,1142 <__swsetup_r>
    19d6:	c931                	beqz	a0,1a2a <_vfiprintf_r+0xae>
    19d8:	507c                	lw	a5,100(s0)
    19da:	8b85                	andi	a5,a5,1
    19dc:	c3a1                	beqz	a5,1a1c <_vfiprintf_r+0xa0>
    19de:	557d                	li	a0,-1
    19e0:	40fa                	lw	ra,156(sp)
    19e2:	446a                	lw	s0,152(sp)
    19e4:	44da                	lw	s1,148(sp)
    19e6:	494a                	lw	s2,144(sp)
    19e8:	49ba                	lw	s3,140(sp)
    19ea:	4a2a                	lw	s4,136(sp)
    19ec:	4a9a                	lw	s5,132(sp)
    19ee:	4b0a                	lw	s6,128(sp)
    19f0:	5bf6                	lw	s7,124(sp)
    19f2:	5c66                	lw	s8,120(sp)
    19f4:	610d                	addi	sp,sp,160
    19f6:	8082                	ret
    19f8:	00001797          	auipc	a5,0x1
    19fc:	8c078793          	addi	a5,a5,-1856 # 22b8 <__sf_fake_stdout>
    1a00:	00f41563          	bne	s0,a5,1a0a <_vfiprintf_r+0x8e>
    1a04:	0089a403          	lw	s0,8(s3)
    1a08:	b76d                	j	19b2 <_vfiprintf_r+0x36>
    1a0a:	00001797          	auipc	a5,0x1
    1a0e:	88e78793          	addi	a5,a5,-1906 # 2298 <__sf_fake_stderr>
    1a12:	faf410e3          	bne	s0,a5,19b2 <_vfiprintf_r+0x36>
    1a16:	00c9a403          	lw	s0,12(s3)
    1a1a:	bf61                	j	19b2 <_vfiprintf_r+0x36>
    1a1c:	245e                	lhu	a5,12(s0)
    1a1e:	2007f793          	andi	a5,a5,512
    1a22:	ffd5                	bnez	a5,19de <_vfiprintf_r+0x62>
    1a24:	4c28                	lw	a0,88(s0)
    1a26:	3139                	jal	1634 <__retarget_lock_release_recursive>
    1a28:	bf5d                	j	19de <_vfiprintf_r+0x62>
    1a2a:	02000793          	li	a5,32
    1a2e:	02f104a3          	sb	a5,41(sp)
    1a32:	03000793          	li	a5,48
    1a36:	d202                	sw	zero,36(sp)
    1a38:	02f10523          	sb	a5,42(sp)
    1a3c:	c626                	sw	s1,12(sp)
    1a3e:	02500b93          	li	s7,37
    1a42:	00001a97          	auipc	s5,0x1
    1a46:	8b6a8a93          	addi	s5,s5,-1866 # 22f8 <__sf_fake_stdin+0x20>
    1a4a:	4b29                	li	s6,10
    1a4c:	84ca                	mv	s1,s2
    1a4e:	209c                	lbu	a5,0(s1)
    1a50:	c399                	beqz	a5,1a56 <_vfiprintf_r+0xda>
    1a52:	09779963          	bne	a5,s7,1ae4 <_vfiprintf_r+0x168>
    1a56:	41248c33          	sub	s8,s1,s2
    1a5a:	01248d63          	beq	s1,s2,1a74 <_vfiprintf_r+0xf8>
    1a5e:	86e2                	mv	a3,s8
    1a60:	864a                	mv	a2,s2
    1a62:	85a2                	mv	a1,s0
    1a64:	854e                	mv	a0,s3
    1a66:	3dd9                	jal	193c <__sfputs_r>
    1a68:	57fd                	li	a5,-1
    1a6a:	18f50663          	beq	a0,a5,1bf6 <_vfiprintf_r+0x27a>
    1a6e:	5792                	lw	a5,36(sp)
    1a70:	97e2                	add	a5,a5,s8
    1a72:	d23e                	sw	a5,36(sp)
    1a74:	209c                	lbu	a5,0(s1)
    1a76:	18078063          	beqz	a5,1bf6 <_vfiprintf_r+0x27a>
    1a7a:	57fd                	li	a5,-1
    1a7c:	00148913          	addi	s2,s1,1
    1a80:	c802                	sw	zero,16(sp)
    1a82:	ce02                	sw	zero,28(sp)
    1a84:	ca3e                	sw	a5,20(sp)
    1a86:	cc02                	sw	zero,24(sp)
    1a88:	040109a3          	sb	zero,83(sp)
    1a8c:	d482                	sw	zero,104(sp)
    1a8e:	00094583          	lbu	a1,0(s2)
    1a92:	4615                	li	a2,5
    1a94:	8556                	mv	a0,s5
    1a96:	262d                	jal	1dc0 <memchr>
    1a98:	47c2                	lw	a5,16(sp)
    1a9a:	00190493          	addi	s1,s2,1
    1a9e:	e529                	bnez	a0,1ae8 <_vfiprintf_r+0x16c>
    1aa0:	0107f713          	andi	a4,a5,16
    1aa4:	c709                	beqz	a4,1aae <_vfiprintf_r+0x132>
    1aa6:	02000713          	li	a4,32
    1aaa:	04e109a3          	sb	a4,83(sp)
    1aae:	0087f713          	andi	a4,a5,8
    1ab2:	c709                	beqz	a4,1abc <_vfiprintf_r+0x140>
    1ab4:	02b00713          	li	a4,43
    1ab8:	04e109a3          	sb	a4,83(sp)
    1abc:	00094683          	lbu	a3,0(s2)
    1ac0:	02a00713          	li	a4,42
    1ac4:	02e68963          	beq	a3,a4,1af6 <_vfiprintf_r+0x17a>
    1ac8:	47f2                	lw	a5,28(sp)
    1aca:	84ca                	mv	s1,s2
    1acc:	4681                	li	a3,0
    1ace:	4625                	li	a2,9
    1ad0:	2098                	lbu	a4,0(s1)
    1ad2:	00148593          	addi	a1,s1,1
    1ad6:	fd070713          	addi	a4,a4,-48 # ffffdfd0 <_eusrstack+0xdfffafd0>
    1ada:	06e67263          	bgeu	a2,a4,1b3e <_vfiprintf_r+0x1c2>
    1ade:	c685                	beqz	a3,1b06 <_vfiprintf_r+0x18a>
    1ae0:	ce3e                	sw	a5,28(sp)
    1ae2:	a015                	j	1b06 <_vfiprintf_r+0x18a>
    1ae4:	0485                	addi	s1,s1,1
    1ae6:	b7a5                	j	1a4e <_vfiprintf_r+0xd2>
    1ae8:	41550533          	sub	a0,a0,s5
    1aec:	28a797b3          	bset	a5,a5,a0
    1af0:	8926                	mv	s2,s1
    1af2:	c83e                	sw	a5,16(sp)
    1af4:	bf69                	j	1a8e <_vfiprintf_r+0x112>
    1af6:	4732                	lw	a4,12(sp)
    1af8:	00470693          	addi	a3,a4,4
    1afc:	4318                	lw	a4,0(a4)
    1afe:	c636                	sw	a3,12(sp)
    1b00:	02074863          	bltz	a4,1b30 <_vfiprintf_r+0x1b4>
    1b04:	ce3a                	sw	a4,28(sp)
    1b06:	2098                	lbu	a4,0(s1)
    1b08:	02e00793          	li	a5,46
    1b0c:	04f71c63          	bne	a4,a5,1b64 <_vfiprintf_r+0x1e8>
    1b10:	3098                	lbu	a4,1(s1)
    1b12:	02a00793          	li	a5,42
    1b16:	02f71a63          	bne	a4,a5,1b4a <_vfiprintf_r+0x1ce>
    1b1a:	47b2                	lw	a5,12(sp)
    1b1c:	0489                	addi	s1,s1,2
    1b1e:	00478713          	addi	a4,a5,4
    1b22:	439c                	lw	a5,0(a5)
    1b24:	c63a                	sw	a4,12(sp)
    1b26:	577d                	li	a4,-1
    1b28:	0ae7e7b3          	max	a5,a5,a4
    1b2c:	ca3e                	sw	a5,20(sp)
    1b2e:	a81d                	j	1b64 <_vfiprintf_r+0x1e8>
    1b30:	40e00733          	neg	a4,a4
    1b34:	0027e793          	ori	a5,a5,2
    1b38:	ce3a                	sw	a4,28(sp)
    1b3a:	c83e                	sw	a5,16(sp)
    1b3c:	b7e9                	j	1b06 <_vfiprintf_r+0x18a>
    1b3e:	036787b3          	mul	a5,a5,s6
    1b42:	84ae                	mv	s1,a1
    1b44:	4685                	li	a3,1
    1b46:	97ba                	add	a5,a5,a4
    1b48:	b761                	j	1ad0 <_vfiprintf_r+0x154>
    1b4a:	0485                	addi	s1,s1,1
    1b4c:	ca02                	sw	zero,20(sp)
    1b4e:	4681                	li	a3,0
    1b50:	4781                	li	a5,0
    1b52:	4625                	li	a2,9
    1b54:	2098                	lbu	a4,0(s1)
    1b56:	00148593          	addi	a1,s1,1
    1b5a:	fd070713          	addi	a4,a4,-48
    1b5e:	06e67263          	bgeu	a2,a4,1bc2 <_vfiprintf_r+0x246>
    1b62:	f6e9                	bnez	a3,1b2c <_vfiprintf_r+0x1b0>
    1b64:	208c                	lbu	a1,0(s1)
    1b66:	460d                	li	a2,3
    1b68:	00000517          	auipc	a0,0x0
    1b6c:	79850513          	addi	a0,a0,1944 # 2300 <__sf_fake_stdin+0x28>
    1b70:	2c81                	jal	1dc0 <memchr>
    1b72:	cd11                	beqz	a0,1b8e <_vfiprintf_r+0x212>
    1b74:	00000797          	auipc	a5,0x0
    1b78:	78c78793          	addi	a5,a5,1932 # 2300 <__sf_fake_stdin+0x28>
    1b7c:	8d1d                	sub	a0,a0,a5
    1b7e:	47c2                	lw	a5,16(sp)
    1b80:	04000713          	li	a4,64
    1b84:	00a71733          	sll	a4,a4,a0
    1b88:	8fd9                	or	a5,a5,a4
    1b8a:	0485                	addi	s1,s1,1
    1b8c:	c83e                	sw	a5,16(sp)
    1b8e:	208c                	lbu	a1,0(s1)
    1b90:	4619                	li	a2,6
    1b92:	00000517          	auipc	a0,0x0
    1b96:	77250513          	addi	a0,a0,1906 # 2304 <__sf_fake_stdin+0x2c>
    1b9a:	00148913          	addi	s2,s1,1
    1b9e:	02b10423          	sb	a1,40(sp)
    1ba2:	2c39                	jal	1dc0 <memchr>
    1ba4:	c92d                	beqz	a0,1c16 <_vfiprintf_r+0x29a>
    1ba6:	00000793          	li	a5,0
    1baa:	e795                	bnez	a5,1bd6 <_vfiprintf_r+0x25a>
    1bac:	4742                	lw	a4,16(sp)
    1bae:	47b2                	lw	a5,12(sp)
    1bb0:	10077713          	andi	a4,a4,256
    1bb4:	cf09                	beqz	a4,1bce <_vfiprintf_r+0x252>
    1bb6:	0791                	addi	a5,a5,4
    1bb8:	c63e                	sw	a5,12(sp)
    1bba:	5792                	lw	a5,36(sp)
    1bbc:	97d2                	add	a5,a5,s4
    1bbe:	d23e                	sw	a5,36(sp)
    1bc0:	b571                	j	1a4c <_vfiprintf_r+0xd0>
    1bc2:	036787b3          	mul	a5,a5,s6
    1bc6:	84ae                	mv	s1,a1
    1bc8:	4685                	li	a3,1
    1bca:	97ba                	add	a5,a5,a4
    1bcc:	b761                	j	1b54 <_vfiprintf_r+0x1d8>
    1bce:	079d                	addi	a5,a5,7
    1bd0:	9be1                	andi	a5,a5,-8
    1bd2:	07a1                	addi	a5,a5,8
    1bd4:	b7d5                	j	1bb8 <_vfiprintf_r+0x23c>
    1bd6:	0078                	addi	a4,sp,12
    1bd8:	00000697          	auipc	a3,0x0
    1bdc:	d6468693          	addi	a3,a3,-668 # 193c <__sfputs_r>
    1be0:	8622                	mv	a2,s0
    1be2:	080c                	addi	a1,sp,16
    1be4:	854e                	mv	a0,s3
    1be6:	00000097          	auipc	ra,0x0
    1bea:	000000e7          	jalr	zero # 0 <_sinit>
    1bee:	57fd                	li	a5,-1
    1bf0:	8a2a                	mv	s4,a0
    1bf2:	fcf514e3          	bne	a0,a5,1bba <_vfiprintf_r+0x23e>
    1bf6:	507c                	lw	a5,100(s0)
    1bf8:	8b85                	andi	a5,a5,1
    1bfa:	e799                	bnez	a5,1c08 <_vfiprintf_r+0x28c>
    1bfc:	245e                	lhu	a5,12(s0)
    1bfe:	2007f793          	andi	a5,a5,512
    1c02:	e399                	bnez	a5,1c08 <_vfiprintf_r+0x28c>
    1c04:	4c28                	lw	a0,88(s0)
    1c06:	343d                	jal	1634 <__retarget_lock_release_recursive>
    1c08:	245e                	lhu	a5,12(s0)
    1c0a:	0407f793          	andi	a5,a5,64
    1c0e:	dc0798e3          	bnez	a5,19de <_vfiprintf_r+0x62>
    1c12:	5512                	lw	a0,36(sp)
    1c14:	b3f1                	j	19e0 <_vfiprintf_r+0x64>
    1c16:	0078                	addi	a4,sp,12
    1c18:	00000697          	auipc	a3,0x0
    1c1c:	d2468693          	addi	a3,a3,-732 # 193c <__sfputs_r>
    1c20:	8622                	mv	a2,s0
    1c22:	080c                	addi	a1,sp,16
    1c24:	854e                	mv	a0,s3
    1c26:	24f1                	jal	1ef2 <_printf_i>
    1c28:	b7d9                	j	1bee <_vfiprintf_r+0x272>

00001c2a <_sbrk_r>:
_sbrk_r():
    1c2a:	1141                	addi	sp,sp,-16
    1c2c:	c422                	sw	s0,8(sp)
    1c2e:	842a                	mv	s0,a0
    1c30:	852e                	mv	a0,a1
    1c32:	8201aa23          	sw	zero,-1996(gp) # 200008bc <errno>
    1c36:	c606                	sw	ra,12(sp)
    1c38:	844ff0ef          	jal	ra,c7c <_sbrk>
    1c3c:	57fd                	li	a5,-1
    1c3e:	00f51663          	bne	a0,a5,1c4a <_sbrk_r+0x20>
    1c42:	8341a783          	lw	a5,-1996(gp) # 200008bc <errno>
    1c46:	c391                	beqz	a5,1c4a <_sbrk_r+0x20>
    1c48:	c01c                	sw	a5,0(s0)
    1c4a:	40b2                	lw	ra,12(sp)
    1c4c:	4422                	lw	s0,8(sp)
    1c4e:	0141                	addi	sp,sp,16
    1c50:	8082                	ret

00001c52 <__sread>:
__sread():
    1c52:	1141                	addi	sp,sp,-16
    1c54:	c422                	sw	s0,8(sp)
    1c56:	842e                	mv	s0,a1
    1c58:	00e59583          	lh	a1,14(a1)
    1c5c:	c606                	sw	ra,12(sp)
    1c5e:	2331                	jal	216a <_read_r>
    1c60:	00054963          	bltz	a0,1c72 <__sread+0x20>
    1c64:	487c                	lw	a5,84(s0)
    1c66:	97aa                	add	a5,a5,a0
    1c68:	c87c                	sw	a5,84(s0)
    1c6a:	40b2                	lw	ra,12(sp)
    1c6c:	4422                	lw	s0,8(sp)
    1c6e:	0141                	addi	sp,sp,16
    1c70:	8082                	ret
    1c72:	245e                	lhu	a5,12(s0)
    1c74:	48c79793          	bclri	a5,a5,0xc
    1c78:	a45e                	sh	a5,12(s0)
    1c7a:	bfc5                	j	1c6a <__sread+0x18>

00001c7c <__swrite>:
__swrite():
    1c7c:	25de                	lhu	a5,12(a1)
    1c7e:	1101                	addi	sp,sp,-32
    1c80:	cc22                	sw	s0,24(sp)
    1c82:	ca26                	sw	s1,20(sp)
    1c84:	c84a                	sw	s2,16(sp)
    1c86:	c64e                	sw	s3,12(sp)
    1c88:	ce06                	sw	ra,28(sp)
    1c8a:	1007f793          	andi	a5,a5,256
    1c8e:	84aa                	mv	s1,a0
    1c90:	842e                	mv	s0,a1
    1c92:	8932                	mv	s2,a2
    1c94:	89b6                	mv	s3,a3
    1c96:	c791                	beqz	a5,1ca2 <__swrite+0x26>
    1c98:	00e59583          	lh	a1,14(a1)
    1c9c:	4689                	li	a3,2
    1c9e:	4601                	li	a2,0
    1ca0:	28dd                	jal	1d96 <_lseek_r>
    1ca2:	245e                	lhu	a5,12(s0)
    1ca4:	00e41583          	lh	a1,14(s0)
    1ca8:	40f2                	lw	ra,28(sp)
    1caa:	48c79793          	bclri	a5,a5,0xc
    1cae:	a45e                	sh	a5,12(s0)
    1cb0:	4462                	lw	s0,24(sp)
    1cb2:	86ce                	mv	a3,s3
    1cb4:	864a                	mv	a2,s2
    1cb6:	49b2                	lw	s3,12(sp)
    1cb8:	4942                	lw	s2,16(sp)
    1cba:	8526                	mv	a0,s1
    1cbc:	44d2                	lw	s1,20(sp)
    1cbe:	6105                	addi	sp,sp,32
    1cc0:	a81d                	j	1cf6 <_write_r>

00001cc2 <__sseek>:
__sseek():
    1cc2:	1141                	addi	sp,sp,-16
    1cc4:	c422                	sw	s0,8(sp)
    1cc6:	842e                	mv	s0,a1
    1cc8:	00e59583          	lh	a1,14(a1)
    1ccc:	c606                	sw	ra,12(sp)
    1cce:	20e1                	jal	1d96 <_lseek_r>
    1cd0:	577d                	li	a4,-1
    1cd2:	245e                	lhu	a5,12(s0)
    1cd4:	00e51963          	bne	a0,a4,1ce6 <__sseek+0x24>
    1cd8:	48c79793          	bclri	a5,a5,0xc
    1cdc:	a45e                	sh	a5,12(s0)
    1cde:	40b2                	lw	ra,12(sp)
    1ce0:	4422                	lw	s0,8(sp)
    1ce2:	0141                	addi	sp,sp,16
    1ce4:	8082                	ret
    1ce6:	28c79793          	bseti	a5,a5,0xc
    1cea:	c868                	sw	a0,84(s0)
    1cec:	a45e                	sh	a5,12(s0)
    1cee:	bfc5                	j	1cde <__sseek+0x1c>

00001cf0 <__sclose>:
__sclose():
    1cf0:	00e59583          	lh	a1,14(a1)
    1cf4:	a03d                	j	1d22 <_close_r>

00001cf6 <_write_r>:
_write_r():
    1cf6:	1141                	addi	sp,sp,-16
    1cf8:	c422                	sw	s0,8(sp)
    1cfa:	842a                	mv	s0,a0
    1cfc:	852e                	mv	a0,a1
    1cfe:	85b2                	mv	a1,a2
    1d00:	8636                	mv	a2,a3
    1d02:	8201aa23          	sw	zero,-1996(gp) # 200008bc <errno>
    1d06:	c606                	sw	ra,12(sp)
    1d08:	f4ffe0ef          	jal	ra,c56 <_write>
    1d0c:	57fd                	li	a5,-1
    1d0e:	00f51663          	bne	a0,a5,1d1a <_write_r+0x24>
    1d12:	8341a783          	lw	a5,-1996(gp) # 200008bc <errno>
    1d16:	c391                	beqz	a5,1d1a <_write_r+0x24>
    1d18:	c01c                	sw	a5,0(s0)
    1d1a:	40b2                	lw	ra,12(sp)
    1d1c:	4422                	lw	s0,8(sp)
    1d1e:	0141                	addi	sp,sp,16
    1d20:	8082                	ret

00001d22 <_close_r>:
_close_r():
    1d22:	1141                	addi	sp,sp,-16
    1d24:	c422                	sw	s0,8(sp)
    1d26:	842a                	mv	s0,a0
    1d28:	852e                	mv	a0,a1
    1d2a:	8201aa23          	sw	zero,-1996(gp) # 200008bc <errno>
    1d2e:	c606                	sw	ra,12(sp)
    1d30:	2195                	jal	2194 <_close>
    1d32:	57fd                	li	a5,-1
    1d34:	00f51663          	bne	a0,a5,1d40 <_close_r+0x1e>
    1d38:	8341a783          	lw	a5,-1996(gp) # 200008bc <errno>
    1d3c:	c391                	beqz	a5,1d40 <_close_r+0x1e>
    1d3e:	c01c                	sw	a5,0(s0)
    1d40:	40b2                	lw	ra,12(sp)
    1d42:	4422                	lw	s0,8(sp)
    1d44:	0141                	addi	sp,sp,16
    1d46:	8082                	ret

00001d48 <_fstat_r>:
_fstat_r():
    1d48:	1141                	addi	sp,sp,-16
    1d4a:	c422                	sw	s0,8(sp)
    1d4c:	842a                	mv	s0,a0
    1d4e:	852e                	mv	a0,a1
    1d50:	85b2                	mv	a1,a2
    1d52:	8201aa23          	sw	zero,-1996(gp) # 200008bc <errno>
    1d56:	c606                	sw	ra,12(sp)
    1d58:	21a1                	jal	21a0 <_fstat>
    1d5a:	57fd                	li	a5,-1
    1d5c:	00f51663          	bne	a0,a5,1d68 <_fstat_r+0x20>
    1d60:	8341a783          	lw	a5,-1996(gp) # 200008bc <errno>
    1d64:	c391                	beqz	a5,1d68 <_fstat_r+0x20>
    1d66:	c01c                	sw	a5,0(s0)
    1d68:	40b2                	lw	ra,12(sp)
    1d6a:	4422                	lw	s0,8(sp)
    1d6c:	0141                	addi	sp,sp,16
    1d6e:	8082                	ret

00001d70 <_isatty_r>:
_isatty_r():
    1d70:	1141                	addi	sp,sp,-16
    1d72:	c422                	sw	s0,8(sp)
    1d74:	842a                	mv	s0,a0
    1d76:	852e                	mv	a0,a1
    1d78:	8201aa23          	sw	zero,-1996(gp) # 200008bc <errno>
    1d7c:	c606                	sw	ra,12(sp)
    1d7e:	213d                	jal	21ac <_isatty>
    1d80:	57fd                	li	a5,-1
    1d82:	00f51663          	bne	a0,a5,1d8e <_isatty_r+0x1e>
    1d86:	8341a783          	lw	a5,-1996(gp) # 200008bc <errno>
    1d8a:	c391                	beqz	a5,1d8e <_isatty_r+0x1e>
    1d8c:	c01c                	sw	a5,0(s0)
    1d8e:	40b2                	lw	ra,12(sp)
    1d90:	4422                	lw	s0,8(sp)
    1d92:	0141                	addi	sp,sp,16
    1d94:	8082                	ret

00001d96 <_lseek_r>:
_lseek_r():
    1d96:	1141                	addi	sp,sp,-16
    1d98:	c422                	sw	s0,8(sp)
    1d9a:	842a                	mv	s0,a0
    1d9c:	852e                	mv	a0,a1
    1d9e:	85b2                	mv	a1,a2
    1da0:	8636                	mv	a2,a3
    1da2:	8201aa23          	sw	zero,-1996(gp) # 200008bc <errno>
    1da6:	c606                	sw	ra,12(sp)
    1da8:	2901                	jal	21b8 <_lseek>
    1daa:	57fd                	li	a5,-1
    1dac:	00f51663          	bne	a0,a5,1db8 <_lseek_r+0x22>
    1db0:	8341a783          	lw	a5,-1996(gp) # 200008bc <errno>
    1db4:	c391                	beqz	a5,1db8 <_lseek_r+0x22>
    1db6:	c01c                	sw	a5,0(s0)
    1db8:	40b2                	lw	ra,12(sp)
    1dba:	4422                	lw	s0,8(sp)
    1dbc:	0141                	addi	sp,sp,16
    1dbe:	8082                	ret

00001dc0 <memchr>:
memchr():
    1dc0:	0ff5f593          	zext.b	a1,a1
    1dc4:	962a                	add	a2,a2,a0
    1dc6:	00c51463          	bne	a0,a2,1dce <memchr+0xe>
    1dca:	4501                	li	a0,0
    1dcc:	8082                	ret
    1dce:	211c                	lbu	a5,0(a0)
    1dd0:	feb78ee3          	beq	a5,a1,1dcc <memchr+0xc>
    1dd4:	0505                	addi	a0,a0,1
    1dd6:	bfc5                	j	1dc6 <memchr+0x6>

00001dd8 <__malloc_lock>:
__malloc_lock():
    1dd8:	82018513          	addi	a0,gp,-2016 # 200008a8 <__lock___malloc_recursive_mutex>
    1ddc:	857ff06f          	j	1632 <__retarget_lock_acquire_recursive>

00001de0 <__malloc_unlock>:
__malloc_unlock():
    1de0:	82018513          	addi	a0,gp,-2016 # 200008a8 <__lock___malloc_recursive_mutex>
    1de4:	851ff06f          	j	1634 <__retarget_lock_release_recursive>

00001de8 <_printf_common>:
_printf_common():
    1de8:	7179                	addi	sp,sp,-48
    1dea:	ca56                	sw	s5,20(sp)
    1dec:	499c                	lw	a5,16(a1)
    1dee:	8aba                	mv	s5,a4
    1df0:	4598                	lw	a4,8(a1)
    1df2:	d422                	sw	s0,40(sp)
    1df4:	d04a                	sw	s2,32(sp)
    1df6:	ce4e                	sw	s3,28(sp)
    1df8:	cc52                	sw	s4,24(sp)
    1dfa:	d606                	sw	ra,44(sp)
    1dfc:	d226                	sw	s1,36(sp)
    1dfe:	c85a                	sw	s6,16(sp)
    1e00:	c65e                	sw	s7,12(sp)
    1e02:	0ae7e7b3          	max	a5,a5,a4
    1e06:	c21c                	sw	a5,0(a2)
    1e08:	0435c703          	lbu	a4,67(a1)
    1e0c:	89aa                	mv	s3,a0
    1e0e:	842e                	mv	s0,a1
    1e10:	8932                	mv	s2,a2
    1e12:	8a36                	mv	s4,a3
    1e14:	c319                	beqz	a4,1e1a <_printf_common+0x32>
    1e16:	0785                	addi	a5,a5,1
    1e18:	c21c                	sw	a5,0(a2)
    1e1a:	401c                	lw	a5,0(s0)
    1e1c:	0207f793          	andi	a5,a5,32
    1e20:	c791                	beqz	a5,1e2c <_printf_common+0x44>
    1e22:	00092783          	lw	a5,0(s2)
    1e26:	0789                	addi	a5,a5,2
    1e28:	00f92023          	sw	a5,0(s2)
    1e2c:	4004                	lw	s1,0(s0)
    1e2e:	8899                	andi	s1,s1,6
    1e30:	e891                	bnez	s1,1e44 <_printf_common+0x5c>
    1e32:	01940b13          	addi	s6,s0,25
    1e36:	5bfd                	li	s7,-1
    1e38:	445c                	lw	a5,12(s0)
    1e3a:	00092703          	lw	a4,0(s2)
    1e3e:	8f99                	sub	a5,a5,a4
    1e40:	04f4cc63          	blt	s1,a5,1e98 <_printf_common+0xb0>
    1e44:	04344783          	lbu	a5,67(s0)
    1e48:	00f036b3          	snez	a3,a5
    1e4c:	401c                	lw	a5,0(s0)
    1e4e:	0207f793          	andi	a5,a5,32
    1e52:	eba5                	bnez	a5,1ec2 <_printf_common+0xda>
    1e54:	04340613          	addi	a2,s0,67
    1e58:	85d2                	mv	a1,s4
    1e5a:	854e                	mv	a0,s3
    1e5c:	9a82                	jalr	s5
    1e5e:	57fd                	li	a5,-1
    1e60:	04f50363          	beq	a0,a5,1ea6 <_printf_common+0xbe>
    1e64:	401c                	lw	a5,0(s0)
    1e66:	4711                	li	a4,4
    1e68:	4481                	li	s1,0
    1e6a:	8b99                	andi	a5,a5,6
    1e6c:	00e79963          	bne	a5,a4,1e7e <_printf_common+0x96>
    1e70:	00092783          	lw	a5,0(s2)
    1e74:	4444                	lw	s1,12(s0)
    1e76:	8c9d                	sub	s1,s1,a5
    1e78:	4781                	li	a5,0
    1e7a:	0af4e4b3          	max	s1,s1,a5
    1e7e:	441c                	lw	a5,8(s0)
    1e80:	4818                	lw	a4,16(s0)
    1e82:	00f75463          	bge	a4,a5,1e8a <_printf_common+0xa2>
    1e86:	8f99                	sub	a5,a5,a4
    1e88:	94be                	add	s1,s1,a5
    1e8a:	4901                	li	s2,0
    1e8c:	0469                	addi	s0,s0,26
    1e8e:	5b7d                	li	s6,-1
    1e90:	05249863          	bne	s1,s2,1ee0 <_printf_common+0xf8>
    1e94:	4501                	li	a0,0
    1e96:	a809                	j	1ea8 <_printf_common+0xc0>
    1e98:	4685                	li	a3,1
    1e9a:	865a                	mv	a2,s6
    1e9c:	85d2                	mv	a1,s4
    1e9e:	854e                	mv	a0,s3
    1ea0:	9a82                	jalr	s5
    1ea2:	01751e63          	bne	a0,s7,1ebe <_printf_common+0xd6>
    1ea6:	557d                	li	a0,-1
    1ea8:	50b2                	lw	ra,44(sp)
    1eaa:	5422                	lw	s0,40(sp)
    1eac:	5492                	lw	s1,36(sp)
    1eae:	5902                	lw	s2,32(sp)
    1eb0:	49f2                	lw	s3,28(sp)
    1eb2:	4a62                	lw	s4,24(sp)
    1eb4:	4ad2                	lw	s5,20(sp)
    1eb6:	4b42                	lw	s6,16(sp)
    1eb8:	4bb2                	lw	s7,12(sp)
    1eba:	6145                	addi	sp,sp,48
    1ebc:	8082                	ret
    1ebe:	0485                	addi	s1,s1,1
    1ec0:	bfa5                	j	1e38 <_printf_common+0x50>
    1ec2:	00d40733          	add	a4,s0,a3
    1ec6:	03000613          	li	a2,48
    1eca:	04c701a3          	sb	a2,67(a4)
    1ece:	04544703          	lbu	a4,69(s0)
    1ed2:	00168793          	addi	a5,a3,1
    1ed6:	97a2                	add	a5,a5,s0
    1ed8:	0689                	addi	a3,a3,2
    1eda:	04e781a3          	sb	a4,67(a5)
    1ede:	bf9d                	j	1e54 <_printf_common+0x6c>
    1ee0:	4685                	li	a3,1
    1ee2:	8622                	mv	a2,s0
    1ee4:	85d2                	mv	a1,s4
    1ee6:	854e                	mv	a0,s3
    1ee8:	9a82                	jalr	s5
    1eea:	fb650ee3          	beq	a0,s6,1ea6 <_printf_common+0xbe>
    1eee:	0905                	addi	s2,s2,1
    1ef0:	b745                	j	1e90 <_printf_common+0xa8>

00001ef2 <_printf_i>:
_printf_i():
    1ef2:	7179                	addi	sp,sp,-48
    1ef4:	d422                	sw	s0,40(sp)
    1ef6:	d04a                	sw	s2,32(sp)
    1ef8:	ce4e                	sw	s3,28(sp)
    1efa:	cc52                	sw	s4,24(sp)
    1efc:	d606                	sw	ra,44(sp)
    1efe:	d226                	sw	s1,36(sp)
    1f00:	ca56                	sw	s5,20(sp)
    1f02:	c85a                	sw	s6,16(sp)
    1f04:	0185c803          	lbu	a6,24(a1)
    1f08:	07800793          	li	a5,120
    1f0c:	892a                	mv	s2,a0
    1f0e:	842e                	mv	s0,a1
    1f10:	89b2                	mv	s3,a2
    1f12:	8a36                	mv	s4,a3
    1f14:	0307e263          	bltu	a5,a6,1f38 <_printf_i+0x46>
    1f18:	06200793          	li	a5,98
    1f1c:	04358693          	addi	a3,a1,67
    1f20:	0307e163          	bltu	a5,a6,1f42 <_printf_i+0x50>
    1f24:	1c080b63          	beqz	a6,20fa <_printf_i+0x208>
    1f28:	05800793          	li	a5,88
    1f2c:	00000617          	auipc	a2,0x0
    1f30:	3e060613          	addi	a2,a2,992 # 230c <__sf_fake_stdin+0x34>
    1f34:	14f80763          	beq	a6,a5,2082 <_printf_i+0x190>
    1f38:	04240493          	addi	s1,s0,66
    1f3c:	05040123          	sb	a6,66(s0)
    1f40:	a815                	j	1f74 <_printf_i+0x82>
    1f42:	f9d80793          	addi	a5,a6,-99
    1f46:	0ff7f793          	zext.b	a5,a5
    1f4a:	4655                	li	a2,21
    1f4c:	fef666e3          	bltu	a2,a5,1f38 <_printf_i+0x46>
    1f50:	00000617          	auipc	a2,0x0
    1f54:	3e460613          	addi	a2,a2,996 # 2334 <__sf_fake_stdin+0x5c>
    1f58:	20c7c7b3          	sh2add	a5,a5,a2
    1f5c:	439c                	lw	a5,0(a5)
    1f5e:	97b2                	add	a5,a5,a2
    1f60:	8782                	jr	a5
    1f62:	431c                	lw	a5,0(a4)
    1f64:	04258493          	addi	s1,a1,66
    1f68:	00478693          	addi	a3,a5,4
    1f6c:	439c                	lw	a5,0(a5)
    1f6e:	c314                	sw	a3,0(a4)
    1f70:	04f58123          	sb	a5,66(a1)
    1f74:	4785                	li	a5,1
    1f76:	a265                	j	211e <_printf_i+0x22c>
    1f78:	4190                	lw	a2,0(a1)
    1f7a:	431c                	lw	a5,0(a4)
    1f7c:	08067513          	andi	a0,a2,128
    1f80:	00478593          	addi	a1,a5,4
    1f84:	c129                	beqz	a0,1fc6 <_printf_i+0xd4>
    1f86:	439c                	lw	a5,0(a5)
    1f88:	c30c                	sw	a1,0(a4)
    1f8a:	4058                	lw	a4,4(s0)
    1f8c:	1207de63          	bgez	a5,20c8 <_printf_i+0x1d6>
    1f90:	02d00593          	li	a1,45
    1f94:	04b401a3          	sb	a1,67(s0)
    1f98:	c418                	sw	a4,8(s0)
    1f9a:	02075e63          	bgez	a4,1fd6 <_printf_i+0xe4>
    1f9e:	40f007b3          	neg	a5,a5
    1fa2:	00000617          	auipc	a2,0x0
    1fa6:	36a60613          	addi	a2,a2,874 # 230c <__sf_fake_stdin+0x34>
    1faa:	4829                	li	a6,10
    1fac:	84b6                	mv	s1,a3
    1fae:	0307f733          	remu	a4,a5,a6
    1fb2:	14fd                	addi	s1,s1,-1
    1fb4:	9732                	add	a4,a4,a2
    1fb6:	2318                	lbu	a4,0(a4)
    1fb8:	a098                	sb	a4,0(s1)
    1fba:	873e                	mv	a4,a5
    1fbc:	0307d7b3          	divu	a5,a5,a6
    1fc0:	ff0777e3          	bgeu	a4,a6,1fae <_printf_i+0xbc>
    1fc4:	a085                	j	2024 <_printf_i+0x132>
    1fc6:	439c                	lw	a5,0(a5)
    1fc8:	04067513          	andi	a0,a2,64
    1fcc:	c30c                	sw	a1,0(a4)
    1fce:	dd55                	beqz	a0,1f8a <_printf_i+0x98>
    1fd0:	60579793          	sext.h	a5,a5
    1fd4:	bf5d                	j	1f8a <_printf_i+0x98>
    1fd6:	9a6d                	andi	a2,a2,-5
    1fd8:	c010                	sw	a2,0(s0)
    1fda:	b7d1                	j	1f9e <_printf_i+0xac>
    1fdc:	4190                	lw	a2,0(a1)
    1fde:	431c                	lw	a5,0(a4)
    1fe0:	08067513          	andi	a0,a2,128
    1fe4:	00478593          	addi	a1,a5,4
    1fe8:	c501                	beqz	a0,1ff0 <_printf_i+0xfe>
    1fea:	c30c                	sw	a1,0(a4)
    1fec:	439c                	lw	a5,0(a5)
    1fee:	a031                	j	1ffa <_printf_i+0x108>
    1ff0:	04067613          	andi	a2,a2,64
    1ff4:	c30c                	sw	a1,0(a4)
    1ff6:	da7d                	beqz	a2,1fec <_printf_i+0xfa>
    1ff8:	239e                	lhu	a5,0(a5)
    1ffa:	06f00713          	li	a4,111
    1ffe:	00000617          	auipc	a2,0x0
    2002:	30e60613          	addi	a2,a2,782 # 230c <__sf_fake_stdin+0x34>
    2006:	0ae81f63          	bne	a6,a4,20c4 <_printf_i+0x1d2>
    200a:	4821                	li	a6,8
    200c:	040401a3          	sb	zero,67(s0)
    2010:	4058                	lw	a4,4(s0)
    2012:	c418                	sw	a4,8(s0)
    2014:	f8074ce3          	bltz	a4,1fac <_printf_i+0xba>
    2018:	400c                	lw	a1,0(s0)
    201a:	99ed                	andi	a1,a1,-5
    201c:	c00c                	sw	a1,0(s0)
    201e:	f7d9                	bnez	a5,1fac <_printf_i+0xba>
    2020:	84b6                	mv	s1,a3
    2022:	f749                	bnez	a4,1fac <_printf_i+0xba>
    2024:	47a1                	li	a5,8
    2026:	00f81e63          	bne	a6,a5,2042 <_printf_i+0x150>
    202a:	401c                	lw	a5,0(s0)
    202c:	8b85                	andi	a5,a5,1
    202e:	cb91                	beqz	a5,2042 <_printf_i+0x150>
    2030:	4058                	lw	a4,4(s0)
    2032:	481c                	lw	a5,16(s0)
    2034:	00e7c763          	blt	a5,a4,2042 <_printf_i+0x150>
    2038:	03000793          	li	a5,48
    203c:	fef48fa3          	sb	a5,-1(s1)
    2040:	14fd                	addi	s1,s1,-1
    2042:	8e85                	sub	a3,a3,s1
    2044:	c814                	sw	a3,16(s0)
    2046:	8752                	mv	a4,s4
    2048:	86ce                	mv	a3,s3
    204a:	0070                	addi	a2,sp,12
    204c:	85a2                	mv	a1,s0
    204e:	854a                	mv	a0,s2
    2050:	3b61                	jal	1de8 <_printf_common>
    2052:	5afd                	li	s5,-1
    2054:	0d551963          	bne	a0,s5,2126 <_printf_i+0x234>
    2058:	557d                	li	a0,-1
    205a:	50b2                	lw	ra,44(sp)
    205c:	5422                	lw	s0,40(sp)
    205e:	5492                	lw	s1,36(sp)
    2060:	5902                	lw	s2,32(sp)
    2062:	49f2                	lw	s3,28(sp)
    2064:	4a62                	lw	s4,24(sp)
    2066:	4ad2                	lw	s5,20(sp)
    2068:	4b42                	lw	s6,16(sp)
    206a:	6145                	addi	sp,sp,48
    206c:	8082                	ret
    206e:	419c                	lw	a5,0(a1)
    2070:	0207e793          	ori	a5,a5,32
    2074:	c19c                	sw	a5,0(a1)
    2076:	07800813          	li	a6,120
    207a:	00000617          	auipc	a2,0x0
    207e:	2a660613          	addi	a2,a2,678 # 2320 <__sf_fake_stdin+0x48>
    2082:	050402a3          	sb	a6,69(s0)
    2086:	400c                	lw	a1,0(s0)
    2088:	431c                	lw	a5,0(a4)
    208a:	0805f813          	andi	a6,a1,128
    208e:	00478513          	addi	a0,a5,4
    2092:	00080563          	beqz	a6,209c <_printf_i+0x1aa>
    2096:	c308                	sw	a0,0(a4)
    2098:	439c                	lw	a5,0(a5)
    209a:	a039                	j	20a8 <_printf_i+0x1b6>
    209c:	0405f813          	andi	a6,a1,64
    20a0:	c308                	sw	a0,0(a4)
    20a2:	fe080be3          	beqz	a6,2098 <_printf_i+0x1a6>
    20a6:	239e                	lhu	a5,0(a5)
    20a8:	0015f713          	andi	a4,a1,1
    20ac:	c701                	beqz	a4,20b4 <_printf_i+0x1c2>
    20ae:	0205e593          	ori	a1,a1,32
    20b2:	c00c                	sw	a1,0(s0)
    20b4:	c399                	beqz	a5,20ba <_printf_i+0x1c8>
    20b6:	4841                	li	a6,16
    20b8:	bf91                	j	200c <_printf_i+0x11a>
    20ba:	4018                	lw	a4,0(s0)
    20bc:	fdf77713          	andi	a4,a4,-33
    20c0:	c018                	sw	a4,0(s0)
    20c2:	bfd5                	j	20b6 <_printf_i+0x1c4>
    20c4:	4829                	li	a6,10
    20c6:	b799                	j	200c <_printf_i+0x11a>
    20c8:	00000617          	auipc	a2,0x0
    20cc:	24460613          	addi	a2,a2,580 # 230c <__sf_fake_stdin+0x34>
    20d0:	4829                	li	a6,10
    20d2:	bf3d                	j	2010 <_printf_i+0x11e>
    20d4:	4190                	lw	a2,0(a1)
    20d6:	431c                	lw	a5,0(a4)
    20d8:	49cc                	lw	a1,20(a1)
    20da:	08067813          	andi	a6,a2,128
    20de:	00478513          	addi	a0,a5,4
    20e2:	00080663          	beqz	a6,20ee <_printf_i+0x1fc>
    20e6:	c308                	sw	a0,0(a4)
    20e8:	439c                	lw	a5,0(a5)
    20ea:	c38c                	sw	a1,0(a5)
    20ec:	a039                	j	20fa <_printf_i+0x208>
    20ee:	c308                	sw	a0,0(a4)
    20f0:	04067613          	andi	a2,a2,64
    20f4:	439c                	lw	a5,0(a5)
    20f6:	da75                	beqz	a2,20ea <_printf_i+0x1f8>
    20f8:	a38e                	sh	a1,0(a5)
    20fa:	00042823          	sw	zero,16(s0)
    20fe:	84b6                	mv	s1,a3
    2100:	b799                	j	2046 <_printf_i+0x154>
    2102:	431c                	lw	a5,0(a4)
    2104:	41d0                	lw	a2,4(a1)
    2106:	4581                	li	a1,0
    2108:	00478693          	addi	a3,a5,4
    210c:	c314                	sw	a3,0(a4)
    210e:	4384                	lw	s1,0(a5)
    2110:	8526                	mv	a0,s1
    2112:	317d                	jal	1dc0 <memchr>
    2114:	c501                	beqz	a0,211c <_printf_i+0x22a>
    2116:	409507b3          	sub	a5,a0,s1
    211a:	c05c                	sw	a5,4(s0)
    211c:	405c                	lw	a5,4(s0)
    211e:	c81c                	sw	a5,16(s0)
    2120:	040401a3          	sb	zero,67(s0)
    2124:	b70d                	j	2046 <_printf_i+0x154>
    2126:	4814                	lw	a3,16(s0)
    2128:	8626                	mv	a2,s1
    212a:	85ce                	mv	a1,s3
    212c:	854a                	mv	a0,s2
    212e:	9a02                	jalr	s4
    2130:	f35504e3          	beq	a0,s5,2058 <_printf_i+0x166>
    2134:	401c                	lw	a5,0(s0)
    2136:	8b89                	andi	a5,a5,2
    2138:	e785                	bnez	a5,2160 <_printf_i+0x26e>
    213a:	4448                	lw	a0,12(s0)
    213c:	47b2                	lw	a5,12(sp)
    213e:	0af56533          	max	a0,a0,a5
    2142:	bf21                	j	205a <_printf_i+0x168>
    2144:	4685                	li	a3,1
    2146:	8656                	mv	a2,s5
    2148:	85ce                	mv	a1,s3
    214a:	854a                	mv	a0,s2
    214c:	9a02                	jalr	s4
    214e:	f16505e3          	beq	a0,s6,2058 <_printf_i+0x166>
    2152:	0485                	addi	s1,s1,1
    2154:	445c                	lw	a5,12(s0)
    2156:	4732                	lw	a4,12(sp)
    2158:	8f99                	sub	a5,a5,a4
    215a:	fef4c5e3          	blt	s1,a5,2144 <_printf_i+0x252>
    215e:	bff1                	j	213a <_printf_i+0x248>
    2160:	4481                	li	s1,0
    2162:	01940a93          	addi	s5,s0,25
    2166:	5b7d                	li	s6,-1
    2168:	b7f5                	j	2154 <_printf_i+0x262>

0000216a <_read_r>:
_read_r():
    216a:	1141                	addi	sp,sp,-16
    216c:	c422                	sw	s0,8(sp)
    216e:	842a                	mv	s0,a0
    2170:	852e                	mv	a0,a1
    2172:	85b2                	mv	a1,a2
    2174:	8636                	mv	a2,a3
    2176:	8201aa23          	sw	zero,-1996(gp) # 200008bc <errno>
    217a:	c606                	sw	ra,12(sp)
    217c:	20a1                	jal	21c4 <_read>
    217e:	57fd                	li	a5,-1
    2180:	00f51663          	bne	a0,a5,218c <_read_r+0x22>
    2184:	8341a783          	lw	a5,-1996(gp) # 200008bc <errno>
    2188:	c391                	beqz	a5,218c <_read_r+0x22>
    218a:	c01c                	sw	a5,0(s0)
    218c:	40b2                	lw	ra,12(sp)
    218e:	4422                	lw	s0,8(sp)
    2190:	0141                	addi	sp,sp,16
    2192:	8082                	ret

00002194 <_close>:
_close():
    2194:	05800793          	li	a5,88
    2198:	82f1aa23          	sw	a5,-1996(gp) # 200008bc <errno>
    219c:	557d                	li	a0,-1
    219e:	8082                	ret

000021a0 <_fstat>:
_fstat():
    21a0:	05800793          	li	a5,88
    21a4:	82f1aa23          	sw	a5,-1996(gp) # 200008bc <errno>
    21a8:	557d                	li	a0,-1
    21aa:	8082                	ret

000021ac <_isatty>:
_isatty():
    21ac:	05800793          	li	a5,88
    21b0:	82f1aa23          	sw	a5,-1996(gp) # 200008bc <errno>
    21b4:	4501                	li	a0,0
    21b6:	8082                	ret

000021b8 <_lseek>:
_lseek():
    21b8:	05800793          	li	a5,88
    21bc:	82f1aa23          	sw	a5,-1996(gp) # 200008bc <errno>
    21c0:	557d                	li	a0,-1
    21c2:	8082                	ret

000021c4 <_read>:
_read():
    21c4:	05800793          	li	a5,88
    21c8:	82f1aa23          	sw	a5,-1996(gp) # 200008bc <errno>
    21cc:	557d                	li	a0,-1
    21ce:	8082                	ret
    21d0:	4c50                	lw	a2,28(s0)
    21d2:	004c                	addi	a1,sp,4
    21d4:	5348                	lw	a0,36(a4)
    21d6:	0045                	c.nop	17
    21d8:	37354843          	.4byte	0x37354843
    21dc:	4430                	lw	a2,72(s0)
    21de:	4220                	lw	s0,64(a2)
    21e0:	6361                	lui	t1,0x18
    21e2:	6163736b          	.4byte	0x6163736b
    21e6:	7474                	.2byte	0x7474
    21e8:	7265                	lui	tp,0xffff9
    21ea:	5620                	lw	s0,104(a2)
    21ec:	00000033          	add	zero,zero,zero
    21f0:	636f6c43          	.4byte	0x636f6c43
    21f4:	6f73206b          	.4byte	0x6f73206b
    21f8:	7275                	lui	tp,0xffffd
    21fa:	3a206563          	bltu	zero,sp,25a4 <_data_lma+0x214>
    21fe:	2520                	lbu	s0,10(a0)
    2200:	00000a73          	.4byte	0xa73
    2204:	7246                	.2byte	0x7246
    2206:	7165                	addi	sp,sp,-400
    2208:	2030                	lbu	a2,2(s0)
    220a:	6570                	.2byte	0x6570
    220c:	6972                	.2byte	0x6972
    220e:	3a20646f          	jal	s0,85b0 <_data_lma+0x6220>
    2212:	2520                	lbu	s0,10(a0)
    2214:	2c75                	jal	24d0 <_data_lma+0x140>
    2216:	2020                	lbu	s0,2(s0)
    2218:	6465                	lui	s0,0x19
    221a:	2f736567          	.4byte	0x2f736567
    221e:	6962                	.2byte	0x6962
    2220:	3a74                	lbu	a3,23(a2)
    2222:	2520                	lbu	s0,10(a0)
    2224:	0a75                	addi	s4,s4,29
    2226:	0000                	unimp
    2228:	7246                	.2byte	0x7246
    222a:	7165                	addi	sp,sp,-400
    222c:	2031                	jal	2238 <_read+0x74>
    222e:	6570                	.2byte	0x6570
    2230:	6972                	.2byte	0x6972
    2232:	3a20646f          	jal	s0,85d4 <_data_lma+0x6244>
    2236:	2520                	lbu	s0,10(a0)
    2238:	2c75                	jal	24f4 <_data_lma+0x164>
    223a:	2020                	lbu	s0,2(s0)
    223c:	6465                	lui	s0,0x19
    223e:	2f736567          	.4byte	0x2f736567
    2242:	6962                	.2byte	0x6962
    2244:	3a74                	lbu	a3,23(a2)
    2246:	2520                	lbu	s0,10(a0)
    2248:	0a75                	addi	s4,s4,29
    224a:	0000                	unimp
    224c:	6f4d                	lui	t5,0x13
    224e:	6564                	.2byte	0x6564
    2250:	203a                	lhu	a4,2(s0)
    2252:	6570                	.2byte	0x6570
    2254:	6972                	.2byte	0x6972
    2256:	6369646f          	jal	s0,9888c <_data_lma+0x964fc>
    225a:	5420                	lw	s0,104(s0)
    225c:	2058                	lbu	a4,4(s0)
    225e:	7665                	lui	a2,0xffff9
    2260:	7265                	lui	tp,0xffff9
    2262:	2079                	jal	22f0 <__sf_fake_stdin+0x18>
    2264:	6425                	lui	s0,0x9
    2266:	6d20                	.2byte	0x6d20
    2268:	00000a73          	.4byte	0xa73
    226c:	6550                	.2byte	0x6550
    226e:	6972                	.2byte	0x6972
    2270:	6369646f          	jal	s0,988a6 <_data_lma+0x96516>
    2274:	5420                	lw	s0,104(s0)
    2276:	2058                	lbu	a4,4(s0)
    2278:	6e65                	lui	t3,0x19
    227a:	0064                	addi	s1,sp,12
    227c:	3025                	jal	1aa4 <_vfiprintf_r+0x128>
    227e:	7832                	.2byte	0x7832
    2280:	0020                	addi	s0,sp,8
    2282:	0000                	unimp
    2284:	e916                	.2byte	0xe916
    2286:	ffff                	.2byte	0xffff
    2288:	e92e                	.2byte	0xe92e
    228a:	ffff                	.2byte	0xffff
    228c:	e952                	.2byte	0xe952
    228e:	ffff                	.2byte	0xffff
    2290:	e95c                	.2byte	0xe95c
    2292:	ffff                	.2byte	0xffff
    2294:	e972                	.2byte	0xe972
    2296:	ffff                	.2byte	0xffff

00002298 <__sf_fake_stderr>:
	...

000022b8 <__sf_fake_stdout>:
	...

000022d8 <__sf_fake_stdin>:
	...
    22f8:	2d23 2b30 0020 0000 6c68 004c 6665 4567     #-0+ ...hlL.efgE
    2308:	4746 0000 3130 3332 3534 3736 3938 4241     FG..0123456789AB
    2318:	4443 4645 0000 0000 3130 3332 3534 3736     CDEF....01234567
    2328:	3938 6261 6463 6665 0000 0000 fc2e ffff     89abcdef........
    2338:	fc44 ffff fc04 ffff fc04 ffff fc04 ffff     D...............
    2348:	fc04 ffff fc44 ffff fc04 ffff fc04 ffff     ....D...........
    2358:	fc04 ffff fc04 ffff fda0 ffff fca8 ffff     ................
    2368:	fd3a ffff fc04 ffff fc04 ffff fdce ffff     :...............
    2378:	fc04 ffff fca8 ffff fc04 ffff fc04 ffff     ................
    2388:	fd42 ffff                                   B...

Disassembly of section .vector_handler:

0000238c <BB_IRQHandler>:
ENDOCE_IRQHandler():
c:\Users\seanw\Downloads\CH570D-Backscatter-V3\CH570D-Backscatter-V3\obj/../Startup/startup_CH572.S:111
	j 1b
    238c:	a001                	j	238c <BB_IRQHandler>
