
earth-computar.elf:     file format elf32-littleriscv
earth-computar.elf
architecture: riscv:rv32, flags 0x00000112:
EXEC_P, HAS_SYMS, D_PAGED
start address 0x00000000

Program Header:
0x70000003 off    0x00019e18 vaddr 0x00000000 paddr 0x00000000 align 2**0
         filesz 0x00000051 memsz 0x00000000 flags r--
    LOAD off    0x00001000 vaddr 0x00000000 paddr 0x00000000 align 2**12
         filesz 0x00000004 memsz 0x00000004 flags r-x
    LOAD off    0x00002000 vaddr 0x20000000 paddr 0x00000004 align 2**12
         filesz 0x00000dc4 memsz 0x00000dc4 flags r-x
    LOAD off    0x00002dc8 vaddr 0x00000dc8 paddr 0x00000dc8 align 2**12
         filesz 0x00002266 memsz 0x00002268 flags rwx
    LOAD off    0x00005dc4 vaddr 0x20000dc4 paddr 0x00003030 align 2**12
         filesz 0x00000078 memsz 0x00000298 flags rw-

Sections:
Idx Name                 Size      VMA       LMA       File off  Algn  Flags
  0 .init                00000004  00000000  00000000  00001000  2**1  CONTENTS, ALLOC, LOAD, READONLY, CODE
  1 .highcode_initlalign 00000000  00000004  00000004  00005e3c  2**0  CONTENTS
  2 .highcodelalign      00000000  00000004  00000004  00005e3c  2**0  CONTENTS
  3 .highcode            00000dc4  20000000  00000004  00002000  2**1  CONTENTS, ALLOC, LOAD, READONLY, CODE
  4 .text                00002264  00000dc8  00000dc8  00002dc8  2**2  CONTENTS, ALLOC, LOAD, READONLY, CODE
  5 .vector_handler      00000002  0000302c  0000302c  0000502c  2**0  CONTENTS, ALLOC, LOAD, READONLY, CODE
  6 .fini                00000002  0000302e  0000302e  0000502e  2**0  ALLOC, CODE
  7 .dlalign             00000000  00003030  00003030  00005e3c  2**0  CONTENTS
  8 .data                00000078  20000dc4  00003030  00005dc4  2**2  CONTENTS, ALLOC, LOAD, DATA
  9 .bss                 00000220  20000e3c  000030a8  00005e3c  2**2  ALLOC
 10 .stack               00000000  20003000  20003000  00005e3c  2**0  CONTENTS
 11 .debug_info          000060ad  00000000  00000000  00005e3c  2**0  CONTENTS, READONLY, DEBUGGING, OCTETS
 12 .debug_abbrev        00001933  00000000  00000000  0000bee9  2**0  CONTENTS, READONLY, DEBUGGING, OCTETS
 13 .debug_loclists      0000248b  00000000  00000000  0000d81c  2**0  CONTENTS, READONLY, DEBUGGING, OCTETS
 14 .debug_aranges       00000458  00000000  00000000  0000fca8  2**3  CONTENTS, READONLY, DEBUGGING, OCTETS
 15 .debug_rnglists      000007f5  00000000  00000000  00010100  2**0  CONTENTS, READONLY, DEBUGGING, OCTETS
 16 .debug_line          000078af  00000000  00000000  000108f5  2**0  CONTENTS, READONLY, DEBUGGING, OCTETS
 17 .debug_str           00001715  00000000  00000000  000181a4  2**0  CONTENTS, READONLY, DEBUGGING, OCTETS
 18 .debug_line_str      000004fb  00000000  00000000  000198b9  2**0  CONTENTS, READONLY, DEBUGGING, OCTETS
 19 .comment             00000064  00000000  00000000  00019db4  2**0  CONTENTS, READONLY
 20 .riscv.attributes    00000051  00000000  00000000  00019e18  2**0  CONTENTS, READONLY
 21 .debug_frame         00000a74  00000000  00000000  00019e6c  2**2  CONTENTS, READONLY, DEBUGGING, OCTETS
SYMBOL TABLE:
00000000 l    d  .init	00000000 .init
00000004 l    d  .highcode_initlalign	00000000 .highcode_initlalign
00000004 l    d  .highcodelalign	00000000 .highcodelalign
20000000 l    d  .highcode	00000000 .highcode
00000dc8 l    d  .text	00000000 .text
0000302c l    d  .vector_handler	00000000 .vector_handler
0000302e l    d  .fini	00000000 .fini
00003030 l    d  .dlalign	00000000 .dlalign
20000dc4 l    d  .data	00000000 .data
20000e3c l    d  .bss	00000000 .bss
20003000 l    d  .stack	00000000 .stack
00000000 l    d  .debug_info	00000000 .debug_info
00000000 l    d  .debug_abbrev	00000000 .debug_abbrev
00000000 l    d  .debug_loclists	00000000 .debug_loclists
00000000 l    d  .debug_aranges	00000000 .debug_aranges
00000000 l    d  .debug_rnglists	00000000 .debug_rnglists
00000000 l    d  .debug_line	00000000 .debug_line
00000000 l    d  .debug_str	00000000 .debug_str
00000000 l    d  .debug_line_str	00000000 .debug_line_str
00000000 l    d  .comment	00000000 .comment
00000000 l    d  .riscv.attributes	00000000 .riscv.attributes
00000000 l    d  .debug_frame	00000000 .debug_frame
00000000 l    df *ABS*	00000000 startup_CH572.o
0000302c l       .vector_handler	00000000 ENDOCE_IRQHandler
00000000 l    df *ABS*	00000000 app_i2c.c
20000e4a l     O .bss	00000001 i2c_state
20000e48 l     O .bss	00000001 i2c_send_stop
20000e47 l     O .bss	00000001 i2c_in_repstart
20000e3c l     O .bss	00000004 slave_cb
20000e40 l     O .bss	00000001 i2c_error
20000eb0 l     O .bss	00000020 i2c_master_buffer
20000e45 l     O .bss	00000001 i2c_master_buffer_length
20000e46 l     O .bss	00000001 i2c_master_buffer_index
20000e49 l     O .bss	00000001 i2c_slave_addr_rw
20000e41 l     O .bss	00000001 is_nack_sent
20000e44 l     O .bss	00000001 i2c_slave_txbuffer_index
20000e43 l     O .bss	00000001 i2c_slave_txbuffer_length
20000e90 l     O .bss	00000020 i2c_slave_txbuffer
20000e42 l     O .bss	00000001 i2c_slave_rxbuffer_index
20000e70 l     O .bss	00000020 i2c_slave_rxbuffer
00000000 l    df *ABS*	00000000 Main.c
200004a2 l     F .highcode	0000006c ResumeFSK
20000e4e l     O .bss	00000002 bit_index
20000e4d l     O .bss	00000001 tx_done
20000f9c l     O .bss	000000c0 pwm_periods
20000edc l     O .bss	000000c0 bit_counts
2000050e l     F .highcode	0000007c StartFSK
20000ed0 l     O .bss	0000000c message
20000e4b l     O .bss	00000001 seq
20000e4c l     O .bss	00000001 tables_built
00000000 l    df *ABS*	00000000 CH57x_pwr.c
00000000 l    df *ABS*	00000000 CH57x_sys.c
20000e30 l     O .data	00000004 curbrk.0
00000000 l    df *ABS*	00000000 ISP572.c
20000afe l       .highcode	00000000 .loop52
20000b0c l       .highcode	00000000 .loop63
20000b1a l       .highcode	00000000 .loop74
20000c1a l       .highcode	00000000 .loop247
00000000 l    df *ABS*	00000000 lib_a-memcpy-asm.o
00000000 l    df *ABS*	00000000 lib_a-memset.o
00000000 l    df *ABS*	00000000 mcp9808.c
00000000 l    df *ABS*	00000000 packet_gen.c
20000dc4 l     O .data	0000000a packet_hdr
00000000 l    df *ABS*	00000000 utility.c
20000e50 l     O .bss	00000001 lsi_calibrated
00000000 l    df *ABS*	00000000 CH57x_clk.c
00000000 l    df *ABS*	00000000 CH57x_gpio.c
00000000 l    df *ABS*	00000000 CH57x_i2c.c
00000000 l    df *ABS*	00000000 lib_a-printf.o
00000000 l    df *ABS*	00000000 lib_a-wbuf.o
00000000 l    df *ABS*	00000000 lib_a-wsetup.o
00000000 l    df *ABS*	00000000 lib_a-fflush.o
00000000 l    df *ABS*	00000000 lib_a-findfp.o
00002110 l     F .text	00000066 std
00000000 l    df *ABS*	00000000 lib_a-fwalk.o
00000000 l    df *ABS*	00000000 lib_a-lock.o
00000000 l    df *ABS*	00000000 lib_a-makebuf.o
00000000 l    df *ABS*	00000000 lib_a-nano-freer.o
00000000 l    df *ABS*	00000000 lib_a-nano-mallocr.o
000024e2 l     F .text	00000054 sbrk_aligned
00000000 l    df *ABS*	00000000 lib_a-nano-vfprintf.o
00002638 l     F .text	00000028 __sfputc_r
00000000 l    df *ABS*	00000000 lib_a-sbrkr.o
00000000 l    df *ABS*	00000000 lib_a-stdio.o
00000000 l    df *ABS*	00000000 lib_a-writer.o
00000000 l    df *ABS*	00000000 lib_a-closer.o
00000000 l    df *ABS*	00000000 lib_a-fstatr.o
00000000 l    df *ABS*	00000000 lib_a-isattyr.o
00000000 l    df *ABS*	00000000 lib_a-lseekr.o
00000000 l    df *ABS*	00000000 lib_a-memchr.o
00000000 l    df *ABS*	00000000 lib_a-mlock.o
00000000 l    df *ABS*	00000000 lib_a-nano-vfprintf_i.o
00000000 l    df *ABS*	00000000 lib_a-readr.o
00000000 l    df *ABS*	00000000 close.o
00000000 l    df *ABS*	00000000 fstat.o
00000000 l    df *ABS*	00000000 isatty.o
00000000 l    df *ABS*	00000000 lseek.o
00000000 l    df *ABS*	00000000 read.o
00000000 l    df *ABS*	00000000 lib_a-impure.o
20000dd0 l     O .data	00000060 impure_data
00002a96 g     F .text	00000026 _isatty_r
00002abc g     F .text	0000002a _lseek_r
20000b1a g     F .highcode	0000000e FLASH_ROM_OUT
0000302c  w      .vector_handler	00000000 CMP_IRQHandler
00001d6c g     F .text	0000003e printf
20001630 g       .data	00000000 __global_pointer$
000018c6 g     F .text	0000000e I2C_ReceiveData
000029e8 g     F .text	0000002e __sseek
000021de g     F .text	00000068 __sinit
00001daa g     F .text	000000bc __swbuf_r
20000a8a g     F .highcode	0000000e mDelayuS
20000a04  w    F .highcode	00000084 HardFault_Handler
00002180 g     F .text	00000046 __sfmoreglue
00001a50 g     F .text	00000016 I2C_GetLastEvent
00002b06 g     F .text	00000008 __malloc_unlock
20000636 g     F .highcode	00000010 GPIOA_IRQHandler
0000302c  w      .vector_handler	00000000 SysTick_Handler
20000a88  w    F .highcode	00000002 NMI_Handler
0000302c  w      .vector_handler	00000000 UART_IRQHandler
0000144a g     F .text	00000052 SleepMs
0000140a g     F .text	00000022 add_header
20000646 g     F .highcode	0000016e LowPower_Sleep
00002a6e g     F .text	00000028 _fstat_r
20000e6c g     O .bss	00000004 errno
20000bde g     F .highcode	00000060 FLASH_CMD_ROM_WRITE
20000e3c g       .bss	00000000 _sbss
20000b0c g     F .highcode	0000000e FLASH_ROM_IN
000014ea g     F .text	00000050 HSECFG_Capacitance
000017ba g     F .text	00000074 GPIOA_ITModeCfg
00001894 g     F .text	00000028 I2C_ITConfig
00000e7a g     F .text	00000016 memcpy
00002176 g     F .text	0000000a _cleanup_r
0000302c  w      .vector_handler	00000000 SWI_Handler
00002ec6 g     F .text	0000000c _fstat
00000004 g       .init	00000000 _einit
000016fe g     F .text	0000001a RTC_GetITFlag
0000302c  w      .vector_handler	00000000 BB_IRQHandler
00001c42 g     F .text	0000012a FLASH_EEPROM_CMD
0000302c  w      .vector_handler	00000000 Break_Point_Handler
20000ba8 g     F .highcode	00000036 FLASH_START
00002950 g     F .text	00000028 _sbrk_r
00002e90 g     F .text	0000002a _read_r
20000aea g     F .highcode	00000014 FLASH_ROM_BEG
0000142c g     F .text	0000001e Sleep_Init
20000c3e g     F .highcode	00000072 FLASH_CMD_ROM_ERASE
20000a98 g     F .highcode	0000001e mDelaymS
0000302c  w      .vector_handler	00000000 Ecall_M_Mode_Handler
00002ed2 g     F .text	0000000c _isatty
20000e60 g     O .bss	00000001 __lock___sinit_recursive_mutex
20000e38 g     O .data	00000004 _global_impure_ptr
20000b28 g     F .highcode	00000048 FLASH_ROM_ADDR
00000fda g     F .text	00000108 i2c_read_from
000018bc g     F .text	0000000a I2C_SendData
00001c1a g     F .text	00000028 _sbrk
00001624 g     F .text	00000018 RTC_GetCycleLSI
000018ee g     F .text	00000162 I2C_Init
2000061c g     F .highcode	0000001a RTC_IRQHandler
2000105c g       .bss	00000000 _ebss
0000302c  w      .vector_handler	00000000 SPI_IRQHandler
20000e58 g     O .bss	00000001 __lock___malloc_recursive_mutex
20000b70 g     F .highcode	00000038 FLASH_ROM_WAIT
0000182e g     F .text	00000022 I2C_GenerateSTART
00002f38 g     O .text	00000020 __sf_fake_stderr
00001162 g     F .text	00000020 MCP9808_Sleep
20000000 g       .highcode	00000000 _vector_base
00002358 g     F .text	00000002 __retarget_lock_release_recursive
0000302c  w      .vector_handler	00000000 PWMX_IRQHandler
00002660 g     F .text	00000040 __sfputs_r
000021c6 g     F .text	00000006 __sfp_lock_acquire
00002ae6 g     F .text	00000018 memchr
00002444 g     F .text	0000009e _free_r
00000000 g       .init	00000000 _start
00001a66 g     F .text	0000003c I2C_GetFlagStatus
00002ede g     F .text	0000000c _lseek
0000163c g     F .text	00000068 RTC_TRIGFunCfg
20000000 g       .highcode	00000000 _highcode_vma_start
00000ea0 g     F .text	00000066 i2c_app_init
00001ab4 g     F .text	000000e6 PWR_PeriphWakeUpCfg
00002a48 g     F .text	00000026 _close_r
00001aa2 g     F .text	00000012 I2C_ClearFlag
0000302c  w      .vector_handler	00000000 KEYSCAN_IRQHandler
20000dc4 g       .data	00000000 _data_vma
200007b4 g     F .highcode	00000250 SetSysClock
0000302c  w      .vector_handler	00000000 USB_IRQHandler
00001e66 g     F .text	000000f2 __swsetup_r
20000d6c g     F .highcode	0000003e FLASH_CMD_GET_UNIQUE_ID
00002246 g     F .text	000000a6 __sfp
20000d00 g     F .highcode	00000012 FLASH_CMD_ROM_PWR
000021d8 g     F .text	00000006 __sinit_lock_release
00002978 g     F .text	0000002a __sread
00002afe g     F .text	00000008 __malloc_lock
0000208a g     F .text	00000086 _fflush_r
00002f78 g     O .text	00000020 __sf_fake_stdin
00002356 g     F .text	00000002 __retarget_lock_acquire_recursive
20000090 g     F .highcode	00000412 I2C_IRQHandler
00000e90 g     F .text	00000010 memset
00001244 g     F .text	000001bc main
00002354 g     F .text	00000002 __retarget_lock_init_recursive
00002a16 g     F .text	00000006 __sclose
0000153a g     F .text	000000ea RTC_InitClock
00002536 g     F .text	00000102 _malloc_r
00000004 g       .highcodelalign	00000000 _highcode_lma
000018d4 g     F .text	0000001a I2C_SoftwareResetCmd
00001d6c g     F .text	0000003e iprintf
0000149c g     F .text	0000004e HSECFG_Current
0000302c  w      .vector_handler	00000000 LLE_IRQHandler
00000000 g       .init	00000000 _sinit
00002a1c g     F .text	0000002c _write_r
20000daa g     F .highcode	0000001a FLASH_CMD_ROM_SW_RESET
2000058a g     F .highcode	00000092 TMR_IRQHandler
00002b0e g     F .text	0000010a _printf_common
20000e34 g     O .data	00000004 _impure_ptr
00001f58 g     F .text	00000132 __sflush_r
20000e54 g     O .bss	00000004 Freq_LSI
0000302c  w      .vector_handler	00000000 WDOG_BAT_IRQHandler
0000302c  w      .vector_handler	00000000 Ecall_U_Mode_Handler
20003000 g       .stack	00000000 _eusrstack
000010e2 g     F .text	0000001a MCP9808_SetResolution_0_5C
00001738 g     F .text	00000082 GPIOA_ModeCfg
0000235a g     F .text	00000058 __swhatbuf_r
00001b9a g     F .text	0000005a GetSysClock
00001718 g     F .text	00000020 RTC_ClearITFlag
20000ab6 g     F .highcode	00000034 FLASH_ROM_BEG_FF
20000d12 g     F .highcode	0000005a FLASH_CMD_GET_ROM_INFO
00001bf4 g     F .text	00000026 _write
20000e3c g       .data	00000000 _edata
2000105c g       .bss	00000000 _end
20000dc4 g       .highcode	00000000 _highcode_vma_end
00003030 g       .dlalign	00000000 _data_lma
000029a2 g     F .text	00000046 __swrite
00000f06 g     F .text	000000d4 i2c_write_to
000026a0 g     F .text	000002b0 _vfiprintf_r
000022ec g     F .text	00000068 _fwalk_reent
000021cc g     F .text	00000006 __sfp_lock_release
000010fc g     F .text	00000066 MCP9808_ReadRawTemperature
00002f58 g     O .text	00000020 __sf_fake_stdout
00001182 g     F .text	0000001e MCP9808_Wake
00002eea g     F .text	0000000c _read
00000dc8  w      .text	00000000 handle_reset
000023b2 g     F .text	00000092 __smakebuf_r
00001872 g     F .text	00000022 I2C_AcknowledgeConfig
00001400 g     F .text	0000000a packet_hdr_template
000011e8 g     F .text	0000005c I2C_setup
00002c18 g     F .text	00000278 _printf_i
20000e64 g     O .bss	00000004 __malloc_sbrk_start
00001850 g     F .text	00000022 I2C_GenerateSTOP
20000afe g     F .highcode	0000000e FLASH_ROM_END
20000e68 g     O .bss	00000004 __malloc_free_list
000026a0 g     F .text	000002b0 _vfprintf_r
000016a4 g     F .text	0000005a RTC_ModeFunDisable
20000cb0 g     F .highcode	00000050 FLASH_CMD_ROM_VERIFY
20000e5c g     O .bss	00000001 __lock___sfp_recursive_mutex
00002eba g     F .text	0000000c _close
000021d2 g     F .text	00000006 __sinit_lock_acquire
000011a0 g     F .text	00000048 Configure_EnergyGate_Interrupt



Disassembly of section .init:

00000000 <_sinit>:
_start():
c:\Users\seanw\mounriver-studio-projects\earth-computar\obj/../Startup/startup_CH572.S:18
	.section	.init,"ax",@progbits
	.global	_start
 	.global	_vector_base
	.align	1
_start:
	j	handle_reset
   0:	5c90006f          	j	dc8 <handle_reset>

Disassembly of section .highcode:

20000000 <_highcode_vma_start>:
	...
_vector_base():
20000008:	20000a88          	.word	0x20000a88
2000000c:	20000a04          	.word	0x20000a04
20000010:	f3f9bda9          	.word	0xf3f9bda9
20000014:	0000302c          	.word	0x0000302c
	...
20000020:	0000302c          	.word	0x0000302c
20000024:	0000302c          	.word	0x0000302c
	...
20000030:	0000302c          	.word	0x0000302c
20000034:	00000000          	.word	0x00000000
20000038:	0000302c          	.word	0x0000302c
	...
20000044:	20000636          	.word	0x20000636
20000048:	00000000          	.word	0x00000000
2000004c:	0000302c          	.word	0x0000302c
20000050:	0000302c          	.word	0x0000302c
20000054:	0000302c          	.word	0x0000302c
20000058:	0000302c          	.word	0x0000302c
2000005c:	00000000          	.word	0x00000000
20000060:	2000058a          	.word	0x2000058a
	...
2000006c:	0000302c          	.word	0x0000302c
20000070:	2000061c          	.word	0x2000061c
20000074:	0000302c          	.word	0x0000302c
20000078:	20000090          	.word	0x20000090
2000007c:	0000302c          	.word	0x0000302c
20000080:	00000000          	.word	0x00000000
20000084:	0000302c          	.word	0x0000302c
20000088:	00000000          	.word	0x00000000
2000008c:	0000302c          	.word	0x0000302c

20000090 <I2C_IRQHandler>:
I2C_IRQHandler():
c:\Users\seanw\mounriver-studio-projects\earth-computar\obj/../src/I2C/app_i2c.c:258
#endif

__INTERRUPT
__HIGH_CODE
void I2C_IRQHandler(void)
{
20000090:	1141                	addi	sp,sp,-16
20000092:	c622                	sw	s0,12(sp)
20000094:	c426                	sw	s1,8(sp)
20000096:	c24a                	sw	s2,4(sp)
c:\Users\seanw\mounriver-studio-projects\earth-computar\obj/../src/I2C/app_i2c.c:259
    uint32_t event = I2C_GetLastEvent();
20000098:	e0002097          	auipc	ra,0xe0002
2000009c:	9b8080e7          	jalr	-1608(ra) # 1a50 <I2C_GetLastEvent>
c:\Users\seanw\mounriver-studio-projects\earth-computar\obj/../src/I2C/app_i2c.c:263
    print_i2c_irq_sta(event);

    /* I2C Master */
    if (event & (RB_I2C_MSL << 16)) {
200000a0:	67c1                	lui	a5,0x10
200000a2:	8fe9                	and	a5,a5,a0
c:\Users\seanw\mounriver-studio-projects\earth-computar\obj/../src/I2C/app_i2c.c:259
    uint32_t event = I2C_GetLastEvent();
200000a4:	842a                	mv	s0,a0
c:\Users\seanw\mounriver-studio-projects\earth-computar\obj/../src/I2C/app_i2c.c:263
    if (event & (RB_I2C_MSL << 16)) {
200000a6:	40057493          	andi	s1,a0,1024
200000aa:	26078863          	beqz	a5,2000031a <I2C_IRQHandler+0x28a>
c:\Users\seanw\mounriver-studio-projects\earth-computar\obj/../src/I2C/app_i2c.c:264
        if (event & RB_I2C_SB) {
200000ae:	00157793          	andi	a5,a0,1
200000b2:	c799                	beqz	a5,200000c0 <I2C_IRQHandler+0x30>
c:\Users\seanw\mounriver-studio-projects\earth-computar\obj/../src/I2C/app_i2c.c:266
            /* Start condition sent, send address */
            I2C_SendData(i2c_slave_addr_rw);
200000b4:	8191c503          	lbu	a0,-2023(gp) # 20000e49 <i2c_slave_addr_rw>
200000b8:	e0002097          	auipc	ra,0xe0002
200000bc:	804080e7          	jalr	-2044(ra) # 18bc <I2C_SendData>
c:\Users\seanw\mounriver-studio-projects\earth-computar\obj/../src/I2C/app_i2c.c:271
            I2C_DBG("Master selected, send address\n");
        }

        /* I2C Master transmitter */
        if (event & (RB_I2C_TRA << 16)) {
200000c0:	000407b7          	lui	a5,0x40
200000c4:	00f47733          	and	a4,s0,a5
200000c8:	10070663          	beqz	a4,200001d4 <I2C_IRQHandler+0x144>
c:\Users\seanw\mounriver-studio-projects\earth-computar\obj/../src/I2C/app_i2c.c:274
            I2C_DBG("Master transmitter:\n");
            /* Slave receiver acked address or sent bit */
            if (event & (RB_I2C_ADDR | RB_I2C_BTF | RB_I2C_TxE | (RB_I2C_TRA << 16))) {
200000cc:	08678793          	addi	a5,a5,134 # 40086 <_data_lma+0x3d056>
200000d0:	8fe1                	and	a5,a5,s0
200000d2:	c79d                	beqz	a5,20000100 <I2C_IRQHandler+0x70>
c:\Users\seanw\mounriver-studio-projects\earth-computar\obj/../src/I2C/app_i2c.c:276
                /* if there is data to send, send it, otherwise stop */
                if (i2c_master_buffer_index < i2c_master_buffer_length) {
200000d4:	8161c783          	lbu	a5,-2026(gp) # 20000e46 <i2c_master_buffer_index>
200000d8:	8151c703          	lbu	a4,-2027(gp) # 20000e45 <i2c_master_buffer_length>
200000dc:	81618693          	addi	a3,gp,-2026 # 20000e46 <i2c_master_buffer_index>
200000e0:	08e7ff63          	bgeu	a5,a4,2000017e <I2C_IRQHandler+0xee>
c:\Users\seanw\mounriver-studio-projects\earth-computar\obj/../src/I2C/app_i2c.c:277
                    I2C_SendData(i2c_master_buffer[i2c_master_buffer_index++]);
200000e4:	2298                	lbu	a4,0(a3)
200000e6:	00170793          	addi	a5,a4,1
200000ea:	0ff7f793          	zext.b	a5,a5
200000ee:	a29c                	sb	a5,0(a3)
200000f0:	88018793          	addi	a5,gp,-1920 # 20000eb0 <i2c_master_buffer>
200000f4:	97ba                	add	a5,a5,a4
200000f6:	2388                	lbu	a0,0(a5)
200000f8:	e0001097          	auipc	ra,0xe0001
200000fc:	7c4080e7          	jalr	1988(ra) # 18bc <I2C_SendData>
c:\Users\seanw\mounriver-studio-projects\earth-computar\obj/../src/I2C/app_i2c.c:299
                    }
                }
            }

            /* Address or data sent, nack received */
            if (event & RB_I2C_AF) {
20000100:	c09d                	beqz	s1,20000126 <I2C_IRQHandler+0x96>
c:\Users\seanw\mounriver-studio-projects\earth-computar\obj/../src/I2C/app_i2c.c:300
                I2C_ClearFlag(I2C_FLAG_AF);
20000102:	10000537          	lui	a0,0x10000
20000106:	40050513          	addi	a0,a0,1024 # 10000400 <_data_lma+0xfffd3d0>
2000010a:	e0002097          	auipc	ra,0xe0002
2000010e:	998080e7          	jalr	-1640(ra) # 1aa2 <I2C_ClearFlag>
c:\Users\seanw\mounriver-studio-projects\earth-computar\obj/../src/I2C/app_i2c.c:302

                i2c_error = I2C_MT_NACK;
20000112:	478d                	li	a5,3
20000114:	80f18823          	sb	a5,-2032(gp) # 20000e40 <i2c_error>
c:\Users\seanw\mounriver-studio-projects\earth-computar\obj/../src/I2C/app_i2c.c:375
                /* put final byte into buffer */
                i2c_master_buffer[i2c_master_buffer_index++] = I2C_ReceiveData();

                if (i2c_send_stop) {
                    i2c_state = I2C_READY;
                    I2C_GenerateSTOP(ENABLE);
20000118:	4505                	li	a0,1
c:\Users\seanw\mounriver-studio-projects\earth-computar\obj/../src/I2C/app_i2c.c:374
                    i2c_state = I2C_READY;
2000011a:	80018d23          	sb	zero,-2022(gp) # 20000e4a <i2c_state>
c:\Users\seanw\mounriver-studio-projects\earth-computar\obj/../src/I2C/app_i2c.c:375
                    I2C_GenerateSTOP(ENABLE);
2000011e:	e0001097          	auipc	ra,0xe0001
20000122:	732080e7          	jalr	1842(ra) # 1850 <I2C_GenerateSTOP>
c:\Users\seanw\mounriver-studio-projects\earth-computar\obj/../src/I2C/app_i2c.c:483
                I2C_AcknowledgeConfig(ENABLE);
            }
        }
    }

    if (event & RB_I2C_BERR) {
20000126:	10047793          	andi	a5,s0,256
2000012a:	cf99                	beqz	a5,20000148 <I2C_IRQHandler+0xb8>
c:\Users\seanw\mounriver-studio-projects\earth-computar\obj/../src/I2C/app_i2c.c:484
        I2C_ClearFlag(RB_I2C_BERR);
2000012c:	10000513          	li	a0,256
20000130:	e0002097          	auipc	ra,0xe0002
20000134:	972080e7          	jalr	-1678(ra) # 1aa2 <I2C_ClearFlag>
c:\Users\seanw\mounriver-studio-projects\earth-computar\obj/../src/I2C/app_i2c.c:485
        I2C_GenerateSTOP(ENABLE);
20000138:	4505                	li	a0,1
2000013a:	e0001097          	auipc	ra,0xe0001
2000013e:	716080e7          	jalr	1814(ra) # 1850 <I2C_GenerateSTOP>
c:\Users\seanw\mounriver-studio-projects\earth-computar\obj/../src/I2C/app_i2c.c:487

        i2c_error = I2C_BUS_ERROR;
20000142:	4795                	li	a5,5
20000144:	80f18823          	sb	a5,-2032(gp) # 20000e40 <i2c_error>
c:\Users\seanw\mounriver-studio-projects\earth-computar\obj/../src/I2C/app_i2c.c:491
        I2C_DBG("RB_I2C_BERR\n");
    }

    if (event & RB_I2C_ARLO) {
20000148:	20047793          	andi	a5,s0,512
2000014c:	cb91                	beqz	a5,20000160 <I2C_IRQHandler+0xd0>
c:\Users\seanw\mounriver-studio-projects\earth-computar\obj/../src/I2C/app_i2c.c:492
        I2C_ClearFlag(RB_I2C_ARLO);
2000014e:	20000513          	li	a0,512
20000152:	e0002097          	auipc	ra,0xe0002
20000156:	950080e7          	jalr	-1712(ra) # 1aa2 <I2C_ClearFlag>
c:\Users\seanw\mounriver-studio-projects\earth-computar\obj/../src/I2C/app_i2c.c:494
        
        i2c_error = I2C_ARB_LOST;
2000015a:	4791                	li	a5,4
2000015c:	80f18823          	sb	a5,-2032(gp) # 20000e40 <i2c_error>
c:\Users\seanw\mounriver-studio-projects\earth-computar\obj/../src/I2C/app_i2c.c:498
        I2C_DBG("RB_I2C_ARLO\n");
    }

    if (event & RB_I2C_OVR) {
20000160:	28b01793          	bseti	a5,zero,0xb
20000164:	8fe1                	and	a5,a5,s0
20000166:	20078f63          	beqz	a5,20000384 <I2C_IRQHandler+0x2f4>
c:\Users\seanw\mounriver-studio-projects\earth-computar\obj/../src/I2C/app_i2c.c:499
        I2C_ClearFlag(RB_I2C_OVR);
2000016a:	28b01513          	bseti	a0,zero,0xb
2000016e:	e0002097          	auipc	ra,0xe0002
20000172:	934080e7          	jalr	-1740(ra) # 1aa2 <I2C_ClearFlag>
c:\Users\seanw\mounriver-studio-projects\earth-computar\obj/../src/I2C/app_i2c.c:501
        
        i2c_error = I2C_OVR;
20000176:	4799                	li	a5,6
20000178:	80f18823          	sb	a5,-2032(gp) # 20000e40 <i2c_error>
2000017c:	a421                	j	20000384 <I2C_IRQHandler+0x2f4>
c:\Users\seanw\mounriver-studio-projects\earth-computar\obj/../src/I2C/app_i2c.c:281
                    if (i2c_send_stop) {
2000017e:	8181c783          	lbu	a5,-2024(gp) # 20000e48 <i2c_send_stop>
20000182:	cb89                	beqz	a5,20000194 <I2C_IRQHandler+0x104>
c:\Users\seanw\mounriver-studio-projects\earth-computar\obj/../src/I2C/app_i2c.c:283
                        I2C_GenerateSTOP(ENABLE);
20000184:	4505                	li	a0,1
c:\Users\seanw\mounriver-studio-projects\earth-computar\obj/../src/I2C/app_i2c.c:282
                        i2c_state = I2C_READY;
20000186:	80018d23          	sb	zero,-2022(gp) # 20000e4a <i2c_state>
c:\Users\seanw\mounriver-studio-projects\earth-computar\obj/../src/I2C/app_i2c.c:283
                        I2C_GenerateSTOP(ENABLE);
2000018a:	e0001097          	auipc	ra,0xe0001
2000018e:	6c6080e7          	jalr	1734(ra) # 1850 <I2C_GenerateSTOP>
c:\Users\seanw\mounriver-studio-projects\earth-computar\obj/../src/I2C/app_i2c.c:284
                        I2C_DBG("  send STOP\n");
20000192:	b7bd                	j	20000100 <I2C_IRQHandler+0x70>
c:\Users\seanw\mounriver-studio-projects\earth-computar\obj/../src/I2C/app_i2c.c:286
                        i2c_in_repstart = true;
20000194:	4785                	li	a5,1
c:\Users\seanw\mounriver-studio-projects\earth-computar\obj/../src/I2C/app_i2c.c:288
                        I2C_ITConfig(I2C_IT_BUF, DISABLE);
20000196:	4581                	li	a1,0
20000198:	40000513          	li	a0,1024
c:\Users\seanw\mounriver-studio-projects\earth-computar\obj/../src/I2C/app_i2c.c:286
                        i2c_in_repstart = true;
2000019c:	80f18ba3          	sb	a5,-2025(gp) # 20000e47 <i2c_in_repstart>
c:\Users\seanw\mounriver-studio-projects\earth-computar\obj/../src/I2C/app_i2c.c:288
                        I2C_ITConfig(I2C_IT_BUF, DISABLE);
200001a0:	e0001097          	auipc	ra,0xe0001
200001a4:	6f4080e7          	jalr	1780(ra) # 1894 <I2C_ITConfig>
c:\Users\seanw\mounriver-studio-projects\earth-computar\obj/../src/I2C/app_i2c.c:289
                        I2C_ITConfig(I2C_IT_EVT, DISABLE);
200001a8:	4581                	li	a1,0
200001aa:	20000513          	li	a0,512
200001ae:	e0001097          	auipc	ra,0xe0001
200001b2:	6e6080e7          	jalr	1766(ra) # 1894 <I2C_ITConfig>
c:\Users\seanw\mounriver-studio-projects\earth-computar\obj/../src/I2C/app_i2c.c:290
                        I2C_ITConfig(I2C_IT_ERR, DISABLE);
200001b6:	4581                	li	a1,0
200001b8:	10000513          	li	a0,256
200001bc:	e0001097          	auipc	ra,0xe0001
200001c0:	6d8080e7          	jalr	1752(ra) # 1894 <I2C_ITConfig>
c:\Users\seanw\mounriver-studio-projects\earth-computar\obj/../src/I2C/app_i2c.c:291
                        I2C_GenerateSTART(ENABLE);
200001c4:	4505                	li	a0,1
200001c6:	e0001097          	auipc	ra,0xe0001
200001ca:	668080e7          	jalr	1640(ra) # 182e <I2C_GenerateSTART>
c:\Users\seanw\mounriver-studio-projects\earth-computar\obj/../src/I2C/app_i2c.c:292
                        i2c_state = I2C_READY;
200001ce:	80018d23          	sb	zero,-2022(gp) # 20000e4a <i2c_state>
200001d2:	b73d                	j	20000100 <I2C_IRQHandler+0x70>
c:\Users\seanw\mounriver-studio-projects\earth-computar\obj/../src/I2C/app_i2c.c:312
            if(event & RB_I2C_ADDR) { 
200001d4:	00247793          	andi	a5,s0,2
200001d8:	cb89                	beqz	a5,200001ea <I2C_IRQHandler+0x15a>
c:\Users\seanw\mounriver-studio-projects\earth-computar\obj/../src/I2C/app_i2c.c:314
                if (i2c_master_buffer_length) {
200001da:	8151c783          	lbu	a5,-2027(gp) # 20000e45 <i2c_master_buffer_length>
200001de:	cfd5                	beqz	a5,2000029a <I2C_IRQHandler+0x20a>
c:\Users\seanw\mounriver-studio-projects\earth-computar\obj/../src/I2C/app_i2c.c:315
                    I2C_AcknowledgeConfig(ENABLE);
200001e0:	4505                	li	a0,1
200001e2:	e0001097          	auipc	ra,0xe0001
200001e6:	690080e7          	jalr	1680(ra) # 1872 <I2C_AcknowledgeConfig>
c:\Users\seanw\mounriver-studio-projects\earth-computar\obj/../src/I2C/app_i2c.c:328
            if (event & (RB_I2C_RxNE)) {
200001ea:	04047793          	andi	a5,s0,64
200001ee:	cb95                	beqz	a5,20000222 <I2C_IRQHandler+0x192>
c:\Users\seanw\mounriver-studio-projects\earth-computar\obj/../src/I2C/app_i2c.c:330
                i2c_master_buffer[i2c_master_buffer_index++] = I2C_ReceiveData();
200001f0:	8161c903          	lbu	s2,-2026(gp) # 20000e46 <i2c_master_buffer_index>
200001f4:	00190793          	addi	a5,s2,1
200001f8:	80f18b23          	sb	a5,-2026(gp) # 20000e46 <i2c_master_buffer_index>
200001fc:	e0001097          	auipc	ra,0xe0001
20000200:	6ca080e7          	jalr	1738(ra) # 18c6 <I2C_ReceiveData>
20000204:	88018793          	addi	a5,gp,-1920 # 20000eb0 <i2c_master_buffer>
20000208:	97ca                	add	a5,a5,s2
2000020a:	a388                	sb	a0,0(a5)
c:\Users\seanw\mounriver-studio-projects\earth-computar\obj/../src/I2C/app_i2c.c:332
                if (i2c_master_buffer_index < i2c_master_buffer_length) {
2000020c:	8151c703          	lbu	a4,-2027(gp) # 20000e45 <i2c_master_buffer_length>
20000210:	8161c783          	lbu	a5,-2026(gp) # 20000e46 <i2c_master_buffer_index>
20000214:	08e7fc63          	bgeu	a5,a4,200002ac <I2C_IRQHandler+0x21c>
c:\Users\seanw\mounriver-studio-projects\earth-computar\obj/../src/I2C/app_i2c.c:333
                    I2C_AcknowledgeConfig(ENABLE);
20000218:	4505                	li	a0,1
2000021a:	e0001097          	auipc	ra,0xe0001
2000021e:	658080e7          	jalr	1624(ra) # 1872 <I2C_AcknowledgeConfig>
c:\Users\seanw\mounriver-studio-projects\earth-computar\obj/../src/I2C/app_i2c.c:368
            if (event & RB_I2C_AF) {
20000222:	f00482e3          	beqz	s1,20000126 <I2C_IRQHandler+0x96>
c:\Users\seanw\mounriver-studio-projects\earth-computar\obj/../src/I2C/app_i2c.c:369
                I2C_ClearFlag(I2C_FLAG_AF);
20000226:	10000537          	lui	a0,0x10000
2000022a:	40050513          	addi	a0,a0,1024 # 10000400 <_data_lma+0xfffd3d0>
2000022e:	e0002097          	auipc	ra,0xe0002
20000232:	874080e7          	jalr	-1932(ra) # 1aa2 <I2C_ClearFlag>
c:\Users\seanw\mounriver-studio-projects\earth-computar\obj/../src/I2C/app_i2c.c:371
                i2c_master_buffer[i2c_master_buffer_index++] = I2C_ReceiveData();
20000236:	8161c483          	lbu	s1,-2026(gp) # 20000e46 <i2c_master_buffer_index>
2000023a:	00148793          	addi	a5,s1,1
2000023e:	80f18b23          	sb	a5,-2026(gp) # 20000e46 <i2c_master_buffer_index>
20000242:	e0001097          	auipc	ra,0xe0001
20000246:	684080e7          	jalr	1668(ra) # 18c6 <I2C_ReceiveData>
2000024a:	88018793          	addi	a5,gp,-1920 # 20000eb0 <i2c_master_buffer>
2000024e:	97a6                	add	a5,a5,s1
20000250:	a388                	sb	a0,0(a5)
c:\Users\seanw\mounriver-studio-projects\earth-computar\obj/../src/I2C/app_i2c.c:373
                if (i2c_send_stop) {
20000252:	8181c783          	lbu	a5,-2024(gp) # 20000e48 <i2c_send_stop>
20000256:	ec0791e3          	bnez	a5,20000118 <I2C_IRQHandler+0x88>
c:\Users\seanw\mounriver-studio-projects\earth-computar\obj/../src/I2C/app_i2c.c:378
                    i2c_in_repstart = true;
2000025a:	4785                	li	a5,1
c:\Users\seanw\mounriver-studio-projects\earth-computar\obj/../src/I2C/app_i2c.c:380
                    I2C_ITConfig(I2C_IT_BUF, DISABLE);
2000025c:	4581                	li	a1,0
2000025e:	40000513          	li	a0,1024
c:\Users\seanw\mounriver-studio-projects\earth-computar\obj/../src/I2C/app_i2c.c:378
                    i2c_in_repstart = true;
20000262:	80f18ba3          	sb	a5,-2025(gp) # 20000e47 <i2c_in_repstart>
c:\Users\seanw\mounriver-studio-projects\earth-computar\obj/../src/I2C/app_i2c.c:380
                    I2C_ITConfig(I2C_IT_BUF, DISABLE);
20000266:	e0001097          	auipc	ra,0xe0001
2000026a:	62e080e7          	jalr	1582(ra) # 1894 <I2C_ITConfig>
c:\Users\seanw\mounriver-studio-projects\earth-computar\obj/../src/I2C/app_i2c.c:381
                    I2C_ITConfig(I2C_IT_EVT, DISABLE);
2000026e:	4581                	li	a1,0
20000270:	20000513          	li	a0,512
20000274:	e0001097          	auipc	ra,0xe0001
20000278:	620080e7          	jalr	1568(ra) # 1894 <I2C_ITConfig>
c:\Users\seanw\mounriver-studio-projects\earth-computar\obj/../src/I2C/app_i2c.c:382
                    I2C_ITConfig(I2C_IT_ERR, DISABLE);
2000027c:	4581                	li	a1,0
2000027e:	10000513          	li	a0,256
20000282:	e0001097          	auipc	ra,0xe0001
20000286:	612080e7          	jalr	1554(ra) # 1894 <I2C_ITConfig>
c:\Users\seanw\mounriver-studio-projects\earth-computar\obj/../src/I2C/app_i2c.c:383
                    I2C_GenerateSTART(ENABLE);
2000028a:	4505                	li	a0,1
2000028c:	e0001097          	auipc	ra,0xe0001
20000290:	5a2080e7          	jalr	1442(ra) # 182e <I2C_GenerateSTART>
c:\Users\seanw\mounriver-studio-projects\earth-computar\obj/../src/I2C/app_i2c.c:384
                    i2c_state = I2C_READY;
20000294:	80018d23          	sb	zero,-2022(gp) # 20000e4a <i2c_state>
20000298:	b579                	j	20000126 <I2C_IRQHandler+0x96>
c:\Users\seanw\mounriver-studio-projects\earth-computar\obj/../src/I2C/app_i2c.c:320
                    I2C_AcknowledgeConfig(DISABLE);
2000029a:	4501                	li	a0,0
2000029c:	e0001097          	auipc	ra,0xe0001
200002a0:	5d6080e7          	jalr	1494(ra) # 1872 <I2C_AcknowledgeConfig>
c:\Users\seanw\mounriver-studio-projects\earth-computar\obj/../src/I2C/app_i2c.c:321
                    is_nack_sent = true;
200002a4:	4785                	li	a5,1
200002a6:	80f188a3          	sb	a5,-2031(gp) # 20000e41 <is_nack_sent>
200002aa:	b781                	j	200001ea <I2C_IRQHandler+0x15a>
c:\Users\seanw\mounriver-studio-projects\earth-computar\obj/../src/I2C/app_i2c.c:337
                    I2C_AcknowledgeConfig(DISABLE);
200002ac:	4501                	li	a0,0
200002ae:	e0001097          	auipc	ra,0xe0001
200002b2:	5c4080e7          	jalr	1476(ra) # 1872 <I2C_AcknowledgeConfig>
c:\Users\seanw\mounriver-studio-projects\earth-computar\obj/../src/I2C/app_i2c.c:340
                    if (is_nack_sent) {
200002b6:	81118793          	addi	a5,gp,-2031 # 20000e41 <is_nack_sent>
200002ba:	2398                	lbu	a4,0(a5)
200002bc:	cf21                	beqz	a4,20000314 <I2C_IRQHandler+0x284>
c:\Users\seanw\mounriver-studio-projects\earth-computar\obj/../src/I2C/app_i2c.c:341
                        is_nack_sent = false;
200002be:	800188a3          	sb	zero,-2031(gp) # 20000e41 <is_nack_sent>
c:\Users\seanw\mounriver-studio-projects\earth-computar\obj/../src/I2C/app_i2c.c:342
                        if (i2c_send_stop) {
200002c2:	8181c783          	lbu	a5,-2024(gp) # 20000e48 <i2c_send_stop>
200002c6:	cb89                	beqz	a5,200002d8 <I2C_IRQHandler+0x248>
c:\Users\seanw\mounriver-studio-projects\earth-computar\obj/../src/I2C/app_i2c.c:343
                            I2C_GenerateSTOP(ENABLE);
200002c8:	4505                	li	a0,1
200002ca:	e0001097          	auipc	ra,0xe0001
200002ce:	586080e7          	jalr	1414(ra) # 1850 <I2C_GenerateSTOP>
c:\Users\seanw\mounriver-studio-projects\earth-computar\obj/../src/I2C/app_i2c.c:353
                            i2c_state = I2C_READY;
200002d2:	80018d23          	sb	zero,-2022(gp) # 20000e4a <i2c_state>
200002d6:	b7b1                	j	20000222 <I2C_IRQHandler+0x192>
c:\Users\seanw\mounriver-studio-projects\earth-computar\obj/../src/I2C/app_i2c.c:347
                            i2c_in_repstart = true;
200002d8:	4785                	li	a5,1
c:\Users\seanw\mounriver-studio-projects\earth-computar\obj/../src/I2C/app_i2c.c:349
                            I2C_ITConfig(I2C_IT_BUF, DISABLE);
200002da:	4581                	li	a1,0
200002dc:	40000513          	li	a0,1024
c:\Users\seanw\mounriver-studio-projects\earth-computar\obj/../src/I2C/app_i2c.c:347
                            i2c_in_repstart = true;
200002e0:	80f18ba3          	sb	a5,-2025(gp) # 20000e47 <i2c_in_repstart>
c:\Users\seanw\mounriver-studio-projects\earth-computar\obj/../src/I2C/app_i2c.c:349
                            I2C_ITConfig(I2C_IT_BUF, DISABLE);
200002e4:	e0001097          	auipc	ra,0xe0001
200002e8:	5b0080e7          	jalr	1456(ra) # 1894 <I2C_ITConfig>
c:\Users\seanw\mounriver-studio-projects\earth-computar\obj/../src/I2C/app_i2c.c:350
                            I2C_ITConfig(I2C_IT_EVT, DISABLE);
200002ec:	4581                	li	a1,0
200002ee:	20000513          	li	a0,512
200002f2:	e0001097          	auipc	ra,0xe0001
200002f6:	5a2080e7          	jalr	1442(ra) # 1894 <I2C_ITConfig>
c:\Users\seanw\mounriver-studio-projects\earth-computar\obj/../src/I2C/app_i2c.c:351
                            I2C_ITConfig(I2C_IT_ERR, DISABLE);
200002fa:	4581                	li	a1,0
200002fc:	10000513          	li	a0,256
20000300:	e0001097          	auipc	ra,0xe0001
20000304:	594080e7          	jalr	1428(ra) # 1894 <I2C_ITConfig>
c:\Users\seanw\mounriver-studio-projects\earth-computar\obj/../src/I2C/app_i2c.c:352
                            I2C_GenerateSTART(ENABLE);
20000308:	4505                	li	a0,1
2000030a:	e0001097          	auipc	ra,0xe0001
2000030e:	524080e7          	jalr	1316(ra) # 182e <I2C_GenerateSTART>
20000312:	b7c1                	j	200002d2 <I2C_IRQHandler+0x242>
c:\Users\seanw\mounriver-studio-projects\earth-computar\obj/../src/I2C/app_i2c.c:358
                        is_nack_sent = true;
20000314:	4705                	li	a4,1
20000316:	a398                	sb	a4,0(a5)
20000318:	b729                	j	20000222 <I2C_IRQHandler+0x192>
c:\Users\seanw\mounriver-studio-projects\earth-computar\obj/../src/I2C/app_i2c.c:393
        if (event & RB_I2C_ADDR) {
2000031a:	00257793          	andi	a5,a0,2
2000031e:	cb8d                	beqz	a5,20000350 <I2C_IRQHandler+0x2c0>
c:\Users\seanw\mounriver-studio-projects\earth-computar\obj/../src/I2C/app_i2c.c:395
            if (event & ((RB_I2C_TRA << 16) | RB_I2C_TxE)) {
20000320:	000407b7          	lui	a5,0x40
20000324:	08078793          	addi	a5,a5,128 # 40080 <_data_lma+0x3d050>
20000328:	8fe9                	and	a5,a5,a0
2000032a:	81a18713          	addi	a4,gp,-2022 # 20000e4a <i2c_state>
2000032e:	c3d5                	beqz	a5,200003d2 <I2C_IRQHandler+0x342>
c:\Users\seanw\mounriver-studio-projects\earth-computar\obj/../src/I2C/app_i2c.c:398
                i2c_state = I2C_STX;
20000330:	4791                	li	a5,4
20000332:	a31c                	sb	a5,0(a4)
c:\Users\seanw\mounriver-studio-projects\earth-computar\obj/../src/I2C/app_i2c.c:399
                i2c_slave_txbuffer_index = 0;
20000334:	80018a23          	sb	zero,-2028(gp) # 20000e44 <i2c_slave_txbuffer_index>
c:\Users\seanw\mounriver-studio-projects\earth-computar\obj/../src/I2C/app_i2c.c:400
                i2c_slave_txbuffer_length = 0;
20000338:	800189a3          	sb	zero,-2029(gp) # 20000e43 <i2c_slave_txbuffer_length>
c:\Users\seanw\mounriver-studio-projects\earth-computar\obj/../src/I2C/app_i2c.c:402
                if (slave_cb && slave_cb->on_transmit) {
2000033c:	80c1a783          	lw	a5,-2036(gp) # 20000e3c <slave_cb>
20000340:	cb81                	beqz	a5,20000350 <I2C_IRQHandler+0x2c0>
c:\Users\seanw\mounriver-studio-projects\earth-computar\obj/../src/I2C/app_i2c.c:402 (discriminator 1)
20000342:	439c                	lw	a5,0(a5)
20000344:	c791                	beqz	a5,20000350 <I2C_IRQHandler+0x2c0>
c:\Users\seanw\mounriver-studio-projects\earth-computar\obj/../src/I2C/app_i2c.c:403
                    slave_cb->on_transmit(i2c_slave_txbuffer, &i2c_slave_txbuffer_length);
20000346:	81318593          	addi	a1,gp,-2029 # 20000e43 <i2c_slave_txbuffer_length>
2000034a:	86018513          	addi	a0,gp,-1952 # 20000e90 <i2c_slave_txbuffer>
2000034e:	9782                	jalr	a5
c:\Users\seanw\mounriver-studio-projects\earth-computar\obj/../src/I2C/app_i2c.c:413
        if (event & (RB_I2C_TRA << 16)) { //TODO: STOP?
20000350:	000407b7          	lui	a5,0x40
20000354:	8fe1                	and	a5,a5,s0
20000356:	c3e1                	beqz	a5,20000416 <I2C_IRQHandler+0x386>
c:\Users\seanw\mounriver-studio-projects\earth-computar\obj/../src/I2C/app_i2c.c:415
            I2C_AcknowledgeConfig(ENABLE);
20000358:	4505                	li	a0,1
2000035a:	e0001097          	auipc	ra,0xe0001
2000035e:	518080e7          	jalr	1304(ra) # 1872 <I2C_AcknowledgeConfig>
c:\Users\seanw\mounriver-studio-projects\earth-computar\obj/../src/I2C/app_i2c.c:418
            if (event & RB_I2C_AF) {
20000362:	ccad                	beqz	s1,200003dc <I2C_IRQHandler+0x34c>
c:\Users\seanw\mounriver-studio-projects\earth-computar\obj/../src/I2C/app_i2c.c:420
                I2C_ClearFlag(I2C_FLAG_AF);
20000364:	10000537          	lui	a0,0x10000
20000368:	40050513          	addi	a0,a0,1024 # 10000400 <_data_lma+0xfffd3d0>
2000036c:	e0001097          	auipc	ra,0xe0001
20000370:	736080e7          	jalr	1846(ra) # 1aa2 <I2C_ClearFlag>
c:\Users\seanw\mounriver-studio-projects\earth-computar\obj/../src/I2C/app_i2c.c:421
                I2C_AcknowledgeConfig(ENABLE);
20000374:	4505                	li	a0,1
20000376:	e0001097          	auipc	ra,0xe0001
2000037a:	4fc080e7          	jalr	1276(ra) # 1872 <I2C_AcknowledgeConfig>
c:\Users\seanw\mounriver-studio-projects\earth-computar\obj/../src/I2C/app_i2c.c:427
                event = 0;
2000037e:	4401                	li	s0,0
c:\Users\seanw\mounriver-studio-projects\earth-computar\obj/../src/I2C/app_i2c.c:425
                i2c_state = I2C_READY;
20000380:	80018d23          	sb	zero,-2022(gp) # 20000e4a <i2c_state>
c:\Users\seanw\mounriver-studio-projects\earth-computar\obj/../src/I2C/app_i2c.c:505
        I2C_DBG("RB_I2C_OVR\n");
    }

    if (event & RB_I2C_PECERR) {
20000384:	6785                	lui	a5,0x1
20000386:	8fe1                	and	a5,a5,s0
20000388:	cb89                	beqz	a5,2000039a <I2C_IRQHandler+0x30a>
c:\Users\seanw\mounriver-studio-projects\earth-computar\obj/../src/I2C/app_i2c.c:506
        I2C_ClearFlag(RB_I2C_PECERR);
2000038a:	6505                	lui	a0,0x1
2000038c:	e0001097          	auipc	ra,0xe0001
20000390:	716080e7          	jalr	1814(ra) # 1aa2 <I2C_ClearFlag>
c:\Users\seanw\mounriver-studio-projects\earth-computar\obj/../src/I2C/app_i2c.c:508
        
        i2c_error = I2C_PECERR;
20000394:	479d                	li	a5,7
20000396:	80f18823          	sb	a5,-2032(gp) # 20000e40 <i2c_error>
c:\Users\seanw\mounriver-studio-projects\earth-computar\obj/../src/I2C/app_i2c.c:512
        I2C_DBG("RB_I2C_PECERR\n");
    }

    if (event & RB_I2C_TIMEOUT) {
2000039a:	6791                	lui	a5,0x4
2000039c:	8fe1                	and	a5,a5,s0
2000039e:	cb89                	beqz	a5,200003b0 <I2C_IRQHandler+0x320>
c:\Users\seanw\mounriver-studio-projects\earth-computar\obj/../src/I2C/app_i2c.c:513
        I2C_ClearFlag(RB_I2C_TIMEOUT);
200003a0:	6511                	lui	a0,0x4
200003a2:	e0001097          	auipc	ra,0xe0001
200003a6:	700080e7          	jalr	1792(ra) # 1aa2 <I2C_ClearFlag>
c:\Users\seanw\mounriver-studio-projects\earth-computar\obj/../src/I2C/app_i2c.c:515
        
        i2c_error = I2C_TIMEOUT;
200003aa:	47a1                	li	a5,8
200003ac:	80f18823          	sb	a5,-2032(gp) # 20000e40 <i2c_error>
c:\Users\seanw\mounriver-studio-projects\earth-computar\obj/../src/I2C/app_i2c.c:519
        I2C_DBG("RB_I2C_TIMEOUT\n");
    }

    if (event & RB_I2C_SMBALERT) {
200003b0:	67a1                	lui	a5,0x8
200003b2:	8c7d                	and	s0,s0,a5
200003b4:	c809                	beqz	s0,200003c6 <I2C_IRQHandler+0x336>
c:\Users\seanw\mounriver-studio-projects\earth-computar\obj/../src/I2C/app_i2c.c:520
        I2C_ClearFlag(RB_I2C_SMBALERT);
200003b6:	6521                	lui	a0,0x8
200003b8:	e0001097          	auipc	ra,0xe0001
200003bc:	6ea080e7          	jalr	1770(ra) # 1aa2 <I2C_ClearFlag>
c:\Users\seanw\mounriver-studio-projects\earth-computar\obj/../src/I2C/app_i2c.c:522
        
        i2c_error = I2C_SMBALERT;
200003c0:	47a5                	li	a5,9
200003c2:	80f18823          	sb	a5,-2032(gp) # 20000e40 <i2c_error>
c:\Users\seanw\mounriver-studio-projects\earth-computar\obj/../src/I2C/app_i2c.c:527
        I2C_DBG("RB_I2C_SMBALERT\n");
    }

    I2C_DBG("\n");
}
200003c6:	4432                	lw	s0,12(sp)
200003c8:	44a2                	lw	s1,8(sp)
200003ca:	4912                	lw	s2,4(sp)
200003cc:	0141                	addi	sp,sp,16
200003ce:	30200073          	mret
c:\Users\seanw\mounriver-studio-projects\earth-computar\obj/../src/I2C/app_i2c.c:408
                i2c_state = I2C_SRX;
200003d2:	478d                	li	a5,3
200003d4:	a31c                	sb	a5,0(a4)
c:\Users\seanw\mounriver-studio-projects\earth-computar\obj/../src/I2C/app_i2c.c:409
                i2c_slave_rxbuffer_index = 0;
200003d6:	80018923          	sb	zero,-2030(gp) # 20000e42 <i2c_slave_rxbuffer_index>
200003da:	bf9d                	j	20000350 <I2C_IRQHandler+0x2c0>
c:\Users\seanw\mounriver-studio-projects\earth-computar\obj/../src/I2C/app_i2c.c:430
            if (event & (RB_I2C_BTF | RB_I2C_TxE)) {
200003dc:	08447793          	andi	a5,s0,132
200003e0:	d40783e3          	beqz	a5,20000126 <I2C_IRQHandler+0x96>
c:\Users\seanw\mounriver-studio-projects\earth-computar\obj/../src/I2C/app_i2c.c:432
                if (i2c_slave_txbuffer_index < i2c_slave_txbuffer_length) {
200003e4:	8141c783          	lbu	a5,-2028(gp) # 20000e44 <i2c_slave_txbuffer_index>
200003e8:	8131c703          	lbu	a4,-2029(gp) # 20000e43 <i2c_slave_txbuffer_length>
200003ec:	81418693          	addi	a3,gp,-2028 # 20000e44 <i2c_slave_txbuffer_index>
c:\Users\seanw\mounriver-studio-projects\earth-computar\obj/../src/I2C/app_i2c.c:438
                    I2C_SendData(0xff);
200003f0:	0ff00513          	li	a0,255
c:\Users\seanw\mounriver-studio-projects\earth-computar\obj/../src/I2C/app_i2c.c:432
                if (i2c_slave_txbuffer_index < i2c_slave_txbuffer_length) {
200003f4:	00e7fc63          	bgeu	a5,a4,2000040c <I2C_IRQHandler+0x37c>
c:\Users\seanw\mounriver-studio-projects\earth-computar\obj/../src/I2C/app_i2c.c:434
                    I2C_SendData(i2c_slave_txbuffer[i2c_slave_txbuffer_index++]);
200003f8:	2298                	lbu	a4,0(a3)
200003fa:	00170793          	addi	a5,a4,1
200003fe:	0ff7f793          	zext.b	a5,a5
20000402:	a29c                	sb	a5,0(a3)
20000404:	86018793          	addi	a5,gp,-1952 # 20000e90 <i2c_slave_txbuffer>
20000408:	97ba                	add	a5,a5,a4
2000040a:	2388                	lbu	a0,0(a5)
c:\Users\seanw\mounriver-studio-projects\earth-computar\obj/../src/I2C/app_i2c.c:438
                    I2C_SendData(0xff);
2000040c:	e0001097          	auipc	ra,0xe0001
20000410:	4b0080e7          	jalr	1200(ra) # 18bc <I2C_SendData>
20000414:	bb09                	j	20000126 <I2C_IRQHandler+0x96>
c:\Users\seanw\mounriver-studio-projects\earth-computar\obj/../src/I2C/app_i2c.c:446
            if (event & RB_I2C_RxNE) {
20000416:	04047793          	andi	a5,s0,64
2000041a:	cf8d                	beqz	a5,20000454 <I2C_IRQHandler+0x3c4>
c:\Users\seanw\mounriver-studio-projects\earth-computar\obj/../src/I2C/app_i2c.c:448
                if (i2c_slave_rxbuffer_index < I2C_BUFFER_LENGTH) {
2000041c:	8121c683          	lbu	a3,-2030(gp) # 20000e42 <i2c_slave_rxbuffer_index>
20000420:	47fd                	li	a5,31
20000422:	81218713          	addi	a4,gp,-2030 # 20000e42 <i2c_slave_rxbuffer_index>
c:\Users\seanw\mounriver-studio-projects\earth-computar\obj/../src/I2C/app_i2c.c:456
                    I2C_AcknowledgeConfig(DISABLE);
20000426:	4501                	li	a0,0
c:\Users\seanw\mounriver-studio-projects\earth-computar\obj/../src/I2C/app_i2c.c:448
                if (i2c_slave_rxbuffer_index < I2C_BUFFER_LENGTH) {
20000428:	02d7e263          	bltu	a5,a3,2000044c <I2C_IRQHandler+0x3bc>
c:\Users\seanw\mounriver-studio-projects\earth-computar\obj/../src/I2C/app_i2c.c:450
                    i2c_slave_rxbuffer[i2c_slave_rxbuffer_index++] = I2C_ReceiveData();
2000042c:	231c                	lbu	a5,0(a4)
2000042e:	0ff7f913          	zext.b	s2,a5
20000432:	0785                	addi	a5,a5,1 # 8001 <_data_lma+0x4fd1>
20000434:	0ff7f793          	zext.b	a5,a5
20000438:	a31c                	sb	a5,0(a4)
2000043a:	e0001097          	auipc	ra,0xe0001
2000043e:	48c080e7          	jalr	1164(ra) # 18c6 <I2C_ReceiveData>
20000442:	84018793          	addi	a5,gp,-1984 # 20000e70 <i2c_slave_rxbuffer>
20000446:	97ca                	add	a5,a5,s2
20000448:	a388                	sb	a0,0(a5)
c:\Users\seanw\mounriver-studio-projects\earth-computar\obj/../src/I2C/app_i2c.c:451
                    I2C_AcknowledgeConfig(ENABLE);
2000044a:	4505                	li	a0,1
c:\Users\seanw\mounriver-studio-projects\earth-computar\obj/../src/I2C/app_i2c.c:456
                    I2C_AcknowledgeConfig(DISABLE);
2000044c:	e0001097          	auipc	ra,0xe0001
20000450:	426080e7          	jalr	1062(ra) # 1872 <I2C_AcknowledgeConfig>
c:\Users\seanw\mounriver-studio-projects\earth-computar\obj/../src/I2C/app_i2c.c:460
            if (event & RB_I2C_STOPF) {
20000454:	01047793          	andi	a5,s0,16
20000458:	c78d                	beqz	a5,20000482 <I2C_IRQHandler+0x3f2>
c:\Users\seanw\mounriver-studio-projects\earth-computar\obj/../src/I2C/app_i2c.c:462
                R16_I2C_CTRL1 |= RB_I2C_PE; //clear flag
2000045a:	40005737          	lui	a4,0x40005
2000045e:	80075783          	lhu	a5,-2048(a4) # 40004800 <_eusrstack+0x20001800>
20000462:	0017e793          	ori	a5,a5,1
20000466:	80f71023          	sh	a5,-2048(a4)
c:\Users\seanw\mounriver-studio-projects\earth-computar\obj/../src/I2C/app_i2c.c:467
                if (slave_cb && slave_cb->on_receive) {
2000046a:	80c1a783          	lw	a5,-2036(gp) # 20000e3c <slave_cb>
2000046e:	cb81                	beqz	a5,2000047e <I2C_IRQHandler+0x3ee>
c:\Users\seanw\mounriver-studio-projects\earth-computar\obj/../src/I2C/app_i2c.c:467 (discriminator 1)
20000470:	43dc                	lw	a5,4(a5)
20000472:	c791                	beqz	a5,2000047e <I2C_IRQHandler+0x3ee>
c:\Users\seanw\mounriver-studio-projects\earth-computar\obj/../src/I2C/app_i2c.c:468
                    slave_cb->on_receive(i2c_slave_rxbuffer, i2c_slave_rxbuffer_index);
20000474:	8121c583          	lbu	a1,-2030(gp) # 20000e42 <i2c_slave_rxbuffer_index>
20000478:	84018513          	addi	a0,gp,-1984 # 20000e70 <i2c_slave_rxbuffer>
2000047c:	9782                	jalr	a5
c:\Users\seanw\mounriver-studio-projects\earth-computar\obj/../src/I2C/app_i2c.c:471
                i2c_slave_rxbuffer_index = 0;
2000047e:	80018923          	sb	zero,-2030(gp) # 20000e42 <i2c_slave_rxbuffer_index>
c:\Users\seanw\mounriver-studio-projects\earth-computar\obj/../src/I2C/app_i2c.c:474
            if (event & RB_I2C_AF) {  
20000482:	ca0482e3          	beqz	s1,20000126 <I2C_IRQHandler+0x96>
c:\Users\seanw\mounriver-studio-projects\earth-computar\obj/../src/I2C/app_i2c.c:475
                I2C_ClearFlag(I2C_FLAG_AF);
20000486:	10000537          	lui	a0,0x10000
2000048a:	40050513          	addi	a0,a0,1024 # 10000400 <_data_lma+0xfffd3d0>
2000048e:	e0001097          	auipc	ra,0xe0001
20000492:	614080e7          	jalr	1556(ra) # 1aa2 <I2C_ClearFlag>
c:\Users\seanw\mounriver-studio-projects\earth-computar\obj/../src/I2C/app_i2c.c:478
                I2C_AcknowledgeConfig(ENABLE);
20000496:	4505                	li	a0,1
20000498:	e0001097          	auipc	ra,0xe0001
2000049c:	3da080e7          	jalr	986(ra) # 1872 <I2C_AcknowledgeConfig>
200004a0:	b159                	j	20000126 <I2C_IRQHandler+0x96>

200004a2 <ResumeFSK>:
ResumeFSK():
c:\Users\seanw\mounriver-studio-projects\earth-computar\obj/../src/Main.c:250

/**Resume FSK transmission of the packet**/
__HIGH_CODE
static void ResumeFSK(void)
{
    bit_index = 0;
200004a2:	80019f23          	sh	zero,-2018(gp) # 20000e4e <bit_index>
c:\Users\seanw\mounriver-studio-projects\earth-computar\obj/../src/Main.c:251
    tx_done   = 0;
200004a6:	80018ea3          	sb	zero,-2019(gp) # 20000e4d <tx_done>
PFIC_EnableIRQ():
c:/Users/seanw/mounriver-studio-projects/earth-computar/RVMSIS/core_riscv.h:173
 *
 * @param   IRQn    - Interrupt Numbers
 */
__attribute__((always_inline)) RV_STATIC_INLINE void PFIC_EnableIRQ(IRQn_Type IRQn)
{
    PFIC->IENR[((uint32_t)(IRQn) >> 5)] = (1 << ((uint32_t)(IRQn) & 0x1F));
200004aa:	e000e7b7          	lui	a5,0xe000e
200004ae:	01000737          	lui	a4,0x1000
200004b2:	10e7a023          	sw	a4,256(a5) # e000e100 <_eusrstack+0xc000b100>
ResumeFSK():
c:\Users\seanw\mounriver-studio-projects\earth-computar\obj/../src/Main.c:256

    PFIC_EnableIRQ(TMR_IRQn);

    /* Configure PWM2 for the first bit */
    R16_PWM_CYC_VALUE = pwm_periods[0];
200004b6:	96c1d783          	lhu	a5,-1684(gp) # 20000f9c <pwm_periods>
200004ba:	40005737          	lui	a4,0x40005
200004be:	ab5e                	sh	a5,20(a4)
c:\Users\seanw\mounriver-studio-projects\earth-computar\obj/../src/Main.c:257
    R16_PWM2_DATA     = pwm_periods[0] >> 1;
200004c0:	8385                	srli	a5,a5,0x1
200004c2:	a37e                	sh	a5,6(a4)
c:\Users\seanw\mounriver-studio-projects\earth-computar\obj/../src/Main.c:260

    /* Programme timer endpoint for the first bit */
    R32_TMR_CNT_END = bit_counts[0];
200004c4:	400027b7          	lui	a5,0x40002
200004c8:	00001617          	auipc	a2,0x1
200004cc:	a1465603          	lhu	a2,-1516(a2) # 20000edc <bit_counts>
200004d0:	40c78693          	addi	a3,a5,1036 # 4000240c <_eusrstack+0x1ffff40c>
200004d4:	c290                	sw	a2,0(a3)
c:\Users\seanw\mounriver-studio-projects\earth-computar\obj/../src/Main.c:263

    /* Clear and start the edge counter */
    R8_TMR_CTRL_MOD |=  RB_TMR_ALL_CLEAR;
200004d6:	4007c683          	lbu	a3,1024(a5)
200004da:	0026e693          	ori	a3,a3,2
200004de:	40d78023          	sb	a3,1024(a5)
c:\Users\seanw\mounriver-studio-projects\earth-computar\obj/../src/Main.c:264
    R8_TMR_CTRL_MOD &= ~RB_TMR_ALL_CLEAR;
200004e2:	4007c683          	lbu	a3,1024(a5)
200004e6:	0fd6f693          	andi	a3,a3,253
200004ea:	40d78023          	sb	a3,1024(a5)
c:\Users\seanw\mounriver-studio-projects\earth-computar\obj/../src/Main.c:265
    R8_TMR_CTRL_MOD |=  RB_TMR_COUNT_EN;
200004ee:	4007c683          	lbu	a3,1024(a5)
200004f2:	0046e693          	ori	a3,a3,4
200004f6:	40d78023          	sb	a3,1024(a5)
c:\Users\seanw\mounriver-studio-projects\earth-computar\obj/../src/Main.c:268

    /* Enable PWM2 output, active-high polarity */
    R8_PWM_OUT_EN |= RB_PWM2_OUT_EN;
200004fa:	231c                	lbu	a5,0(a4)
200004fc:	0027e793          	ori	a5,a5,2
20000500:	a31c                	sb	a5,0(a4)
c:\Users\seanw\mounriver-studio-projects\earth-computar\obj/../src/Main.c:273

    do
    {
        __nop();        
    }while(!tx_done);
20000502:	81d18713          	addi	a4,gp,-2019 # 20000e4d <tx_done>
c:\Users\seanw\mounriver-studio-projects\earth-computar\obj/../src/Main.c:272 (discriminator 1)
        __nop();        
20000506:	0001                	nop
c:\Users\seanw\mounriver-studio-projects\earth-computar\obj/../src/Main.c:273 (discriminator 1)
    }while(!tx_done);
20000508:	231c                	lbu	a5,0(a4)
2000050a:	dff5                	beqz	a5,20000506 <ResumeFSK+0x64>
c:\Users\seanw\mounriver-studio-projects\earth-computar\obj/../src/Main.c:274
}
2000050c:	8082                	ret

2000050e <StartFSK>:
StartFSK():
c:\Users\seanw\mounriver-studio-projects\earth-computar\obj/../src/Main.c:218
    bit_index = 0;
2000050e:	80019f23          	sh	zero,-2018(gp) # 20000e4e <bit_index>
c:\Users\seanw\mounriver-studio-projects\earth-computar\obj/../src/Main.c:219
    tx_done   = 0;
20000512:	80018ea3          	sb	zero,-2019(gp) # 20000e4d <tx_done>
c:\Users\seanw\mounriver-studio-projects\earth-computar\obj/../src/Main.c:217
{
20000516:	1141                	addi	sp,sp,-16
20000518:	c422                	sw	s0,8(sp)
2000051a:	c606                	sw	ra,12(sp)
PFIC_EnableIRQ():
c:/Users/seanw/mounriver-studio-projects/earth-computar/RVMSIS/core_riscv.h:173
2000051c:	e000e7b7          	lui	a5,0xe000e
20000520:	01000737          	lui	a4,0x1000
20000524:	10e7a023          	sw	a4,256(a5) # e000e100 <_eusrstack+0xc000b100>
StartFSK():
c:\Users\seanw\mounriver-studio-projects\earth-computar\obj/../src/Main.c:224
    R16_PWM_CYC_VALUE = pwm_periods[0];
20000528:	40005437          	lui	s0,0x40005
2000052c:	96c1d783          	lhu	a5,-1684(gp) # 20000f9c <pwm_periods>
20000530:	a85e                	sh	a5,20(s0)
c:\Users\seanw\mounriver-studio-projects\earth-computar\obj/../src/Main.c:225
    R16_PWM2_DATA     = pwm_periods[0] >> 1;
20000532:	8385                	srli	a5,a5,0x1
20000534:	a07e                	sh	a5,6(s0)
c:\Users\seanw\mounriver-studio-projects\earth-computar\obj/../src/Main.c:228
    R32_TMR_CNT_END = bit_counts[0];
20000536:	400027b7          	lui	a5,0x40002
2000053a:	00001697          	auipc	a3,0x1
2000053e:	9a26d683          	lhu	a3,-1630(a3) # 20000edc <bit_counts>
20000542:	40c78713          	addi	a4,a5,1036 # 4000240c <_eusrstack+0x1ffff40c>
20000546:	c314                	sw	a3,0(a4)
c:\Users\seanw\mounriver-studio-projects\earth-computar\obj/../src/Main.c:231
    R8_TMR_CTRL_MOD |=  RB_TMR_ALL_CLEAR;
20000548:	4007c703          	lbu	a4,1024(a5)
c:\Users\seanw\mounriver-studio-projects\earth-computar\obj/../src/Main.c:235
    SetSysClock(BACKSCATTER_SYS_FREQ);
2000054c:	4511                	li	a0,4
c:\Users\seanw\mounriver-studio-projects\earth-computar\obj/../src/Main.c:231
    R8_TMR_CTRL_MOD |=  RB_TMR_ALL_CLEAR;
2000054e:	00276713          	ori	a4,a4,2
20000552:	40e78023          	sb	a4,1024(a5)
c:\Users\seanw\mounriver-studio-projects\earth-computar\obj/../src/Main.c:232
    R8_TMR_CTRL_MOD &= ~RB_TMR_ALL_CLEAR;
20000556:	4007c703          	lbu	a4,1024(a5)
2000055a:	0fd77713          	andi	a4,a4,253
2000055e:	40e78023          	sb	a4,1024(a5)
c:\Users\seanw\mounriver-studio-projects\earth-computar\obj/../src/Main.c:233
    R8_TMR_CTRL_MOD |=  RB_TMR_COUNT_EN;
20000562:	4007c703          	lbu	a4,1024(a5)
20000566:	00476713          	ori	a4,a4,4
2000056a:	40e78023          	sb	a4,1024(a5)
c:\Users\seanw\mounriver-studio-projects\earth-computar\obj/../src/Main.c:235
    SetSysClock(BACKSCATTER_SYS_FREQ);
2000056e:	2499                	jal	200007b4 <SetSysClock>
c:\Users\seanw\mounriver-studio-projects\earth-computar\obj/../src/Main.c:238
    R8_PWM_OUT_EN |= RB_PWM2_OUT_EN;
20000570:	201c                	lbu	a5,0(s0)
c:\Users\seanw\mounriver-studio-projects\earth-computar\obj/../src/Main.c:243
    }while(!tx_done);
20000572:	81d18713          	addi	a4,gp,-2019 # 20000e4d <tx_done>
c:\Users\seanw\mounriver-studio-projects\earth-computar\obj/../src/Main.c:238
    R8_PWM_OUT_EN |= RB_PWM2_OUT_EN;
20000576:	0027e793          	ori	a5,a5,2
2000057a:	a01c                	sb	a5,0(s0)
c:\Users\seanw\mounriver-studio-projects\earth-computar\obj/../src/Main.c:242 (discriminator 1)
        __nop();        
2000057c:	0001                	nop
c:\Users\seanw\mounriver-studio-projects\earth-computar\obj/../src/Main.c:243 (discriminator 1)
    }while(!tx_done);
2000057e:	231c                	lbu	a5,0(a4)
20000580:	dff5                	beqz	a5,2000057c <StartFSK+0x6e>
c:\Users\seanw\mounriver-studio-projects\earth-computar\obj/../src/Main.c:244
}
20000582:	40b2                	lw	ra,12(sp)
20000584:	4422                	lw	s0,8(sp)
20000586:	0141                	addi	sp,sp,16
20000588:	8082                	ret

2000058a <TMR_IRQHandler>:
TMR_IRQHandler():
c:\Users\seanw\mounriver-studio-projects\earth-computar\obj/../src/Main.c:417
 */
__INTERRUPT
__HIGH_CODE
void TMR_IRQHandler(void)
{
    if (R8_TMR_INT_FLAG & RB_TMR_IF_CYC_END) {
2000058a:	400027b7          	lui	a5,0x40002
2000058e:	4067c703          	lbu	a4,1030(a5) # 40002406 <_eusrstack+0x1ffff406>
20000592:	8b05                	andi	a4,a4,1
20000594:	c739                	beqz	a4,200005e2 <TMR_IRQHandler+0x58>
c:\Users\seanw\mounriver-studio-projects\earth-computar\obj/../src/Main.c:418
        R8_TMR_INT_FLAG = RB_TMR_IF_CYC_END;       /* clear flag */
20000596:	4685                	li	a3,1
20000598:	40d78323          	sb	a3,1030(a5)
c:\Users\seanw\mounriver-studio-projects\earth-computar\obj/../src/Main.c:420

        bit_index++;
2000059c:	81e1d703          	lhu	a4,-2018(gp) # 20000e4e <bit_index>
200005a0:	0705                	addi	a4,a4,1 # 1000001 <_data_lma+0xffcfd1>
200005a2:	80e19f23          	sh	a4,-2018(gp) # 20000e4e <bit_index>
c:\Users\seanw\mounriver-studio-projects\earth-computar\obj/../src/Main.c:421
        if (bit_index >= TOTAL_BITS) {
200005a6:	81e1d583          	lhu	a1,-2018(gp) # 20000e4e <bit_index>
200005aa:	05f00613          	li	a2,95
200005ae:	81e18713          	addi	a4,gp,-2018 # 20000e4e <bit_index>
200005b2:	02b67a63          	bgeu	a2,a1,200005e6 <TMR_IRQHandler+0x5c>
c:\Users\seanw\mounriver-studio-projects\earth-computar\obj/../src/Main.c:423
            /* Packet complete -- shut down */
            R8_TMR_CTRL_MOD &= ~RB_TMR_COUNT_EN;
200005b6:	4007c703          	lbu	a4,1024(a5)
200005ba:	0fb77713          	andi	a4,a4,251
200005be:	40e78023          	sb	a4,1024(a5)
c:\Users\seanw\mounriver-studio-projects\earth-computar\obj/../src/Main.c:424
            R8_PWM_OUT_EN   &= ~RB_PWM2_OUT_EN;
200005c2:	40005737          	lui	a4,0x40005
200005c6:	231c                	lbu	a5,0(a4)
200005c8:	0fd7f793          	andi	a5,a5,253
200005cc:	a31c                	sb	a5,0(a4)
PFIC_DisableIRQ():
c:/Users/seanw/mounriver-studio-projects/earth-computar/RVMSIS/core_riscv.h:185
 *
 * @param   IRQn    - Interrupt Numbers
 */
__attribute__((always_inline)) RV_STATIC_INLINE void PFIC_DisableIRQ(IRQn_Type IRQn)
{
    PFIC->IRER[((uint32_t)(IRQn) >> 5)] = (1 << ((uint32_t)(IRQn) & 0x1F));
200005ce:	e000e7b7          	lui	a5,0xe000e
200005d2:	01000737          	lui	a4,0x1000
200005d6:	18e7a023          	sw	a4,384(a5) # e000e180 <_eusrstack+0xc000b180>
c:/Users/seanw/mounriver-studio-projects/earth-computar/RVMSIS/core_riscv.h:186
    asm volatile("fence.i");
200005da:	0000100f          	fence.i
TMR_IRQHandler():
c:\Users\seanw\mounriver-studio-projects\earth-computar\obj/../src/Main.c:426
            PFIC_DisableIRQ(TMR_IRQn);
            tx_done = 1;
200005de:	80d18ea3          	sb	a3,-2019(gp) # 20000e4d <tx_done>
c:\Users\seanw\mounriver-studio-projects\earth-computar\obj/../src/Main.c:437

        /* Load next bit's PWM period (~50 % duty) */
        R16_PWM2_DATA     = pwm_periods[bit_index] >> 1;
        R16_PWM_CYC_VALUE = pwm_periods[bit_index];
    }
}
200005e2:	30200073          	mret
c:\Users\seanw\mounriver-studio-projects\earth-computar\obj/../src/Main.c:431
        R32_TMR_CNT_END = bit_counts[bit_index];
200005e6:	2316                	lhu	a3,0(a4)
200005e8:	00001617          	auipc	a2,0x1
200005ec:	8f460613          	addi	a2,a2,-1804 # 20000edc <bit_counts>
200005f0:	40c78793          	addi	a5,a5,1036
200005f4:	20c6a6b3          	sh1add	a3,a3,a2
200005f8:	2296                	lhu	a3,0(a3)
c:\Users\seanw\mounriver-studio-projects\earth-computar\obj/../src/Main.c:434
        R16_PWM2_DATA     = pwm_periods[bit_index] >> 1;
200005fa:	96c18613          	addi	a2,gp,-1684 # 20000f9c <pwm_periods>
c:\Users\seanw\mounriver-studio-projects\earth-computar\obj/../src/Main.c:431
        R32_TMR_CNT_END = bit_counts[bit_index];
200005fe:	c394                	sw	a3,0(a5)
c:\Users\seanw\mounriver-studio-projects\earth-computar\obj/../src/Main.c:434
        R16_PWM2_DATA     = pwm_periods[bit_index] >> 1;
20000600:	231e                	lhu	a5,0(a4)
20000602:	400056b7          	lui	a3,0x40005
20000606:	20c7a7b3          	sh1add	a5,a5,a2
2000060a:	239e                	lhu	a5,0(a5)
2000060c:	8385                	srli	a5,a5,0x1
2000060e:	a2fe                	sh	a5,6(a3)
c:\Users\seanw\mounriver-studio-projects\earth-computar\obj/../src/Main.c:435
        R16_PWM_CYC_VALUE = pwm_periods[bit_index];
20000610:	231e                	lhu	a5,0(a4)
20000612:	20c7a7b3          	sh1add	a5,a5,a2
20000616:	239e                	lhu	a5,0(a5)
20000618:	aade                	sh	a5,20(a3)
2000061a:	b7e1                	j	200005e2 <TMR_IRQHandler+0x58>

2000061c <RTC_IRQHandler>:
RTC_IRQHandler():
c:\Users\seanw\mounriver-studio-projects\earth-computar\obj/../src/Main.c:446
 */
__INTERRUPT
__HIGH_CODE
void RTC_IRQHandler(void)
{
    if (RTC_GetITFlag(RTC_TRIG_EVENT)) {
2000061c:	4501                	li	a0,0
2000061e:	e0001097          	auipc	ra,0xe0001
20000622:	0e0080e7          	jalr	224(ra) # 16fe <RTC_GetITFlag>
20000626:	c511                	beqz	a0,20000632 <RTC_IRQHandler+0x16>
c:\Users\seanw\mounriver-studio-projects\earth-computar\obj/../src/Main.c:447
        RTC_ClearITFlag(RTC_TRIG_EVENT);
20000628:	4501                	li	a0,0
2000062a:	e0001097          	auipc	ra,0xe0001
2000062e:	0ee080e7          	jalr	238(ra) # 1718 <RTC_ClearITFlag>
c:\Users\seanw\mounriver-studio-projects\earth-computar\obj/../src/Main.c:449
    }
}
20000632:	30200073          	mret

20000636 <GPIOA_IRQHandler>:
GPIOA_IRQHandler():
c:\Users\seanw\mounriver-studio-projects\earth-computar\obj/../src/Main.c:462
 */
__INTERRUPT
__HIGH_CODE
void GPIOA_IRQHandler(void)
{
    GPIOA_ClearITFlagBit(V_OK_PIN);
20000636:	400017b7          	lui	a5,0x40001
2000063a:	02000713          	li	a4,32
2000063e:	08e79e23          	sh	a4,156(a5) # 4000109c <_eusrstack+0x1fffe09c>
c:\Users\seanw\mounriver-studio-projects\earth-computar\obj/../src/Main.c:463
20000642:	30200073          	mret

20000646 <LowPower_Sleep>:
LowPower_Sleep():
c:\Users\seanw\mounriver-studio-projects\earth-computar\obj/../StdPeriphDriver/CH57x_pwr.c:200
{
    uint8_t x32Mpw;
    uint16_t power_plan;
    uint8_t clk_sys_cfg;

    clk_sys_cfg = R8_CLK_SYS_CFG;
20000646:	400017b7          	lui	a5,0x40001
2000064a:	0087c803          	lbu	a6,8(a5) # 40001008 <_eusrstack+0x1fffe008>
c:\Users\seanw\mounriver-studio-projects\earth-computar\obj/../StdPeriphDriver/CH57x_pwr.c:201
    x32Mpw = R8_XT32M_TUNE;
2000064e:	04e7c583          	lbu	a1,78(a5)
c:\Users\seanw\mounriver-studio-projects\earth-computar\obj/../StdPeriphDriver/CH57x_pwr.c:195
{
20000652:	1101                	addi	sp,sp,-32
c:\Users\seanw\mounriver-studio-projects\earth-computar\obj/../StdPeriphDriver/CH57x_pwr.c:200
    clk_sys_cfg = R8_CLK_SYS_CFG;
20000654:	0ff87813          	zext.b	a6,a6
c:\Users\seanw\mounriver-studio-projects\earth-computar\obj/../StdPeriphDriver/CH57x_pwr.c:202
    x32Mpw = (x32Mpw & 0xfc) | 0x03; // 150%额定电流
20000658:	0035e593          	ori	a1,a1,3
__risc_v_disable_irq():
c:/Users/seanw/mounriver-studio-projects/earth-computar/RVMSIS/core_riscv.h:154
    __asm volatile("csrrc %0, 0x800, %1" : \
2000065c:	08800713          	li	a4,136
20000660:	800736f3          	csrrc	a3,0x800,a4
c:/Users/seanw/mounriver-studio-projects/earth-computar/RVMSIS/core_riscv.h:156
    return result & 0x88;
20000664:	0886f693          	andi	a3,a3,136
LowPower_Sleep():
c:\Users\seanw\mounriver-studio-projects\earth-computar\obj/../StdPeriphDriver/CH57x_pwr.c:204

    sys_safe_access_enable();
20000668:	c436                	sw	a3,8(sp)
2000066a:	0000100f          	fence.i
2000066e:	05700613          	li	a2,87
20000672:	04c78023          	sb	a2,64(a5)
20000676:	fa800693          	li	a3,-88
2000067a:	04d78023          	sb	a3,64(a5)
2000067e:	0000100f          	fence.i
c:\Users\seanw\mounriver-studio-projects\earth-computar\obj/../StdPeriphDriver/CH57x_pwr.c:205
    R8_BAT_DET_CTRL = 0; // 关闭电压监控
20000682:	02078223          	sb	zero,36(a5)
c:\Users\seanw\mounriver-studio-projects\earth-computar\obj/../StdPeriphDriver/CH57x_pwr.c:206
    sys_safe_access_disable();
20000686:	04078023          	sb	zero,64(a5)
2000068a:	48a2                	lw	a7,8(sp)
__risc_v_enable_irq():
c:/Users/seanw/mounriver-studio-projects/earth-computar/RVMSIS/core_riscv.h:138
    __asm volatile("csrrs %0, 0x800, %1" : \
2000068c:	8008a8f3          	csrrs	a7,0x800,a7
LowPower_Sleep():
c:\Users\seanw\mounriver-studio-projects\earth-computar\obj/../StdPeriphDriver/CH57x_pwr.c:206
20000690:	0000100f          	fence.i
__risc_v_disable_irq():
c:/Users/seanw/mounriver-studio-projects/earth-computar/RVMSIS/core_riscv.h:154
    __asm volatile("csrrc %0, 0x800, %1" : \
20000694:	800738f3          	csrrc	a7,0x800,a4
c:/Users/seanw/mounriver-studio-projects/earth-computar/RVMSIS/core_riscv.h:156
    return result & 0x88;
20000698:	0888f893          	andi	a7,a7,136
LowPower_Sleep():
c:\Users\seanw\mounriver-studio-projects\earth-computar\obj/../StdPeriphDriver/CH57x_pwr.c:207
    sys_safe_access_enable();
2000069c:	c646                	sw	a7,12(sp)
2000069e:	0000100f          	fence.i
200006a2:	04c78023          	sb	a2,64(a5)
200006a6:	04d78023          	sb	a3,64(a5)
200006aa:	0000100f          	fence.i
c:\Users\seanw\mounriver-studio-projects\earth-computar\obj/../StdPeriphDriver/CH57x_pwr.c:208
    R8_XT32M_TUNE = x32Mpw;
200006ae:	04b78723          	sb	a1,78(a5)
c:\Users\seanw\mounriver-studio-projects\earth-computar\obj/../StdPeriphDriver/CH57x_pwr.c:209
    sys_safe_access_disable();
200006b2:	04078023          	sb	zero,64(a5)
200006b6:	45b2                	lw	a1,12(sp)
__risc_v_enable_irq():
c:/Users/seanw/mounriver-studio-projects/earth-computar/RVMSIS/core_riscv.h:138
    __asm volatile("csrrs %0, 0x800, %1" : \
200006b8:	8005a5f3          	csrrs	a1,0x800,a1
LowPower_Sleep():
c:\Users\seanw\mounriver-studio-projects\earth-computar\obj/../StdPeriphDriver/CH57x_pwr.c:209
200006bc:	0000100f          	fence.i
c:\Users\seanw\mounriver-studio-projects\earth-computar\obj/../StdPeriphDriver/CH57x_pwr.c:211

    PFIC->SCTLR |= (1 << 2); //deep sleep
200006c0:	e000f5b7          	lui	a1,0xe000f
200006c4:	d0058593          	addi	a1,a1,-768 # e000ed00 <_eusrstack+0xc000bd00>
200006c8:	0105a883          	lw	a7,16(a1)
200006cc:	0048e893          	ori	a7,a7,4
200006d0:	0115a823          	sw	a7,16(a1)
c:\Users\seanw\mounriver-studio-projects\earth-computar\obj/../StdPeriphDriver/CH57x_pwr.c:213

    power_plan = RB_PWR_PLAN_EN | RB_PWR_CORE | rm | (2<<11);
200006d4:	78e5                	lui	a7,0xffff9
200006d6:	0891                	addi	a7,a7,4 # ffff9004 <_eusrstack+0xdfff6004>
200006d8:	01156533          	or	a0,a0,a7
200006dc:	08054533          	zext.h	a0,a0
__risc_v_disable_irq():
c:/Users/seanw/mounriver-studio-projects/earth-computar/RVMSIS/core_riscv.h:154
    __asm volatile("csrrc %0, 0x800, %1" : \
200006e0:	800738f3          	csrrc	a7,0x800,a4
c:/Users/seanw/mounriver-studio-projects/earth-computar/RVMSIS/core_riscv.h:156
    return result & 0x88;
200006e4:	0888f893          	andi	a7,a7,136
LowPower_Sleep():
c:\Users\seanw\mounriver-studio-projects\earth-computar\obj/../StdPeriphDriver/CH57x_pwr.c:215

    sys_safe_access_enable();
200006e8:	c846                	sw	a7,16(sp)
200006ea:	0000100f          	fence.i
200006ee:	04c78023          	sb	a2,64(a5)
200006f2:	04d78023          	sb	a3,64(a5)
200006f6:	0000100f          	fence.i
c:\Users\seanw\mounriver-studio-projects\earth-computar\obj/../StdPeriphDriver/CH57x_pwr.c:217

    R16_POWER_PLAN = power_plan;
200006fa:	b38a                	sh	a0,32(a5)
c:\Users\seanw\mounriver-studio-projects\earth-computar\obj/../StdPeriphDriver/CH57x_pwr.c:218
    sys_safe_access_disable();
200006fc:	04078023          	sb	zero,64(a5)
20000700:	4542                	lw	a0,16(sp)
__risc_v_enable_irq():
c:/Users/seanw/mounriver-studio-projects/earth-computar/RVMSIS/core_riscv.h:138
    __asm volatile("csrrs %0, 0x800, %1" : \
20000702:	80052573          	csrrs	a0,0x800,a0
LowPower_Sleep():
c:\Users\seanw\mounriver-studio-projects\earth-computar\obj/../StdPeriphDriver/CH57x_pwr.c:218
20000706:	0000100f          	fence.i
__risc_v_disable_irq():
c:/Users/seanw/mounriver-studio-projects/earth-computar/RVMSIS/core_riscv.h:154
    __asm volatile("csrrc %0, 0x800, %1" : \
2000070a:	80073573          	csrrc	a0,0x800,a4
c:/Users/seanw/mounriver-studio-projects/earth-computar/RVMSIS/core_riscv.h:156
    return result & 0x88;
2000070e:	08857513          	andi	a0,a0,136
LowPower_Sleep():
c:\Users\seanw\mounriver-studio-projects\earth-computar\obj/../StdPeriphDriver/CH57x_pwr.c:219
    sys_safe_access_enable();
20000712:	ca2a                	sw	a0,20(sp)
20000714:	0000100f          	fence.i
20000718:	04c78023          	sb	a2,64(a5)
2000071c:	04d78023          	sb	a3,64(a5)
20000720:	0000100f          	fence.i
c:\Users\seanw\mounriver-studio-projects\earth-computar\obj/../StdPeriphDriver/CH57x_pwr.c:220
    R8_CLK_SYS_CFG = CLK_SOURCE_HSE_PLL_24MHz;
20000724:	05900513          	li	a0,89
20000728:	a788                	sb	a0,8(a5)
c:\Users\seanw\mounriver-studio-projects\earth-computar\obj/../StdPeriphDriver/CH57x_pwr.c:221
    sys_safe_access_disable();
2000072a:	04078023          	sb	zero,64(a5)
2000072e:	4552                	lw	a0,20(sp)
__risc_v_enable_irq():
c:/Users/seanw/mounriver-studio-projects/earth-computar/RVMSIS/core_riscv.h:138
    __asm volatile("csrrs %0, 0x800, %1" : \
20000730:	80052573          	csrrs	a0,0x800,a0
LowPower_Sleep():
c:\Users\seanw\mounriver-studio-projects\earth-computar\obj/../StdPeriphDriver/CH57x_pwr.c:221
20000734:	0000100f          	fence.i
__WFI():
c:/Users/seanw/mounriver-studio-projects/earth-computar/RVMSIS/core_riscv.h:348
 *
 * @brief   Wait for Interrupt
 */
__attribute__((always_inline)) RV_STATIC_INLINE void __WFI(void)
{
    PFIC->SCTLR &= ~(1 << 3); // wfi
20000738:	4988                	lw	a0,16(a1)
2000073a:	995d                	andi	a0,a0,-9
2000073c:	c988                	sw	a0,16(a1)
c:/Users/seanw/mounriver-studio-projects/earth-computar/RVMSIS/core_riscv.h:349
    __asm__ volatile("wfi");
2000073e:	10500073          	wfi
LowPower_Sleep():
c:\Users\seanw\mounriver-studio-projects\earth-computar\obj/../StdPeriphDriver/CH57x_pwr.c:233
//    sys_safe_access_enable();
//    R8_PLL_CONFIG |= (1 << 5);
//    sys_safe_access_disable();

    __WFI();
    __nop();
20000742:	0001                	nop
c:\Users\seanw\mounriver-studio-projects\earth-computar\obj/../StdPeriphDriver/CH57x_pwr.c:234
    __nop();
20000744:	0001                	nop
__risc_v_disable_irq():
c:/Users/seanw/mounriver-studio-projects/earth-computar/RVMSIS/core_riscv.h:154
    __asm volatile("csrrc %0, 0x800, %1" : \
20000746:	800735f3          	csrrc	a1,0x800,a4
c:/Users/seanw/mounriver-studio-projects/earth-computar/RVMSIS/core_riscv.h:156
    return result & 0x88;
2000074a:	0885f593          	andi	a1,a1,136
LowPower_Sleep():
c:\Users\seanw\mounriver-studio-projects\earth-computar\obj/../StdPeriphDriver/CH57x_pwr.c:236

    sys_safe_access_enable();
2000074e:	cc2e                	sw	a1,24(sp)
20000750:	0000100f          	fence.i
20000754:	04c78023          	sb	a2,64(a5)
20000758:	04d78023          	sb	a3,64(a5)
2000075c:	0000100f          	fence.i
c:\Users\seanw\mounriver-studio-projects\earth-computar\obj/../StdPeriphDriver/CH57x_pwr.c:237
    R8_CLK_SYS_CFG = clk_sys_cfg;
20000760:	01078423          	sb	a6,8(a5)
c:\Users\seanw\mounriver-studio-projects\earth-computar\obj/../StdPeriphDriver/CH57x_pwr.c:238
    sys_safe_access_disable();
20000764:	04078023          	sb	zero,64(a5)
20000768:	45e2                	lw	a1,24(sp)
__risc_v_enable_irq():
c:/Users/seanw/mounriver-studio-projects/earth-computar/RVMSIS/core_riscv.h:138
    __asm volatile("csrrs %0, 0x800, %1" : \
2000076a:	8005a5f3          	csrrs	a1,0x800,a1
LowPower_Sleep():
c:\Users\seanw\mounriver-studio-projects\earth-computar\obj/../StdPeriphDriver/CH57x_pwr.c:238
2000076e:	0000100f          	fence.i
__risc_v_disable_irq():
c:/Users/seanw/mounriver-studio-projects/earth-computar/RVMSIS/core_riscv.h:154
    __asm volatile("csrrc %0, 0x800, %1" : \
20000772:	80073773          	csrrc	a4,0x800,a4
c:/Users/seanw/mounriver-studio-projects/earth-computar/RVMSIS/core_riscv.h:156
    return result & 0x88;
20000776:	08877713          	andi	a4,a4,136
LowPower_Sleep():
c:\Users\seanw\mounriver-studio-projects\earth-computar\obj/../StdPeriphDriver/CH57x_pwr.c:239
    sys_safe_access_enable();
2000077a:	ce3a                	sw	a4,28(sp)
2000077c:	0000100f          	fence.i
20000780:	04c78023          	sb	a2,64(a5)
20000784:	04d78023          	sb	a3,64(a5)
20000788:	0000100f          	fence.i
c:\Users\seanw\mounriver-studio-projects\earth-computar\obj/../StdPeriphDriver/CH57x_pwr.c:240
    R16_POWER_PLAN &= ~RB_PWR_PLAN_EN;
2000078c:	339a                	lhu	a4,32(a5)
c:\Users\seanw\mounriver-studio-projects\earth-computar\obj/../StdPeriphDriver/CH57x_pwr.c:241
    R16_POWER_PLAN &= ~RB_XT_PRE_EN;
2000078e:	76f1                	lui	a3,0xffffc
20000790:	16fd                	addi	a3,a3,-1 # ffffbfff <_eusrstack+0xdfff8fff>
c:\Users\seanw\mounriver-studio-projects\earth-computar\obj/../StdPeriphDriver/CH57x_pwr.c:240
    R16_POWER_PLAN &= ~RB_PWR_PLAN_EN;
20000792:	0746                	slli	a4,a4,0x11
20000794:	8345                	srli	a4,a4,0x11
20000796:	b39a                	sh	a4,32(a5)
c:\Users\seanw\mounriver-studio-projects\earth-computar\obj/../StdPeriphDriver/CH57x_pwr.c:241
    R16_POWER_PLAN &= ~RB_XT_PRE_EN;
20000798:	339a                	lhu	a4,32(a5)
2000079a:	8f75                	and	a4,a4,a3
2000079c:	b39a                	sh	a4,32(a5)
c:\Users\seanw\mounriver-studio-projects\earth-computar\obj/../StdPeriphDriver/CH57x_pwr.c:242
    sys_safe_access_disable();
2000079e:	04078023          	sb	zero,64(a5)
200007a2:	47f2                	lw	a5,28(sp)
__risc_v_enable_irq():
c:/Users/seanw/mounriver-studio-projects/earth-computar/RVMSIS/core_riscv.h:138
    __asm volatile("csrrs %0, 0x800, %1" : \
200007a4:	8007a7f3          	csrrs	a5,0x800,a5
LowPower_Sleep():
c:\Users\seanw\mounriver-studio-projects\earth-computar\obj/../StdPeriphDriver/CH57x_pwr.c:242
200007a8:	0000100f          	fence.i
c:\Users\seanw\mounriver-studio-projects\earth-computar\obj/../StdPeriphDriver/CH57x_pwr.c:246
//    sys_safe_access_enable();
//    R8_PLL_CONFIG &= ~(1 << 5);
//    sys_safe_access_disable();
    DelayUs(40);
200007ac:	02800513          	li	a0,40
c:\Users\seanw\mounriver-studio-projects\earth-computar\obj/../StdPeriphDriver/CH57x_pwr.c:247
}
200007b0:	6105                	addi	sp,sp,32
c:\Users\seanw\mounriver-studio-projects\earth-computar\obj/../StdPeriphDriver/CH57x_pwr.c:246
    DelayUs(40);
200007b2:	ace1                	j	20000a8a <mDelayuS>

200007b4 <SetSysClock>:
SetSysClock():
c:\Users\seanw\mounriver-studio-projects\earth-computar\obj/../StdPeriphDriver/CH57x_sys.c:31
{
    uint16_t clk_sys_cfg;
    uint8_t i;
    uint8_t x32M_c;

    if(sc == RB_CLK_SYS_MOD)  // LSI
200007b4:	0c000793          	li	a5,192
c:\Users\seanw\mounriver-studio-projects\earth-computar\obj/../StdPeriphDriver/CH57x_sys.c:26
{
200007b8:	1101                	addi	sp,sp,-32
c:\Users\seanw\mounriver-studio-projects\earth-computar\obj/../StdPeriphDriver/CH57x_sys.c:31
    if(sc == RB_CLK_SYS_MOD)  // LSI
200007ba:	04f51863          	bne	a0,a5,2000080a <SetSysClock+0x56>
__risc_v_disable_irq():
c:/Users/seanw/mounriver-studio-projects/earth-computar/RVMSIS/core_riscv.h:154
    __asm volatile("csrrc %0, 0x800, %1" : \
200007be:	08800793          	li	a5,136
200007c2:	8007b7f3          	csrrc	a5,0x800,a5
c:/Users/seanw/mounriver-studio-projects/earth-computar/RVMSIS/core_riscv.h:156
    return result & 0x88;
200007c6:	0887f793          	andi	a5,a5,136
SetSysClock():
c:\Users\seanw\mounriver-studio-projects\earth-computar\obj/../StdPeriphDriver/CH57x_sys.c:33
    {
        sys_safe_access_enable();
200007ca:	c03e                	sw	a5,0(sp)
200007cc:	0000100f          	fence.i
200007d0:	400017b7          	lui	a5,0x40001
200007d4:	05700713          	li	a4,87
200007d8:	04e78023          	sb	a4,64(a5) # 40001040 <_eusrstack+0x1fffe040>
200007dc:	fa800713          	li	a4,-88
200007e0:	04e78023          	sb	a4,64(a5)
200007e4:	0000100f          	fence.i
c:\Users\seanw\mounriver-studio-projects\earth-computar\obj/../StdPeriphDriver/CH57x_sys.c:34
        R8_SLP_POWER_CTRL |= 0x40;
200007e8:	37f8                	lbu	a4,15(a5)
200007ea:	04076713          	ori	a4,a4,64
200007ee:	b7f8                	sb	a4,15(a5)
c:\Users\seanw\mounriver-studio-projects\earth-computar\obj/../StdPeriphDriver/CH57x_sys.c:35
        R8_CLK_SYS_CFG |= RB_CLK_SYS_MOD;
200007f0:	2798                	lbu	a4,8(a5)
200007f2:	0c076713          	ori	a4,a4,192
200007f6:	a798                	sb	a4,8(a5)
c:\Users\seanw\mounriver-studio-projects\earth-computar\obj/../StdPeriphDriver/CH57x_sys.c:36
        sys_safe_access_disable();
200007f8:	04078023          	sb	zero,64(a5)
200007fc:	4782                	lw	a5,0(sp)
__risc_v_enable_irq():
c:/Users/seanw/mounriver-studio-projects/earth-computar/RVMSIS/core_riscv.h:138
    __asm volatile("csrrs %0, 0x800, %1" : \
200007fe:	8007a7f3          	csrrs	a5,0x800,a5
SetSysClock():
c:\Users\seanw\mounriver-studio-projects\earth-computar\obj/../StdPeriphDriver/CH57x_sys.c:88
        }

        sys_safe_access_enable();
        R8_SLP_POWER_CTRL |= 0x40;
        R8_CLK_SYS_CFG = sc;
        sys_safe_access_disable();
20000802:	0000100f          	fence.i
c:\Users\seanw\mounriver-studio-projects\earth-computar\obj/../StdPeriphDriver/CH57x_sys.c:90
    }
}
20000806:	6105                	addi	sp,sp,32
20000808:	8082                	ret
c:\Users\seanw\mounriver-studio-projects\earth-computar\obj/../StdPeriphDriver/CH57x_sys.c:40
        if(!(R8_HFCK_PWR_CTRL & RB_CLK_XT32M_PON))
2000080a:	400017b7          	lui	a5,0x40001
2000080e:	27b8                	lbu	a4,10(a5)
20000810:	8b11                	andi	a4,a4,4
20000812:	eb69                	bnez	a4,200008e4 <SetSysClock+0x130>
c:\Users\seanw\mounriver-studio-projects\earth-computar\obj/../StdPeriphDriver/CH57x_sys.c:42
            x32M_c = R8_XT32M_TUNE;
20000814:	04e7c683          	lbu	a3,78(a5) # 4000104e <_eusrstack+0x1fffe04e>
__risc_v_disable_irq():
c:/Users/seanw/mounriver-studio-projects/earth-computar/RVMSIS/core_riscv.h:154
    __asm volatile("csrrc %0, 0x800, %1" : \
20000818:	08800713          	li	a4,136
SetSysClock():
c:\Users\seanw\mounriver-studio-projects\earth-computar\obj/../StdPeriphDriver/CH57x_sys.c:42
2000081c:	0ff6f693          	zext.b	a3,a3
__risc_v_disable_irq():
c:/Users/seanw/mounriver-studio-projects/earth-computar/RVMSIS/core_riscv.h:154
20000820:	80073673          	csrrc	a2,0x800,a4
c:/Users/seanw/mounriver-studio-projects/earth-computar/RVMSIS/core_riscv.h:156
    return result & 0x88;
20000824:	08867613          	andi	a2,a2,136
SetSysClock():
c:\Users\seanw\mounriver-studio-projects\earth-computar\obj/../StdPeriphDriver/CH57x_sys.c:43
            sys_safe_access_enable();
20000828:	c232                	sw	a2,4(sp)
2000082a:	0000100f          	fence.i
2000082e:	05700813          	li	a6,87
20000832:	05078023          	sb	a6,64(a5)
20000836:	fa800593          	li	a1,-88
2000083a:	04b78023          	sb	a1,64(a5)
2000083e:	0000100f          	fence.i
c:\Users\seanw\mounriver-studio-projects\earth-computar\obj/../StdPeriphDriver/CH57x_sys.c:44
            R8_XT32M_TUNE |= 0x03;
20000842:	04e7c603          	lbu	a2,78(a5)
20000846:	00366613          	ori	a2,a2,3
2000084a:	04c78723          	sb	a2,78(a5)
c:\Users\seanw\mounriver-studio-projects\earth-computar\obj/../StdPeriphDriver/CH57x_sys.c:45
            R8_HFCK_PWR_CTRL |= RB_CLK_XT32M_PON;
2000084e:	27b0                	lbu	a2,10(a5)
20000850:	00466613          	ori	a2,a2,4
20000854:	a7b0                	sb	a2,10(a5)
c:\Users\seanw\mounriver-studio-projects\earth-computar\obj/../StdPeriphDriver/CH57x_sys.c:46
            sys_safe_access_disable();
20000856:	04078023          	sb	zero,64(a5)
2000085a:	4612                	lw	a2,4(sp)
__risc_v_enable_irq():
c:/Users/seanw/mounriver-studio-projects/earth-computar/RVMSIS/core_riscv.h:138
    __asm volatile("csrrs %0, 0x800, %1" : \
2000085c:	80062673          	csrrs	a2,0x800,a2
SetSysClock():
c:\Users\seanw\mounriver-studio-projects\earth-computar\obj/../StdPeriphDriver/CH57x_sys.c:46
20000860:	0000100f          	fence.i
c:\Users\seanw\mounriver-studio-projects\earth-computar\obj/../StdPeriphDriver/CH57x_sys.c:47
            clk_sys_cfg = R8_CLK_SYS_CFG;
20000864:	2790                	lbu	a2,8(a5)
20000866:	0ff67613          	zext.b	a2,a2
__risc_v_disable_irq():
c:/Users/seanw/mounriver-studio-projects/earth-computar/RVMSIS/core_riscv.h:154
    __asm volatile("csrrc %0, 0x800, %1" : \
2000086a:	80073773          	csrrc	a4,0x800,a4
c:/Users/seanw/mounriver-studio-projects/earth-computar/RVMSIS/core_riscv.h:156
    return result & 0x88;
2000086e:	08877713          	andi	a4,a4,136
SetSysClock():
c:\Users\seanw\mounriver-studio-projects\earth-computar\obj/../StdPeriphDriver/CH57x_sys.c:48
            sys_safe_access_enable();
20000872:	c43a                	sw	a4,8(sp)
20000874:	0000100f          	fence.i
20000878:	05078023          	sb	a6,64(a5)
2000087c:	04b78023          	sb	a1,64(a5)
20000880:	0000100f          	fence.i
c:\Users\seanw\mounriver-studio-projects\earth-computar\obj/../StdPeriphDriver/CH57x_sys.c:49
            R8_CLK_SYS_CFG |= 0xC0;
20000884:	2798                	lbu	a4,8(a5)
20000886:	0c076713          	ori	a4,a4,192
2000088a:	a798                	sb	a4,8(a5)
c:\Users\seanw\mounriver-studio-projects\earth-computar\obj/../StdPeriphDriver/CH57x_sys.c:50
            sys_safe_access_disable();
2000088c:	04078023          	sb	zero,64(a5)
20000890:	47a2                	lw	a5,8(sp)
__risc_v_enable_irq():
c:/Users/seanw/mounriver-studio-projects/earth-computar/RVMSIS/core_riscv.h:138
    __asm volatile("csrrs %0, 0x800, %1" : \
20000892:	8007a7f3          	csrrs	a5,0x800,a5
SetSysClock():
c:\Users\seanw\mounriver-studio-projects\earth-computar\obj/../StdPeriphDriver/CH57x_sys.c:50
20000896:	0000100f          	fence.i
2000089a:	47a5                	li	a5,9
c:\Users\seanw\mounriver-studio-projects\earth-computar\obj/../StdPeriphDriver/CH57x_sys.c:53 (discriminator 3)
                __nop();
2000089c:	0001                	nop
c:\Users\seanw\mounriver-studio-projects\earth-computar\obj/../StdPeriphDriver/CH57x_sys.c:51 (discriminator 3)
            for(i=0; i<9; i++)
2000089e:	17fd                	addi	a5,a5,-1
200008a0:	0ff7f793          	zext.b	a5,a5
200008a4:	ffe5                	bnez	a5,2000089c <SetSysClock+0xe8>
__risc_v_disable_irq():
c:/Users/seanw/mounriver-studio-projects/earth-computar/RVMSIS/core_riscv.h:154
    __asm volatile("csrrc %0, 0x800, %1" : \
200008a6:	08800793          	li	a5,136
200008aa:	8007b7f3          	csrrc	a5,0x800,a5
c:/Users/seanw/mounriver-studio-projects/earth-computar/RVMSIS/core_riscv.h:156
    return result & 0x88;
200008ae:	0887f793          	andi	a5,a5,136
SetSysClock():
c:\Users\seanw\mounriver-studio-projects\earth-computar\obj/../StdPeriphDriver/CH57x_sys.c:55
            sys_safe_access_enable();
200008b2:	c63e                	sw	a5,12(sp)
200008b4:	0000100f          	fence.i
200008b8:	400017b7          	lui	a5,0x40001
200008bc:	05700713          	li	a4,87
200008c0:	04e78023          	sb	a4,64(a5) # 40001040 <_eusrstack+0x1fffe040>
200008c4:	fa800713          	li	a4,-88
200008c8:	04e78023          	sb	a4,64(a5)
200008cc:	0000100f          	fence.i
c:\Users\seanw\mounriver-studio-projects\earth-computar\obj/../StdPeriphDriver/CH57x_sys.c:56
            R8_CLK_SYS_CFG = clk_sys_cfg;
200008d0:	a790                	sb	a2,8(a5)
c:\Users\seanw\mounriver-studio-projects\earth-computar\obj/../StdPeriphDriver/CH57x_sys.c:57
            R8_XT32M_TUNE = x32M_c;
200008d2:	04d78723          	sb	a3,78(a5)
c:\Users\seanw\mounriver-studio-projects\earth-computar\obj/../StdPeriphDriver/CH57x_sys.c:58
            sys_safe_access_disable();
200008d6:	04078023          	sb	zero,64(a5)
200008da:	47b2                	lw	a5,12(sp)
__risc_v_enable_irq():
c:/Users/seanw/mounriver-studio-projects/earth-computar/RVMSIS/core_riscv.h:138
    __asm volatile("csrrs %0, 0x800, %1" : \
200008dc:	8007a7f3          	csrrs	a5,0x800,a5
SetSysClock():
c:\Users\seanw\mounriver-studio-projects\earth-computar\obj/../StdPeriphDriver/CH57x_sys.c:58
200008e0:	0000100f          	fence.i
c:\Users\seanw\mounriver-studio-projects\earth-computar\obj/../StdPeriphDriver/CH57x_sys.c:61
        if((sc & RB_CLK_SYS_MOD) == 0x40) // PLL div
200008e4:	0c057793          	andi	a5,a0,192
200008e8:	04000713          	li	a4,64
200008ec:	08e79d63          	bne	a5,a4,20000986 <SetSysClock+0x1d2>
__risc_v_disable_irq():
c:/Users/seanw/mounriver-studio-projects/earth-computar/RVMSIS/core_riscv.h:154
    __asm volatile("csrrc %0, 0x800, %1" : \
200008f0:	08800793          	li	a5,136
200008f4:	8007b7f3          	csrrc	a5,0x800,a5
c:/Users/seanw/mounriver-studio-projects/earth-computar/RVMSIS/core_riscv.h:156
    return result & 0x88;
200008f8:	0887f793          	andi	a5,a5,136
SetSysClock():
c:\Users\seanw\mounriver-studio-projects\earth-computar\obj/../StdPeriphDriver/CH57x_sys.c:63
            sys_safe_access_enable();
200008fc:	c83e                	sw	a5,16(sp)
200008fe:	0000100f          	fence.i
20000902:	400017b7          	lui	a5,0x40001
20000906:	05700713          	li	a4,87
2000090a:	04e78023          	sb	a4,64(a5) # 40001040 <_eusrstack+0x1fffe040>
2000090e:	fa800713          	li	a4,-88
20000912:	04e78023          	sb	a4,64(a5)
20000916:	0000100f          	fence.i
c:\Users\seanw\mounriver-studio-projects\earth-computar\obj/../StdPeriphDriver/CH57x_sys.c:64
            R8_HFCK_PWR_CTRL |= RB_CLK_PLL_PON;
2000091a:	27b8                	lbu	a4,10(a5)
c:\Users\seanw\mounriver-studio-projects\earth-computar\obj/../StdPeriphDriver/CH57x_sys.c:65
            R8_FLASH_CFG = 0X01;
2000091c:	4685                	li	a3,1
c:\Users\seanw\mounriver-studio-projects\earth-computar\obj/../StdPeriphDriver/CH57x_sys.c:64
            R8_HFCK_PWR_CTRL |= RB_CLK_PLL_PON;
2000091e:	01076713          	ori	a4,a4,16
20000922:	a7b8                	sb	a4,10(a5)
c:\Users\seanw\mounriver-studio-projects\earth-computar\obj/../StdPeriphDriver/CH57x_sys.c:65
            R8_FLASH_CFG = 0X01;
20000924:	40002737          	lui	a4,0x40002
20000928:	80d703a3          	sb	a3,-2041(a4) # 40001807 <_eusrstack+0x1fffe807>
c:\Users\seanw\mounriver-studio-projects\earth-computar\obj/../StdPeriphDriver/CH57x_sys.c:66
            R8_FLASH_SCK |= 1<<4; //50M
2000092c:	80574683          	lbu	a3,-2043(a4)
20000930:	0106e693          	ori	a3,a3,16
20000934:	80d702a3          	sb	a3,-2043(a4)
c:\Users\seanw\mounriver-studio-projects\earth-computar\obj/../StdPeriphDriver/CH57x_sys.c:67
            sys_safe_access_disable();
20000938:	04078023          	sb	zero,64(a5)
2000093c:	47c2                	lw	a5,16(sp)
__risc_v_enable_irq():
c:/Users/seanw/mounriver-studio-projects/earth-computar/RVMSIS/core_riscv.h:138
    __asm volatile("csrrs %0, 0x800, %1" : \
2000093e:	8007a7f3          	csrrs	a5,0x800,a5
SetSysClock():
c:\Users\seanw\mounriver-studio-projects\earth-computar\obj/../StdPeriphDriver/CH57x_sys.c:81
                sys_safe_access_disable();
20000942:	0000100f          	fence.i
__risc_v_disable_irq():
c:/Users/seanw/mounriver-studio-projects/earth-computar/RVMSIS/core_riscv.h:154
    __asm volatile("csrrc %0, 0x800, %1" : \
20000946:	08800793          	li	a5,136
2000094a:	8007b7f3          	csrrc	a5,0x800,a5
c:/Users/seanw/mounriver-studio-projects/earth-computar/RVMSIS/core_riscv.h:156
    return result & 0x88;
2000094e:	0887f793          	andi	a5,a5,136
SetSysClock():
c:\Users\seanw\mounriver-studio-projects\earth-computar\obj/../StdPeriphDriver/CH57x_sys.c:85
        sys_safe_access_enable();
20000952:	ce3e                	sw	a5,28(sp)
20000954:	0000100f          	fence.i
20000958:	400017b7          	lui	a5,0x40001
2000095c:	05700713          	li	a4,87
20000960:	04e78023          	sb	a4,64(a5) # 40001040 <_eusrstack+0x1fffe040>
20000964:	fa800713          	li	a4,-88
20000968:	04e78023          	sb	a4,64(a5)
2000096c:	0000100f          	fence.i
c:\Users\seanw\mounriver-studio-projects\earth-computar\obj/../StdPeriphDriver/CH57x_sys.c:86
        R8_SLP_POWER_CTRL |= 0x40;
20000970:	37f8                	lbu	a4,15(a5)
c:\Users\seanw\mounriver-studio-projects\earth-computar\obj/../StdPeriphDriver/CH57x_sys.c:87
        R8_CLK_SYS_CFG = sc;
20000972:	0ff57513          	zext.b	a0,a0
c:\Users\seanw\mounriver-studio-projects\earth-computar\obj/../StdPeriphDriver/CH57x_sys.c:86
        R8_SLP_POWER_CTRL |= 0x40;
20000976:	04076713          	ori	a4,a4,64
2000097a:	b7f8                	sb	a4,15(a5)
c:\Users\seanw\mounriver-studio-projects\earth-computar\obj/../StdPeriphDriver/CH57x_sys.c:87
        R8_CLK_SYS_CFG = sc;
2000097c:	a788                	sb	a0,8(a5)
c:\Users\seanw\mounriver-studio-projects\earth-computar\obj/../StdPeriphDriver/CH57x_sys.c:88
        sys_safe_access_disable();
2000097e:	04078023          	sb	zero,64(a5)
20000982:	47f2                	lw	a5,28(sp)
20000984:	bdad                	j	200007fe <SetSysClock+0x4a>
c:\Users\seanw\mounriver-studio-projects\earth-computar\obj/../StdPeriphDriver/CH57x_sys.c:71
            if((sc&0x1F) )
20000986:	01f57793          	andi	a5,a0,31
2000098a:	cf9d                	beqz	a5,200009c8 <SetSysClock+0x214>
__risc_v_disable_irq():
c:/Users/seanw/mounriver-studio-projects/earth-computar/RVMSIS/core_riscv.h:154
    __asm volatile("csrrc %0, 0x800, %1" : \
2000098c:	08800793          	li	a5,136
20000990:	8007b7f3          	csrrc	a5,0x800,a5
c:/Users/seanw/mounriver-studio-projects/earth-computar/RVMSIS/core_riscv.h:156
    return result & 0x88;
20000994:	0887f793          	andi	a5,a5,136
SetSysClock():
c:\Users\seanw\mounriver-studio-projects\earth-computar\obj/../StdPeriphDriver/CH57x_sys.c:73
                sys_safe_access_enable();
20000998:	ca3e                	sw	a5,20(sp)
2000099a:	0000100f          	fence.i
2000099e:	400017b7          	lui	a5,0x40001
200009a2:	05700713          	li	a4,87
200009a6:	04e78023          	sb	a4,64(a5) # 40001040 <_eusrstack+0x1fffe040>
200009aa:	fa800713          	li	a4,-88
200009ae:	04e78023          	sb	a4,64(a5)
200009b2:	0000100f          	fence.i
c:\Users\seanw\mounriver-studio-projects\earth-computar\obj/../StdPeriphDriver/CH57x_sys.c:74
                R8_FLASH_CFG = 0X02;
200009b6:	40002737          	lui	a4,0x40002
200009ba:	4689                	li	a3,2
200009bc:	80d703a3          	sb	a3,-2041(a4) # 40001807 <_eusrstack+0x1fffe807>
c:\Users\seanw\mounriver-studio-projects\earth-computar\obj/../StdPeriphDriver/CH57x_sys.c:75
                sys_safe_access_disable();
200009c0:	04078023          	sb	zero,64(a5)
200009c4:	47d2                	lw	a5,20(sp)
__risc_v_enable_irq():
c:/Users/seanw/mounriver-studio-projects/earth-computar/RVMSIS/core_riscv.h:138
    __asm volatile("csrrs %0, 0x800, %1" : \
200009c6:	bfa5                	j	2000093e <SetSysClock+0x18a>
__risc_v_disable_irq():
c:/Users/seanw/mounriver-studio-projects/earth-computar/RVMSIS/core_riscv.h:154
    __asm volatile("csrrc %0, 0x800, %1" : \
200009c8:	08800793          	li	a5,136
200009cc:	8007b7f3          	csrrc	a5,0x800,a5
c:/Users/seanw/mounriver-studio-projects/earth-computar/RVMSIS/core_riscv.h:156
    return result & 0x88;
200009d0:	0887f793          	andi	a5,a5,136
SetSysClock():
c:\Users\seanw\mounriver-studio-projects\earth-computar\obj/../StdPeriphDriver/CH57x_sys.c:79
                sys_safe_access_enable();
200009d4:	cc3e                	sw	a5,24(sp)
200009d6:	0000100f          	fence.i
200009da:	400017b7          	lui	a5,0x40001
200009de:	05700713          	li	a4,87
200009e2:	04e78023          	sb	a4,64(a5) # 40001040 <_eusrstack+0x1fffe040>
200009e6:	fa800713          	li	a4,-88
200009ea:	04e78023          	sb	a4,64(a5)
200009ee:	0000100f          	fence.i
c:\Users\seanw\mounriver-studio-projects\earth-computar\obj/../StdPeriphDriver/CH57x_sys.c:80
                R8_FLASH_CFG = 0X07;
200009f2:	40002737          	lui	a4,0x40002
200009f6:	469d                	li	a3,7
200009f8:	80d703a3          	sb	a3,-2041(a4) # 40001807 <_eusrstack+0x1fffe807>
c:\Users\seanw\mounriver-studio-projects\earth-computar\obj/../StdPeriphDriver/CH57x_sys.c:81
                sys_safe_access_disable();
200009fc:	04078023          	sb	zero,64(a5)
20000a00:	47e2                	lw	a5,24(sp)
20000a02:	bf35                	j	2000093e <SetSysClock+0x18a>

20000a04 <HardFault_Handler>:
HardFault_Handler():
c:\Users\seanw\mounriver-studio-projects\earth-computar\obj/../StdPeriphDriver/CH57x_sys.c:285
 */
__INTERRUPT
__HIGH_CODE
__attribute__((weak))
void HardFault_Handler(void)
{
20000a04:	1141                	addi	sp,sp,-16
c:\Users\seanw\mounriver-studio-projects\earth-computar\obj/../StdPeriphDriver/CH57x_sys.c:286
    FLASH_ROM_SW_RESET();
20000a06:	4681                	li	a3,0
20000a08:	4601                	li	a2,0
20000a0a:	4581                	li	a1,0
20000a0c:	4511                	li	a0,4
20000a0e:	e0001097          	auipc	ra,0xe0001
20000a12:	234080e7          	jalr	564(ra) # 1c42 <FLASH_EEPROM_CMD>
__risc_v_disable_irq():
c:/Users/seanw/mounriver-studio-projects/earth-computar/RVMSIS/core_riscv.h:154
    __asm volatile("csrrc %0, 0x800, %1" : \
20000a16:	08800713          	li	a4,136
20000a1a:	800737f3          	csrrc	a5,0x800,a4
c:/Users/seanw/mounriver-studio-projects/earth-computar/RVMSIS/core_riscv.h:156
    return result & 0x88;
20000a1e:	0887f793          	andi	a5,a5,136
HardFault_Handler():
c:\Users\seanw\mounriver-studio-projects\earth-computar\obj/../StdPeriphDriver/CH57x_sys.c:287
    sys_safe_access_enable();
20000a22:	c43e                	sw	a5,8(sp)
20000a24:	0000100f          	fence.i
20000a28:	400017b7          	lui	a5,0x40001
20000a2c:	05700613          	li	a2,87
20000a30:	04c78023          	sb	a2,64(a5) # 40001040 <_eusrstack+0x1fffe040>
20000a34:	fa800693          	li	a3,-88
20000a38:	04d78023          	sb	a3,64(a5)
20000a3c:	0000100f          	fence.i
c:\Users\seanw\mounriver-studio-projects\earth-computar\obj/../StdPeriphDriver/CH57x_sys.c:288
    R16_INT_LSI_TUNE = 0xFFFF;
20000a40:	55fd                	li	a1,-1
20000a42:	b7ce                	sh	a1,44(a5)
c:\Users\seanw\mounriver-studio-projects\earth-computar\obj/../StdPeriphDriver/CH57x_sys.c:289
    sys_safe_access_disable();
20000a44:	04078023          	sb	zero,64(a5)
20000a48:	45a2                	lw	a1,8(sp)
__risc_v_enable_irq():
c:/Users/seanw/mounriver-studio-projects/earth-computar/RVMSIS/core_riscv.h:138
    __asm volatile("csrrs %0, 0x800, %1" : \
20000a4a:	8005a5f3          	csrrs	a1,0x800,a1
HardFault_Handler():
c:\Users\seanw\mounriver-studio-projects\earth-computar\obj/../StdPeriphDriver/CH57x_sys.c:289
20000a4e:	0000100f          	fence.i
__risc_v_disable_irq():
c:/Users/seanw/mounriver-studio-projects/earth-computar/RVMSIS/core_riscv.h:154
    __asm volatile("csrrc %0, 0x800, %1" : \
20000a52:	80073773          	csrrc	a4,0x800,a4
c:/Users/seanw/mounriver-studio-projects/earth-computar/RVMSIS/core_riscv.h:156
    return result & 0x88;
20000a56:	08877713          	andi	a4,a4,136
HardFault_Handler():
c:\Users\seanw\mounriver-studio-projects\earth-computar\obj/../StdPeriphDriver/CH57x_sys.c:290
    sys_safe_access_enable();
20000a5a:	c63a                	sw	a4,12(sp)
20000a5c:	0000100f          	fence.i
20000a60:	04c78023          	sb	a2,64(a5)
20000a64:	04d78023          	sb	a3,64(a5)
20000a68:	0000100f          	fence.i
c:\Users\seanw\mounriver-studio-projects\earth-computar\obj/../StdPeriphDriver/CH57x_sys.c:291
    R8_RST_WDOG_CTRL |= RB_SOFTWARE_RESET;
20000a6c:	0467c703          	lbu	a4,70(a5)
20000a70:	00176713          	ori	a4,a4,1
20000a74:	04e78323          	sb	a4,70(a5)
c:\Users\seanw\mounriver-studio-projects\earth-computar\obj/../StdPeriphDriver/CH57x_sys.c:292
    sys_safe_access_disable();
20000a78:	04078023          	sb	zero,64(a5)
20000a7c:	47b2                	lw	a5,12(sp)
__risc_v_enable_irq():
c:/Users/seanw/mounriver-studio-projects/earth-computar/RVMSIS/core_riscv.h:138
    __asm volatile("csrrs %0, 0x800, %1" : \
20000a7e:	8007a7f3          	csrrs	a5,0x800,a5
HardFault_Handler():
c:\Users\seanw\mounriver-studio-projects\earth-computar\obj/../StdPeriphDriver/CH57x_sys.c:292
20000a82:	0000100f          	fence.i
c:\Users\seanw\mounriver-studio-projects\earth-computar\obj/../StdPeriphDriver/CH57x_sys.c:293 (discriminator 1)
    while(1);
20000a86:	a001                	j	20000a86 <HardFault_Handler+0x82>

20000a88 <NMI_Handler>:
NMI_Handler():
c:\Users\seanw\mounriver-studio-projects\earth-computar\obj/../StdPeriphDriver/CH57x_sys.c:310 (discriminator 1)
__INTERRUPT
__HIGH_CODE
__attribute__((weak))
void NMI_Handler(void)
{
    while(1);
20000a88:	a001                	j	20000a88 <NMI_Handler>

20000a8a <mDelayuS>:
mDelayuS():
c:\Users\seanw\mounriver-studio-projects\earth-computar\obj/../StdPeriphDriver/CH57x_sys.c:327
__HIGH_CODE
void mDelayuS(uint16_t t)
{
    uint32_t i;
#if(FREQ_SYS == 100000000)
    i = t * 25;
20000a8a:	47e5                	li	a5,25
20000a8c:	02f50533          	mul	a0,a0,a5
c:\Users\seanw\mounriver-studio-projects\earth-computar\obj/../StdPeriphDriver/CH57x_sys.c:370 (discriminator 1)
        __nop();
    };
#else
    do
    {
        __nop();
20000a90:	0001                	nop
c:\Users\seanw\mounriver-studio-projects\earth-computar\obj/../StdPeriphDriver/CH57x_sys.c:371 (discriminator 1)
    }while(--i);
20000a92:	157d                	addi	a0,a0,-1
20000a94:	fd75                	bnez	a0,20000a90 <mDelayuS+0x6>
c:\Users\seanw\mounriver-studio-projects\earth-computar\obj/../StdPeriphDriver/CH57x_sys.c:373
#endif
}
20000a96:	8082                	ret

20000a98 <mDelaymS>:
mDelaymS():
c:\Users\seanw\mounriver-studio-projects\earth-computar\obj/../StdPeriphDriver/CH57x_sys.c:386
 *
 * @return  none
 */
__HIGH_CODE
void mDelaymS(uint16_t t)
{
20000a98:	1141                	addi	sp,sp,-16
20000a9a:	c422                	sw	s0,8(sp)
20000a9c:	c606                	sw	ra,12(sp)
20000a9e:	842a                	mv	s0,a0
c:\Users\seanw\mounriver-studio-projects\earth-computar\obj/../StdPeriphDriver/CH57x_sys.c:389 (discriminator 1)
    do
    {
        mDelayuS(1000);
20000aa0:	3e800513          	li	a0,1000
c:\Users\seanw\mounriver-studio-projects\earth-computar\obj/../StdPeriphDriver/CH57x_sys.c:390 (discriminator 1)
    }while(--t);
20000aa4:	147d                	addi	s0,s0,-1 # 40004fff <_eusrstack+0x20001fff>
c:\Users\seanw\mounriver-studio-projects\earth-computar\obj/../StdPeriphDriver/CH57x_sys.c:389 (discriminator 1)
        mDelayuS(1000);
20000aa6:	37d5                	jal	20000a8a <mDelayuS>
c:\Users\seanw\mounriver-studio-projects\earth-computar\obj/../StdPeriphDriver/CH57x_sys.c:390 (discriminator 1)
    }while(--t);
20000aa8:	08044433          	zext.h	s0,s0
20000aac:	f875                	bnez	s0,20000aa0 <mDelaymS+0x8>
c:\Users\seanw\mounriver-studio-projects\earth-computar\obj/../StdPeriphDriver/CH57x_sys.c:391
}
20000aae:	40b2                	lw	ra,12(sp)
20000ab0:	4422                	lw	s0,8(sp)
20000ab2:	0141                	addi	sp,sp,16
20000ab4:	8082                	ret

20000ab6 <FLASH_ROM_BEG_FF>:
FLASH_ROM_BEG_FF():
20000ab6:	80040323          	sb	zero,-2042(s0)
20000aba:	4715                	li	a4,5
20000abc:	87a2                	mv	a5,s0
20000abe:	80e40323          	sb	a4,-2042(s0)
20000ac2:	0001                	nop
20000ac4:	0001                	nop
20000ac6:	80a40223          	sb	a0,-2044(s0)
20000aca:	8067c703          	lbu	a4,-2042(a5)
20000ace:	0762                	slli	a4,a4,0x18
20000ad0:	8761                	srai	a4,a4,0x18
20000ad2:	fe074ce3          	bltz	a4,20000aca <FLASH_ROM_BEG_FF+0x14>
20000ad6:	80a78223          	sb	a0,-2044(a5)
20000ada:	8722                	mv	a4,s0
20000adc:	80674783          	lbu	a5,-2042(a4)
20000ae0:	07e2                	slli	a5,a5,0x18
20000ae2:	87e1                	srai	a5,a5,0x18
20000ae4:	fe07cce3          	bltz	a5,20000adc <FLASH_ROM_BEG_FF+0x26>
20000ae8:	8082                	ret

20000aea <FLASH_ROM_BEG>:
FLASH_ROM_BEG():
20000aea:	80040323          	sb	zero,-2042(s0)
20000aee:	4715                	li	a4,5
20000af0:	80e40323          	sb	a4,-2042(s0)
20000af4:	0001                	nop
20000af6:	0001                	nop
20000af8:	80a40223          	sb	a0,-2044(s0)
20000afc:	8082                	ret

20000afe <FLASH_ROM_END>:
FLASH_ROM_END():
20000afe:	80640783          	lb	a5,-2042(s0)
20000b02:	fe07cee3          	bltz	a5,20000afe <FLASH_ROM_END>
20000b06:	80040323          	sb	zero,-2042(s0)
20000b0a:	8082                	ret

20000b0c <FLASH_ROM_IN>:
FLASH_ROM_IN():
20000b0c:	80640783          	lb	a5,-2042(s0)
20000b10:	fe07cee3          	bltz	a5,20000b0c <FLASH_ROM_IN>
20000b14:	80444503          	lbu	a0,-2044(s0)
20000b18:	8082                	ret

20000b1a <FLASH_ROM_OUT>:
FLASH_ROM_OUT():
20000b1a:	80640783          	lb	a5,-2042(s0)
20000b1e:	fe07cee3          	bltz	a5,20000b1a <FLASH_ROM_OUT>
20000b22:	80a40223          	sb	a0,-2044(s0)
20000b26:	8082                	ret

20000b28 <FLASH_ROM_ADDR>:
FLASH_ROM_ADDR():
20000b28:	1141                	addi	sp,sp,-16
20000b2a:	c426                	sw	s1,8(sp)
20000b2c:	c24a                	sw	s2,4(sp)
20000b2e:	c04e                	sw	s3,0(sp)
20000b30:	c606                	sw	ra,12(sp)
20000b32:	0bf57713          	andi	a4,a0,191
20000b36:	47ad                	li	a5,11
20000b38:	89aa                	mv	s3,a0
20000b3a:	892e                	mv	s2,a1
20000b3c:	4495                	li	s1,5
20000b3e:	00f70663          	beq	a4,a5,20000b4a <FLASH_ROM_ADDR+0x22>
20000b42:	4519                	li	a0,6
20000b44:	375d                	jal	20000aea <FLASH_ROM_BEG>
20000b46:	3f65                	jal	20000afe <FLASH_ROM_END>
20000b48:	448d                	li	s1,3
20000b4a:	854e                	mv	a0,s3
20000b4c:	3f79                	jal	20000aea <FLASH_ROM_BEG>
20000b4e:	59fd                	li	s3,-1
20000b50:	14fd                	addi	s1,s1,-1
20000b52:	01349863          	bne	s1,s3,20000b62 <FLASH_ROM_ADDR+0x3a>
20000b56:	40b2                	lw	ra,12(sp)
20000b58:	44a2                	lw	s1,8(sp)
20000b5a:	4912                	lw	s2,4(sp)
20000b5c:	4982                	lw	s3,0(sp)
20000b5e:	0141                	addi	sp,sp,16
20000b60:	8082                	ret
20000b62:	01095513          	srli	a0,s2,0x10
20000b66:	0ff57513          	zext.b	a0,a0
20000b6a:	3f45                	jal	20000b1a <FLASH_ROM_OUT>
20000b6c:	0922                	slli	s2,s2,0x8
20000b6e:	b7cd                	j	20000b50 <FLASH_ROM_ADDR+0x28>

20000b70 <FLASH_ROM_WAIT>:
FLASH_ROM_WAIT():
20000b70:	1101                	addi	sp,sp,-32
20000b72:	cc26                	sw	s1,24(sp)
20000b74:	ce06                	sw	ra,28(sp)
20000b76:	000804b7          	lui	s1,0x80
20000b7a:	3751                	jal	20000afe <FLASH_ROM_END>
20000b7c:	4515                	li	a0,5
20000b7e:	37b5                	jal	20000aea <FLASH_ROM_BEG>
20000b80:	3771                	jal	20000b0c <FLASH_ROM_IN>
20000b82:	3769                	jal	20000b0c <FLASH_ROM_IN>
20000b84:	c62a                	sw	a0,12(sp)
20000b86:	3fa5                	jal	20000afe <FLASH_ROM_END>
20000b88:	4532                	lw	a0,12(sp)
20000b8a:	00157793          	andi	a5,a0,1
20000b8e:	eb89                	bnez	a5,20000ba0 <FLASH_ROM_WAIT+0x30>
20000b90:	00156513          	ori	a0,a0,1
20000b94:	0ff57513          	zext.b	a0,a0
20000b98:	40f2                	lw	ra,28(sp)
20000b9a:	44e2                	lw	s1,24(sp)
20000b9c:	6105                	addi	sp,sp,32
20000b9e:	8082                	ret
20000ba0:	14fd                	addi	s1,s1,-1 # 7ffff <_data_lma+0x7cfcf>
20000ba2:	fce9                	bnez	s1,20000b7c <FLASH_ROM_WAIT+0xc>
20000ba4:	4501                	li	a0,0
20000ba6:	bfcd                	j	20000b98 <FLASH_ROM_WAIT+0x28>

20000ba8 <FLASH_START>:
FLASH_START():
20000ba8:	1141                	addi	sp,sp,-16
20000baa:	c606                	sw	ra,12(sp)
20000bac:	400017b7          	lui	a5,0x40001
20000bb0:	05700713          	li	a4,87
20000bb4:	04e78023          	sb	a4,64(a5) # 40001040 <_eusrstack+0x1fffe040>
20000bb8:	fa800713          	li	a4,-88
20000bbc:	04e78023          	sb	a4,64(a5)
20000bc0:	0447c703          	lbu	a4,68(a5)
20000bc4:	0ff00513          	li	a0,255
20000bc8:	0e076713          	ori	a4,a4,224
20000bcc:	04e78223          	sb	a4,68(a5)
20000bd0:	4791                	li	a5,4
20000bd2:	80f40323          	sb	a5,-2042(s0)
20000bd6:	35c5                	jal	20000ab6 <FLASH_ROM_BEG_FF>
20000bd8:	40b2                	lw	ra,12(sp)
20000bda:	0141                	addi	sp,sp,16
20000bdc:	b70d                	j	20000afe <FLASH_ROM_END>

20000bde <FLASH_CMD_ROM_WRITE>:
FLASH_CMD_ROM_WRITE():
20000bde:	1101                	addi	sp,sp,-32
20000be0:	cc26                	sw	s1,24(sp)
20000be2:	ca4a                	sw	s2,20(sp)
20000be4:	c84e                	sw	s3,16(sp)
20000be6:	c652                	sw	s4,12(sp)
20000be8:	ce06                	sw	ra,28(sp)
20000bea:	892a                	mv	s2,a0
20000bec:	89ae                	mv	s3,a1
20000bee:	84b2                	mv	s1,a2
20000bf0:	4a55                	li	s4,21
20000bf2:	3f5d                	jal	20000ba8 <FLASH_START>
20000bf4:	e891                	bnez	s1,20000c08 <FLASH_CMD_ROM_WRITE+0x2a>
20000bf6:	3721                	jal	20000afe <FLASH_ROM_END>
20000bf8:	40f2                	lw	ra,28(sp)
20000bfa:	8526                	mv	a0,s1
20000bfc:	4952                	lw	s2,20(sp)
20000bfe:	44e2                	lw	s1,24(sp)
20000c00:	49c2                	lw	s3,16(sp)
20000c02:	4a32                	lw	s4,12(sp)
20000c04:	6105                	addi	sp,sp,32
20000c06:	8082                	ret
20000c08:	85ca                	mv	a1,s2
20000c0a:	4509                	li	a0,2
20000c0c:	3f31                	jal	20000b28 <FLASH_ROM_ADDR>
20000c0e:	0991                	addi	s3,s3,4
20000c10:	ffc9a703          	lw	a4,-4(s3)
20000c14:	4791                	li	a5,4
20000c16:	80e42023          	sw	a4,-2048(s0)

20000c1a <.loop247>:
20000c1a:	80640703          	lb	a4,-2042(s0)
20000c1e:	fe074ee3          	bltz	a4,20000c1a <.loop247>
20000c22:	81440323          	sb	s4,-2042(s0)
20000c26:	17fd                	addi	a5,a5,-1
20000c28:	fbed                	bnez	a5,20000c1a <.loop247>
20000c2a:	14fd                	addi	s1,s1,-1
20000c2c:	0911                	addi	s2,s2,4
20000c2e:	c481                	beqz	s1,20000c36 <.loop247+0x1c>
20000c30:	0ff97793          	zext.b	a5,s2
20000c34:	ffe9                	bnez	a5,20000c0e <FLASH_CMD_ROM_WRITE+0x30>
20000c36:	3f2d                	jal	20000b70 <FLASH_ROM_WAIT>
20000c38:	fd55                	bnez	a0,20000bf4 <FLASH_CMD_ROM_WRITE+0x16>
20000c3a:	54fd                	li	s1,-1
20000c3c:	bf75                	j	20000bf8 <FLASH_CMD_ROM_WRITE+0x1a>

20000c3e <FLASH_CMD_ROM_ERASE>:
FLASH_CMD_ROM_ERASE():
20000c3e:	1101                	addi	sp,sp,-32
20000c40:	cc26                	sw	s1,24(sp)
20000c42:	ca4a                	sw	s2,20(sp)
20000c44:	c84e                	sw	s3,16(sp)
20000c46:	c652                	sw	s4,12(sp)
20000c48:	c456                	sw	s5,8(sp)
20000c4a:	c25a                	sw	s6,4(sp)
20000c4c:	ce06                	sw	ra,28(sp)
20000c4e:	892a                	mv	s2,a0
20000c50:	8a32                	mv	s4,a2
20000c52:	498d                	li	s3,3
20000c54:	3f91                	jal	20000ba8 <FLASH_START>
20000c56:	64c1                	lui	s1,0x10
20000c58:	6ac1                	lui	s5,0x10
20000c5a:	6b05                	lui	s6,0x1
20000c5c:	fff48793          	addi	a5,s1,-1 # ffff <_data_lma+0xcfcf>
20000c60:	0127f7b3          	and	a5,a5,s2
20000c64:	e399                	bnez	a5,20000c6a <FLASH_CMD_ROM_ERASE+0x2c>
20000c66:	029a7163          	bgeu	s4,s1,20000c88 <FLASH_CMD_ROM_ERASE+0x4a>
20000c6a:	19fd                	addi	s3,s3,-1
20000c6c:	8091                	srli	s1,s1,0x4
20000c6e:	fe0997e3          	bnez	s3,20000c5c <FLASH_CMD_ROM_ERASE+0x1e>
20000c72:	3571                	jal	20000afe <FLASH_ROM_END>
20000c74:	4501                	li	a0,0
20000c76:	40f2                	lw	ra,28(sp)
20000c78:	44e2                	lw	s1,24(sp)
20000c7a:	4952                	lw	s2,20(sp)
20000c7c:	49c2                	lw	s3,16(sp)
20000c7e:	4a32                	lw	s4,12(sp)
20000c80:	4aa2                	lw	s5,8(sp)
20000c82:	4b12                	lw	s6,4(sp)
20000c84:	6105                	addi	sp,sp,32
20000c86:	8082                	ret
20000c88:	0d800513          	li	a0,216
20000c8c:	01548863          	beq	s1,s5,20000c9c <FLASH_CMD_ROM_ERASE+0x5e>
20000c90:	02000513          	li	a0,32
20000c94:	01648463          	beq	s1,s6,20000c9c <FLASH_CMD_ROM_ERASE+0x5e>
20000c98:	08100513          	li	a0,129
20000c9c:	85ca                	mv	a1,s2
20000c9e:	3569                	jal	20000b28 <FLASH_ROM_ADDR>
20000ca0:	3dc1                	jal	20000b70 <FLASH_ROM_WAIT>
20000ca2:	c509                	beqz	a0,20000cac <FLASH_CMD_ROM_ERASE+0x6e>
20000ca4:	9926                	add	s2,s2,s1
20000ca6:	409a0a33          	sub	s4,s4,s1
20000caa:	bf75                	j	20000c66 <FLASH_CMD_ROM_ERASE+0x28>
20000cac:	557d                	li	a0,-1
20000cae:	b7e1                	j	20000c76 <FLASH_CMD_ROM_ERASE+0x38>

20000cb0 <FLASH_CMD_ROM_VERIFY>:
FLASH_CMD_ROM_VERIFY():
20000cb0:	1101                	addi	sp,sp,-32
20000cb2:	ce06                	sw	ra,28(sp)
20000cb4:	cc26                	sw	s1,24(sp)
20000cb6:	ca4a                	sw	s2,20(sp)
20000cb8:	84b2                	mv	s1,a2
20000cba:	c84e                	sw	s3,16(sp)
20000cbc:	c62a                	sw	a0,12(sp)
20000cbe:	892e                	mv	s2,a1
20000cc0:	35e5                	jal	20000ba8 <FLASH_START>
20000cc2:	4532                	lw	a0,12(sp)
20000cc4:	14fd                	addi	s1,s1,-1
20000cc6:	59fd                	li	s3,-1
20000cc8:	85aa                	mv	a1,a0
20000cca:	452d                	li	a0,11
20000ccc:	3db1                	jal	20000b28 <FLASH_ROM_ADDR>
20000cce:	01349a63          	bne	s1,s3,20000ce2 <FLASH_CMD_ROM_VERIFY+0x32>
20000cd2:	3535                	jal	20000afe <FLASH_ROM_END>
20000cd4:	40f2                	lw	ra,28(sp)
20000cd6:	8526                	mv	a0,s1
20000cd8:	4952                	lw	s2,20(sp)
20000cda:	44e2                	lw	s1,24(sp)
20000cdc:	49c2                	lw	s3,16(sp)
20000cde:	6105                	addi	sp,sp,32
20000ce0:	8082                	ret
20000ce2:	352d                	jal	20000b0c <FLASH_ROM_IN>
20000ce4:	0034f793          	andi	a5,s1,3
20000ce8:	eb91                	bnez	a5,20000cfc <FLASH_CMD_ROM_VERIFY+0x4c>
20000cea:	80042683          	lw	a3,-2048(s0)
20000cee:	00092703          	lw	a4,0(s2)
20000cf2:	00490793          	addi	a5,s2,4
20000cf6:	fce69ee3          	bne	a3,a4,20000cd2 <FLASH_CMD_ROM_VERIFY+0x22>
20000cfa:	893e                	mv	s2,a5
20000cfc:	14fd                	addi	s1,s1,-1
20000cfe:	bfc1                	j	20000cce <FLASH_CMD_ROM_VERIFY+0x1e>

20000d00 <FLASH_CMD_ROM_PWR>:
FLASH_CMD_ROM_PWR():
20000d00:	1101                	addi	sp,sp,-32
20000d02:	ce06                	sw	ra,28(sp)
20000d04:	c62a                	sw	a0,12(sp)
20000d06:	354d                	jal	20000ba8 <FLASH_START>
20000d08:	4532                	lw	a0,12(sp)
20000d0a:	33c5                	jal	20000aea <FLASH_ROM_BEG>
20000d0c:	40f2                	lw	ra,28(sp)
20000d0e:	6105                	addi	sp,sp,32
20000d10:	b3fd                	j	20000afe <FLASH_ROM_END>

20000d12 <FLASH_CMD_GET_ROM_INFO>:
FLASH_CMD_GET_ROM_INFO():
20000d12:	1101                	addi	sp,sp,-32
20000d14:	ce06                	sw	ra,28(sp)
20000d16:	cc26                	sw	s1,24(sp)
20000d18:	ca4a                	sw	s2,20(sp)
20000d1a:	c84e                	sw	s3,16(sp)
20000d1c:	c652                	sw	s4,12(sp)
20000d1e:	89aa                	mv	s3,a0
20000d20:	c456                	sw	s5,8(sp)
20000d22:	892e                	mv	s2,a1
20000d24:	3551                	jal	20000ba8 <FLASH_START>
20000d26:	85ce                	mv	a1,s3
20000d28:	452d                	li	a0,11
20000d2a:	3bfd                	jal	20000b28 <FLASH_ROM_ADDR>
20000d2c:	4481                	li	s1,0
20000d2e:	4a8d                	li	s5,3
20000d30:	4a21                	li	s4,8
20000d32:	3be9                	jal	20000b0c <FLASH_ROM_IN>
20000d34:	01549663          	bne	s1,s5,20000d40 <FLASH_CMD_GET_ROM_INFO+0x2e>
20000d38:	80042783          	lw	a5,-2048(s0)
20000d3c:	00f92023          	sw	a5,0(s2)
20000d40:	0485                	addi	s1,s1,1
20000d42:	ff4498e3          	bne	s1,s4,20000d32 <FLASH_CMD_GET_ROM_INFO+0x20>
20000d46:	80042783          	lw	a5,-2048(s0)
20000d4a:	01299713          	slli	a4,s3,0x12
20000d4e:	00075c63          	bgez	a4,20000d66 <FLASH_CMD_GET_ROM_INFO+0x54>
20000d52:	00f91223          	sh	a5,4(s2)
20000d56:	40f2                	lw	ra,28(sp)
20000d58:	44e2                	lw	s1,24(sp)
20000d5a:	4952                	lw	s2,20(sp)
20000d5c:	49c2                	lw	s3,16(sp)
20000d5e:	4a32                	lw	s4,12(sp)
20000d60:	4aa2                	lw	s5,8(sp)
20000d62:	6105                	addi	sp,sp,32
20000d64:	bb69                	j	20000afe <FLASH_ROM_END>
20000d66:	00f92223          	sw	a5,4(s2)
20000d6a:	b7f5                	j	20000d56 <FLASH_CMD_GET_ROM_INFO+0x44>

20000d6c <FLASH_CMD_GET_UNIQUE_ID>:
FLASH_CMD_GET_UNIQUE_ID():
20000d6c:	1141                	addi	sp,sp,-16
20000d6e:	c606                	sw	ra,12(sp)
20000d70:	c426                	sw	s1,8(sp)
20000d72:	c24a                	sw	s2,4(sp)
20000d74:	c04e                	sw	s3,0(sp)
20000d76:	89ae                	mv	s3,a1
20000d78:	3d05                	jal	20000ba8 <FLASH_START>
20000d7a:	4581                	li	a1,0
20000d7c:	04b00513          	li	a0,75
20000d80:	3365                	jal	20000b28 <FLASH_ROM_ADDR>
20000d82:	44bd                	li	s1,15
20000d84:	597d                	li	s2,-1
20000d86:	3359                	jal	20000b0c <FLASH_ROM_IN>
20000d88:	0074f793          	andi	a5,s1,7
20000d8c:	97ce                	add	a5,a5,s3
20000d8e:	0007c703          	lbu	a4,0(a5)
20000d92:	14fd                	addi	s1,s1,-1
20000d94:	8d39                	xor	a0,a0,a4
20000d96:	00a78023          	sb	a0,0(a5)
20000d9a:	ff2496e3          	bne	s1,s2,20000d86 <FLASH_CMD_GET_UNIQUE_ID+0x1a>
20000d9e:	40b2                	lw	ra,12(sp)
20000da0:	44a2                	lw	s1,8(sp)
20000da2:	4912                	lw	s2,4(sp)
20000da4:	4982                	lw	s3,0(sp)
20000da6:	0141                	addi	sp,sp,16
20000da8:	bb99                	j	20000afe <FLASH_ROM_END>

20000daa <FLASH_CMD_ROM_SW_RESET>:
FLASH_CMD_ROM_SW_RESET():
20000daa:	1141                	addi	sp,sp,-16
20000dac:	c606                	sw	ra,12(sp)
20000dae:	3bed                	jal	20000ba8 <FLASH_START>
20000db0:	06600513          	li	a0,102
20000db4:	3b1d                	jal	20000aea <FLASH_ROM_BEG>
20000db6:	33a1                	jal	20000afe <FLASH_ROM_END>
20000db8:	09900513          	li	a0,153
20000dbc:	333d                	jal	20000aea <FLASH_ROM_BEG>
20000dbe:	40b2                	lw	ra,12(sp)
20000dc0:	0141                	addi	sp,sp,16
20000dc2:	bb35                	j	20000afe <FLASH_ROM_END>

Disassembly of section .text:

00000dc8 <handle_reset>:
handle_reset():
c:\Users\seanw\mounriver-studio-projects\earth-computar\obj/../Startup/startup_CH572.S:119
	.weak	handle_reset
	.align	1
handle_reset:
.option push 
.option	norelax 
	la gp, __global_pointer$
     dc8:	20001197          	auipc	gp,0x20001
     dcc:	86818193          	addi	gp,gp,-1944 # 20001630 <__global_pointer$>
c:\Users\seanw\mounriver-studio-projects\earth-computar\obj/../Startup/startup_CH572.S:121
1:
	la sp, _eusrstack 
     dd0:	20002117          	auipc	sp,0x20002
     dd4:	23010113          	addi	sp,sp,560 # 20003000 <_eusrstack>
c:\Users\seanw\mounriver-studio-projects\earth-computar\obj/../Startup/startup_CH572.S:126
.option	pop

/* Load highcode code  section from flash to RAM */
2:
    la a0, _highcode_lma
     dd8:	00400513          	li	a0,4
c:\Users\seanw\mounriver-studio-projects\earth-computar\obj/../Startup/startup_CH572.S:127
    la a1, _highcode_vma_start
     ddc:	1ffff597          	auipc	a1,0x1ffff
     de0:	22458593          	addi	a1,a1,548 # 20000000 <_highcode_vma_start>
c:\Users\seanw\mounriver-studio-projects\earth-computar\obj/../Startup/startup_CH572.S:128
    la a2, _highcode_vma_end
     de4:	20000617          	auipc	a2,0x20000
     de8:	fe060613          	addi	a2,a2,-32 # 20000dc4 <packet_hdr>
c:\Users\seanw\mounriver-studio-projects\earth-computar\obj/../Startup/startup_CH572.S:129
    bgeu a1, a2, 2f
     dec:	00c5fa63          	bgeu	a1,a2,e00 <handle_reset+0x38>
c:\Users\seanw\mounriver-studio-projects\earth-computar\obj/../Startup/startup_CH572.S:131
1:
    lw t0, (a0)
     df0:	00052283          	lw	t0,0(a0)
c:\Users\seanw\mounriver-studio-projects\earth-computar\obj/../Startup/startup_CH572.S:132
    sw t0, (a1)
     df4:	0055a023          	sw	t0,0(a1)
c:\Users\seanw\mounriver-studio-projects\earth-computar\obj/../Startup/startup_CH572.S:133
    addi a0, a0, 4
     df8:	0511                	addi	a0,a0,4
c:\Users\seanw\mounriver-studio-projects\earth-computar\obj/../Startup/startup_CH572.S:134
    addi a1, a1, 4
     dfa:	0591                	addi	a1,a1,4
c:\Users\seanw\mounriver-studio-projects\earth-computar\obj/../Startup/startup_CH572.S:135
    bltu a1, a2, 1b
     dfc:	fec5eae3          	bltu	a1,a2,df0 <handle_reset+0x28>
c:\Users\seanw\mounriver-studio-projects\earth-computar\obj/../Startup/startup_CH572.S:139

/* Load data section from flash to RAM */
2:
	la a0, _data_lma
     e00:	00002517          	auipc	a0,0x2
     e04:	23050513          	addi	a0,a0,560 # 3030 <_data_lma>
c:\Users\seanw\mounriver-studio-projects\earth-computar\obj/../Startup/startup_CH572.S:140
	la a1, _data_vma
     e08:	20000597          	auipc	a1,0x20000
     e0c:	fbc58593          	addi	a1,a1,-68 # 20000dc4 <packet_hdr>
c:\Users\seanw\mounriver-studio-projects\earth-computar\obj/../Startup/startup_CH572.S:141
	la a2, _edata
     e10:	80c18613          	addi	a2,gp,-2036 # 20000e3c <slave_cb>
c:\Users\seanw\mounriver-studio-projects\earth-computar\obj/../Startup/startup_CH572.S:142
	bgeu a1, a2, 2f
     e14:	00c5fa63          	bgeu	a1,a2,e28 <handle_reset+0x60>
c:\Users\seanw\mounriver-studio-projects\earth-computar\obj/../Startup/startup_CH572.S:144
1:
	lw t0, (a0)
     e18:	00052283          	lw	t0,0(a0)
c:\Users\seanw\mounriver-studio-projects\earth-computar\obj/../Startup/startup_CH572.S:145
	sw t0, (a1)
     e1c:	0055a023          	sw	t0,0(a1)
c:\Users\seanw\mounriver-studio-projects\earth-computar\obj/../Startup/startup_CH572.S:146
	addi a0, a0, 4
     e20:	0511                	addi	a0,a0,4
c:\Users\seanw\mounriver-studio-projects\earth-computar\obj/../Startup/startup_CH572.S:147
	addi a1, a1, 4
     e22:	0591                	addi	a1,a1,4
c:\Users\seanw\mounriver-studio-projects\earth-computar\obj/../Startup/startup_CH572.S:148
	bltu a1, a2, 1b
     e24:	fec5eae3          	bltu	a1,a2,e18 <handle_reset+0x50>
c:\Users\seanw\mounriver-studio-projects\earth-computar\obj/../Startup/startup_CH572.S:151
2:
	/* clear bss section */
	la a0, _sbss
     e28:	80c18513          	addi	a0,gp,-2036 # 20000e3c <slave_cb>
c:\Users\seanw\mounriver-studio-projects\earth-computar\obj/../Startup/startup_CH572.S:152
	la a1, _ebss
     e2c:	a2c18593          	addi	a1,gp,-1492 # 2000105c <_ebss>
c:\Users\seanw\mounriver-studio-projects\earth-computar\obj/../Startup/startup_CH572.S:153
	bgeu a0, a1, 2f
     e30:	00b57763          	bgeu	a0,a1,e3e <handle_reset+0x76>
c:\Users\seanw\mounriver-studio-projects\earth-computar\obj/../Startup/startup_CH572.S:155
1:
	sw zero, (a0)
     e34:	00052023          	sw	zero,0(a0)
c:\Users\seanw\mounriver-studio-projects\earth-computar\obj/../Startup/startup_CH572.S:156
	addi a0, a0, 4
     e38:	0511                	addi	a0,a0,4
c:\Users\seanw\mounriver-studio-projects\earth-computar\obj/../Startup/startup_CH572.S:157
	bltu a0, a1, 1b
     e3a:	feb56de3          	bltu	a0,a1,e34 <handle_reset+0x6c>
c:\Users\seanw\mounriver-studio-projects\earth-computar\obj/../Startup/startup_CH572.S:161
2:
	/* 用户模式中断使能 */
	/*预取使能*/
	li t0, 0x25
     e3e:	02500293          	li	t0,37
c:\Users\seanw\mounriver-studio-projects\earth-computar\obj/../Startup/startup_CH572.S:162
	csrw 0xbc0, t0
     e42:	bc029073          	csrw	0xbc0,t0
c:\Users\seanw\mounriver-studio-projects\earth-computar\obj/../Startup/startup_CH572.S:164
	/* 打开嵌套中断、硬件压栈功能 */
	li t0, 0x3
     e46:	428d                	li	t0,3
c:\Users\seanw\mounriver-studio-projects\earth-computar\obj/../Startup/startup_CH572.S:165
	csrw 0x804, t0
     e48:	80429073          	csrw	0x804,t0
c:\Users\seanw\mounriver-studio-projects\earth-computar\obj/../Startup/startup_CH572.S:166
	li t0, 0x1
     e4c:	4285                	li	t0,1
c:\Users\seanw\mounriver-studio-projects\earth-computar\obj/../Startup/startup_CH572.S:167
	csrw 0xbc1, t0
     e4e:	bc129073          	csrw	0xbc1,t0
c:\Users\seanw\mounriver-studio-projects\earth-computar\obj/../Startup/startup_CH572.S:169
	
    li t0, 0x88
     e52:	08800293          	li	t0,136
c:\Users\seanw\mounriver-studio-projects\earth-computar\obj/../Startup/startup_CH572.S:170
    csrw mstatus, t0
     e56:	30029073          	csrw	mstatus,t0
c:\Users\seanw\mounriver-studio-projects\earth-computar\obj/../Startup/startup_CH572.S:171
	la t0, _vector_base
     e5a:	1ffff297          	auipc	t0,0x1ffff
     e5e:	1a628293          	addi	t0,t0,422 # 20000000 <_highcode_vma_start>
c:\Users\seanw\mounriver-studio-projects\earth-computar\obj/../Startup/startup_CH572.S:174

	/* 配置向量表模式为绝对地址模式 */
    ori t0, t0, 3
     e62:	0032e293          	ori	t0,t0,3
c:\Users\seanw\mounriver-studio-projects\earth-computar\obj/../Startup/startup_CH572.S:175
	csrw mtvec, t0
     e66:	30529073          	csrw	mtvec,t0
c:\Users\seanw\mounriver-studio-projects\earth-computar\obj/../Startup/startup_CH572.S:177

	la t0, main
     e6a:	00000297          	auipc	t0,0x0
     e6e:	3da28293          	addi	t0,t0,986 # 1244 <main>
c:\Users\seanw\mounriver-studio-projects\earth-computar\obj/../Startup/startup_CH572.S:178
	csrw mepc, t0
     e72:	34129073          	csrw	mepc,t0
c:\Users\seanw\mounriver-studio-projects\earth-computar\obj/../Startup/startup_CH572.S:180
	
	mret
     e76:	30200073          	mret

00000e7a <memcpy>:
memcpy():
     e7a:	832a                	mv	t1,a0
     e7c:	ca09                	beqz	a2,e8e <memcpy+0x14>
     e7e:	00058383          	lb	t2,0(a1)
     e82:	00730023          	sb	t2,0(t1)
     e86:	167d                	addi	a2,a2,-1
     e88:	0305                	addi	t1,t1,1
     e8a:	0585                	addi	a1,a1,1
     e8c:	fa6d                	bnez	a2,e7e <memcpy+0x4>
     e8e:	8082                	ret

00000e90 <memset>:
memset():
     e90:	832a                	mv	t1,a0
     e92:	c611                	beqz	a2,e9e <memset+0xe>
     e94:	00b30023          	sb	a1,0(t1)
     e98:	167d                	addi	a2,a2,-1
     e9a:	0305                	addi	t1,t1,1
     e9c:	fe65                	bnez	a2,e94 <memset+0x4>
     e9e:	8082                	ret

00000ea0 <i2c_app_init>:
i2c_app_init():
c:\Users\seanw\mounriver-studio-projects\earth-computar\obj/../src/I2C/app_i2c.c:51
    i2c_state = I2C_READY;
     ea0:	80018d23          	sb	zero,-2022(gp) # 20000e4a <i2c_state>
c:\Users\seanw\mounriver-studio-projects\earth-computar\obj/../src/I2C/app_i2c.c:50
{
     ea4:	1101                	addi	sp,sp,-32
c:\Users\seanw\mounriver-studio-projects\earth-computar\obj/../src/I2C/app_i2c.c:52
    i2c_send_stop = true;
     ea6:	4705                	li	a4,1
     ea8:	80e18c23          	sb	a4,-2024(gp) # 20000e48 <i2c_send_stop>
c:\Users\seanw\mounriver-studio-projects\earth-computar\obj/../src/I2C/app_i2c.c:50
{
     eac:	c62a                	sw	a0,12(sp)
c:\Users\seanw\mounriver-studio-projects\earth-computar\obj/../src/I2C/app_i2c.c:55
    GPIOA_ModeCfg(GPIO_Pin_8 | GPIO_Pin_9, GPIO_ModeIN_PU);
     eae:	4585                	li	a1,1
     eb0:	30000513          	li	a0,768
c:\Users\seanw\mounriver-studio-projects\earth-computar\obj/../src/I2C/app_i2c.c:50
{
     eb4:	ce06                	sw	ra,28(sp)
c:\Users\seanw\mounriver-studio-projects\earth-computar\obj/../src/I2C/app_i2c.c:53
    i2c_in_repstart = false;
     eb6:	80018ba3          	sb	zero,-2025(gp) # 20000e47 <i2c_in_repstart>
c:\Users\seanw\mounriver-studio-projects\earth-computar\obj/../src/I2C/app_i2c.c:55
    GPIOA_ModeCfg(GPIO_Pin_8 | GPIO_Pin_9, GPIO_ModeIN_PU);
     eba:	07f000ef          	jal	ra,1738 <GPIOA_ModeCfg>
c:\Users\seanw\mounriver-studio-projects\earth-computar\obj/../src/I2C/app_i2c.c:57
    I2C_Init(I2C_Mode_I2C, 400000, I2C_DutyCycle_16_9, I2C_Ack_Enable,
     ebe:	47b2                	lw	a5,12(sp)
     ec0:	000625b7          	lui	a1,0x62
     ec4:	6711                	lui	a4,0x4
     ec6:	40000693          	li	a3,1024
     eca:	6611                	lui	a2,0x4
     ecc:	a8058593          	addi	a1,a1,-1408 # 61a80 <_data_lma+0x5ea50>
     ed0:	4501                	li	a0,0
     ed2:	21d000ef          	jal	ra,18ee <I2C_Init>
c:\Users\seanw\mounriver-studio-projects\earth-computar\obj/../src/I2C/app_i2c.c:60
    I2C_ITConfig(I2C_IT_BUF, ENABLE);
     ed6:	4585                	li	a1,1
     ed8:	40000513          	li	a0,1024
     edc:	1b9000ef          	jal	ra,1894 <I2C_ITConfig>
c:\Users\seanw\mounriver-studio-projects\earth-computar\obj/../src/I2C/app_i2c.c:61
    I2C_ITConfig(I2C_IT_EVT, ENABLE);
     ee0:	4585                	li	a1,1
     ee2:	20000513          	li	a0,512
     ee6:	1af000ef          	jal	ra,1894 <I2C_ITConfig>
c:\Users\seanw\mounriver-studio-projects\earth-computar\obj/../src/I2C/app_i2c.c:62
    I2C_ITConfig(I2C_IT_ERR, ENABLE);
     eea:	4585                	li	a1,1
     eec:	10000513          	li	a0,256
     ef0:	1a5000ef          	jal	ra,1894 <I2C_ITConfig>
c:\Users\seanw\mounriver-studio-projects\earth-computar\obj/../src/I2C/app_i2c.c:65
}
     ef4:	40f2                	lw	ra,28(sp)
PFIC_EnableIRQ():
c:/Users/seanw/mounriver-studio-projects/earth-computar/RVMSIS/core_riscv.h:173
    PFIC->IENR[((uint32_t)(IRQn) >> 5)] = (1 << ((uint32_t)(IRQn) & 0x1F));
     ef6:	e000e7b7          	lui	a5,0xe000e
     efa:	40000737          	lui	a4,0x40000
     efe:	10e7a023          	sw	a4,256(a5) # e000e100 <_eusrstack+0xc000b100>
i2c_app_init():
c:\Users\seanw\mounriver-studio-projects\earth-computar\obj/../src/I2C/app_i2c.c:65
     f02:	6105                	addi	sp,sp,32
     f04:	8082                	ret

00000f06 <i2c_write_to>:
i2c_write_to():
c:\Users\seanw\mounriver-studio-projects\earth-computar\obj/../src/I2C/app_i2c.c:74
{
     f06:	1101                	addi	sp,sp,-32
     f08:	ca26                	sw	s1,20(sp)
     f0a:	ce06                	sw	ra,28(sp)
     f0c:	84b6                	mv	s1,a3
     f0e:	cc22                	sw	s0,24(sp)
     f10:	c84a                	sw	s2,16(sp)
     f12:	c64e                	sw	s3,12(sp)
c:\Users\seanw\mounriver-studio-projects\earth-computar\obj/../src/I2C/app_i2c.c:75
    if (length > I2C_BUFFER_LENGTH) {
     f14:	02000693          	li	a3,32
     f18:	0ac6ef63          	bltu	a3,a2,fd6 <i2c_write_to+0xd0>
c:\Users\seanw\mounriver-studio-projects\earth-computar\obj/../src/I2C/app_i2c.c:79
    if (i2c_state != I2C_READY) {
     f1c:	81a1c683          	lbu	a3,-2022(gp) # 20000e4a <i2c_state>
     f20:	842a                	mv	s0,a0
     f22:	81a18913          	addi	s2,gp,-2022 # 20000e4a <i2c_state>
c:\Users\seanw\mounriver-studio-projects\earth-computar\obj/../src/I2C/app_i2c.c:80
        return -I2C_STATE;
     f26:	5579                	li	a0,-2
c:\Users\seanw\mounriver-studio-projects\earth-computar\obj/../src/I2C/app_i2c.c:79
    if (i2c_state != I2C_READY) {
     f28:	e299                	bnez	a3,f2e <i2c_write_to+0x28>
c:\Users\seanw\mounriver-studio-projects\earth-computar\obj/../src/I2C/app_i2c.c:83
    if (!length) {
     f2a:	ea09                	bnez	a2,f3c <i2c_write_to+0x36>
c:\Users\seanw\mounriver-studio-projects\earth-computar\obj/../src/I2C/app_i2c.c:84
        return 0;
     f2c:	4501                	li	a0,0
c:\Users\seanw\mounriver-studio-projects\earth-computar\obj/../src/I2C/app_i2c.c:131
}
     f2e:	40f2                	lw	ra,28(sp)
     f30:	4462                	lw	s0,24(sp)
     f32:	44d2                	lw	s1,20(sp)
     f34:	4942                	lw	s2,16(sp)
     f36:	49b2                	lw	s3,12(sp)
     f38:	6105                	addi	sp,sp,32
     f3a:	8082                	ret
c:\Users\seanw\mounriver-studio-projects\earth-computar\obj/../src/I2C/app_i2c.c:87
    i2c_state = I2C_MTX;
     f3c:	4689                	li	a3,2
     f3e:	00d90023          	sb	a3,0(s2)
c:\Users\seanw\mounriver-studio-projects\earth-computar\obj/../src/I2C/app_i2c.c:88
    i2c_send_stop = send_stop;
     f42:	80e18c23          	sb	a4,-2024(gp) # 20000e48 <i2c_send_stop>
c:\Users\seanw\mounriver-studio-projects\earth-computar\obj/../src/I2C/app_i2c.c:90
    i2c_error = 0;
     f46:	80018823          	sb	zero,-2032(gp) # 20000e40 <i2c_error>
c:\Users\seanw\mounriver-studio-projects\earth-computar\obj/../src/I2C/app_i2c.c:96
    memcpy(i2c_master_buffer, data, length);
     f4a:	88018513          	addi	a0,gp,-1920 # 20000eb0 <i2c_master_buffer>
c:\Users\seanw\mounriver-studio-projects\earth-computar\obj/../src/I2C/app_i2c.c:94
    i2c_master_buffer_length = length;
     f4e:	80c18aa3          	sb	a2,-2027(gp) # 20000e45 <i2c_master_buffer_length>
c:\Users\seanw\mounriver-studio-projects\earth-computar\obj/../src/I2C/app_i2c.c:93
    i2c_master_buffer_index = 0;
     f52:	80018b23          	sb	zero,-2026(gp) # 20000e46 <i2c_master_buffer_index>
c:\Users\seanw\mounriver-studio-projects\earth-computar\obj/../src/I2C/app_i2c.c:96
    memcpy(i2c_master_buffer, data, length);
     f56:	3715                	jal	e7a <memcpy>
c:\Users\seanw\mounriver-studio-projects\earth-computar\obj/../src/I2C/app_i2c.c:98
    i2c_slave_addr_rw = I2C_WRITE;
     f58:	80018ca3          	sb	zero,-2023(gp) # 20000e49 <i2c_slave_addr_rw>
c:\Users\seanw\mounriver-studio-projects\earth-computar\obj/../src/I2C/app_i2c.c:99
    i2c_slave_addr_rw |= addr_7bit << 1;
     f5c:	8191c783          	lbu	a5,-2023(gp) # 20000e49 <i2c_slave_addr_rw>
     f60:	0406                	slli	s0,s0,0x1
     f62:	8fc1                	or	a5,a5,s0
c:\Users\seanw\mounriver-studio-projects\earth-computar\obj/../src/I2C/app_i2c.c:101
    I2C_GenerateSTOP(DISABLE);
     f64:	4501                	li	a0,0
c:\Users\seanw\mounriver-studio-projects\earth-computar\obj/../src/I2C/app_i2c.c:99
    i2c_slave_addr_rw |= addr_7bit << 1;
     f66:	80f18ca3          	sb	a5,-2023(gp) # 20000e49 <i2c_slave_addr_rw>
c:\Users\seanw\mounriver-studio-projects\earth-computar\obj/../src/I2C/app_i2c.c:101
    I2C_GenerateSTOP(DISABLE);
     f6a:	0e7000ef          	jal	ra,1850 <I2C_GenerateSTOP>
c:\Users\seanw\mounriver-studio-projects\earth-computar\obj/../src/I2C/app_i2c.c:103
    if (i2c_in_repstart == true) {
     f6e:	8171c703          	lbu	a4,-2025(gp) # 20000e47 <i2c_in_repstart>
     f72:	4785                	li	a5,1
c:\Users\seanw\mounriver-studio-projects\earth-computar\obj/../src/I2C/app_i2c.c:99
    i2c_slave_addr_rw |= addr_7bit << 1;
     f74:	81918993          	addi	s3,gp,-2023 # 20000e49 <i2c_slave_addr_rw>
c:\Users\seanw\mounriver-studio-projects\earth-computar\obj/../src/I2C/app_i2c.c:103
    if (i2c_in_repstart == true) {
     f78:	04f71b63          	bne	a4,a5,fce <i2c_write_to+0xc8>
c:\Users\seanw\mounriver-studio-projects\earth-computar\obj/../src/I2C/app_i2c.c:104
        i2c_in_repstart = false;
     f7c:	80018ba3          	sb	zero,-2025(gp) # 20000e47 <i2c_in_repstart>
c:\Users\seanw\mounriver-studio-projects\earth-computar\obj/../src/I2C/app_i2c.c:108
        } while(R16_I2C_STAR1 & RB_I2C_BTF);
     f80:	40005437          	lui	s0,0x40005
c:\Users\seanw\mounriver-studio-projects\earth-computar\obj/../src/I2C/app_i2c.c:107 (discriminator 1)
            I2C_SendData(i2c_slave_addr_rw);
     f84:	0009c503          	lbu	a0,0(s3)
     f88:	135000ef          	jal	ra,18bc <I2C_SendData>
c:\Users\seanw\mounriver-studio-projects\earth-computar\obj/../src/I2C/app_i2c.c:108 (discriminator 1)
        } while(R16_I2C_STAR1 & RB_I2C_BTF);
     f8c:	81445783          	lhu	a5,-2028(s0) # 40004814 <_eusrstack+0x20001814>
     f90:	8b91                	andi	a5,a5,4
     f92:	fbed                	bnez	a5,f84 <i2c_write_to+0x7e>
c:\Users\seanw\mounriver-studio-projects\earth-computar\obj/../src/I2C/app_i2c.c:111
        I2C_ITConfig(I2C_IT_BUF, ENABLE);
     f94:	4585                	li	a1,1
     f96:	40000513          	li	a0,1024
     f9a:	0fb000ef          	jal	ra,1894 <I2C_ITConfig>
c:\Users\seanw\mounriver-studio-projects\earth-computar\obj/../src/I2C/app_i2c.c:112
        I2C_ITConfig(I2C_IT_EVT, ENABLE);
     f9e:	4585                	li	a1,1
     fa0:	20000513          	li	a0,512
     fa4:	0f1000ef          	jal	ra,1894 <I2C_ITConfig>
c:\Users\seanw\mounriver-studio-projects\earth-computar\obj/../src/I2C/app_i2c.c:113
        I2C_ITConfig(I2C_IT_ERR, ENABLE);
     fa8:	4585                	li	a1,1
     faa:	10000513          	li	a0,256
     fae:	0e7000ef          	jal	ra,1894 <I2C_ITConfig>
c:\Users\seanw\mounriver-studio-projects\earth-computar\obj/../src/I2C/app_i2c.c:119
    while(wait && (i2c_state == I2C_MTX)) {
     fb2:	c491                	beqz	s1,fbe <i2c_write_to+0xb8>
     fb4:	4789                	li	a5,2
c:\Users\seanw\mounriver-studio-projects\earth-computar\obj/../src/I2C/app_i2c.c:119 (discriminator 1)
     fb6:	00094703          	lbu	a4,0(s2)
     fba:	fef70ee3          	beq	a4,a5,fb6 <i2c_write_to+0xb0>
c:\Users\seanw\mounriver-studio-projects\earth-computar\obj/../src/I2C/app_i2c.c:126
    if (i2c_error) {
     fbe:	8101c783          	lbu	a5,-2032(gp) # 20000e40 <i2c_error>
     fc2:	d7ad                	beqz	a5,f2c <i2c_write_to+0x26>
c:\Users\seanw\mounriver-studio-projects\earth-computar\obj/../src/I2C/app_i2c.c:127
        return -i2c_error;
     fc4:	8101c503          	lbu	a0,-2032(gp) # 20000e40 <i2c_error>
     fc8:	40a00533          	neg	a0,a0
     fcc:	b78d                	j	f2e <i2c_write_to+0x28>
c:\Users\seanw\mounriver-studio-projects\earth-computar\obj/../src/I2C/app_i2c.c:115
        I2C_GenerateSTART(ENABLE);
     fce:	4505                	li	a0,1
     fd0:	05f000ef          	jal	ra,182e <I2C_GenerateSTART>
     fd4:	bff9                	j	fb2 <i2c_write_to+0xac>
c:\Users\seanw\mounriver-studio-projects\earth-computar\obj/../src/I2C/app_i2c.c:76
        return -I2C_NO_MEM;
     fd6:	557d                	li	a0,-1
     fd8:	bf99                	j	f2e <i2c_write_to+0x28>

00000fda <i2c_read_from>:
i2c_read_from():
c:\Users\seanw\mounriver-studio-projects\earth-computar\obj/../src/I2C/app_i2c.c:139
    if (length > I2C_BUFFER_LENGTH) {
     fda:	02000793          	li	a5,32
     fde:	10c7e063          	bltu	a5,a2,10de <i2c_read_from+0x104>
c:\Users\seanw\mounriver-studio-projects\earth-computar\obj/../src/I2C/app_i2c.c:135
{
     fe2:	1101                	addi	sp,sp,-32
     fe4:	c452                	sw	s4,8(sp)
     fe6:	ce06                	sw	ra,28(sp)
     fe8:	cc22                	sw	s0,24(sp)
     fea:	ca26                	sw	s1,20(sp)
     fec:	c84a                	sw	s2,16(sp)
     fee:	c64e                	sw	s3,12(sp)
     ff0:	c256                	sw	s5,4(sp)
     ff2:	c05a                	sw	s6,0(sp)
c:\Users\seanw\mounriver-studio-projects\earth-computar\obj/../src/I2C/app_i2c.c:143
    if (i2c_state != I2C_READY) {
     ff4:	81a1c783          	lbu	a5,-2022(gp) # 20000e4a <i2c_state>
     ff8:	882a                	mv	a6,a0
     ffa:	81a18a13          	addi	s4,gp,-2022 # 20000e4a <i2c_state>
c:\Users\seanw\mounriver-studio-projects\earth-computar\obj/../src/I2C/app_i2c.c:144
        return -I2C_STATE;
     ffe:	5579                	li	a0,-2
c:\Users\seanw\mounriver-studio-projects\earth-computar\obj/../src/I2C/app_i2c.c:143
    if (i2c_state != I2C_READY) {
    1000:	efc5                	bnez	a5,10b8 <i2c_read_from+0xde>
    1002:	8432                	mv	s0,a2
c:\Users\seanw\mounriver-studio-projects\earth-computar\obj/../src/I2C/app_i2c.c:148
        return 0;
    1004:	4501                	li	a0,0
c:\Users\seanw\mounriver-studio-projects\earth-computar\obj/../src/I2C/app_i2c.c:147
    if (!length) {
    1006:	ca4d                	beqz	a2,10b8 <i2c_read_from+0xde>
c:\Users\seanw\mounriver-studio-projects\earth-computar\obj/../src/I2C/app_i2c.c:151
    i2c_state = I2C_MRX;
    1008:	4a85                	li	s5,1
    100a:	015a0023          	sb	s5,0(s4)
c:\Users\seanw\mounriver-studio-projects\earth-computar\obj/../src/I2C/app_i2c.c:152
    i2c_send_stop = send_stop;
    100e:	80d18c23          	sb	a3,-2024(gp) # 20000e48 <i2c_send_stop>
c:\Users\seanw\mounriver-studio-projects\earth-computar\obj/../src/I2C/app_i2c.c:154
    i2c_error = 0;
    1012:	80018823          	sb	zero,-2032(gp) # 20000e40 <i2c_error>
c:\Users\seanw\mounriver-studio-projects\earth-computar\obj/../src/I2C/app_i2c.c:157
    i2c_master_buffer_index = 0;
    1016:	80018b23          	sb	zero,-2026(gp) # 20000e46 <i2c_master_buffer_index>
c:\Users\seanw\mounriver-studio-projects\earth-computar\obj/../src/I2C/app_i2c.c:160
    i2c_slave_addr_rw = I2C_READ;
    101a:	81918913          	addi	s2,gp,-2023 # 20000e49 <i2c_slave_addr_rw>
c:\Users\seanw\mounriver-studio-projects\earth-computar\obj/../src/I2C/app_i2c.c:158
    i2c_master_buffer_length = length - 1;
    101e:	fff60793          	addi	a5,a2,-1 # 3fff <_data_lma+0xfcf>
c:\Users\seanw\mounriver-studio-projects\earth-computar\obj/../src/I2C/app_i2c.c:160
    i2c_slave_addr_rw = I2C_READ;
    1022:	01590023          	sb	s5,0(s2)
    1026:	84ba                	mv	s1,a4
c:\Users\seanw\mounriver-studio-projects\earth-computar\obj/../src/I2C/app_i2c.c:158
    i2c_master_buffer_length = length - 1;
    1028:	80f18aa3          	sb	a5,-2027(gp) # 20000e45 <i2c_master_buffer_length>
c:\Users\seanw\mounriver-studio-projects\earth-computar\obj/../src/I2C/app_i2c.c:161
    i2c_slave_addr_rw |= addr_7bit << 1;
    102c:	00094783          	lbu	a5,0(s2)
    1030:	0806                	slli	a6,a6,0x1
    1032:	89ae                	mv	s3,a1
    1034:	0107e7b3          	or	a5,a5,a6
    1038:	0ff7f793          	zext.b	a5,a5
    103c:	00f90023          	sb	a5,0(s2)
c:\Users\seanw\mounriver-studio-projects\earth-computar\obj/../src/I2C/app_i2c.c:163
    I2C_GenerateSTOP(DISABLE);
    1040:	011000ef          	jal	ra,1850 <I2C_GenerateSTOP>
c:\Users\seanw\mounriver-studio-projects\earth-computar\obj/../src/I2C/app_i2c.c:165
    if (i2c_in_repstart == true) {
    1044:	8171c783          	lbu	a5,-2025(gp) # 20000e47 <i2c_in_repstart>
    1048:	09579263          	bne	a5,s5,10cc <i2c_read_from+0xf2>
c:\Users\seanw\mounriver-studio-projects\earth-computar\obj/../src/I2C/app_i2c.c:166
        i2c_in_repstart = false;
    104c:	80018ba3          	sb	zero,-2025(gp) # 20000e47 <i2c_in_repstart>
c:\Users\seanw\mounriver-studio-projects\earth-computar\obj/../src/I2C/app_i2c.c:170
        } while(R16_I2C_STAR1 & RB_I2C_BTF);
    1050:	40005ab7          	lui	s5,0x40005
c:\Users\seanw\mounriver-studio-projects\earth-computar\obj/../src/I2C/app_i2c.c:169 (discriminator 1)
            I2C_SendData(i2c_slave_addr_rw);
    1054:	00094503          	lbu	a0,0(s2)
    1058:	065000ef          	jal	ra,18bc <I2C_SendData>
c:\Users\seanw\mounriver-studio-projects\earth-computar\obj/../src/I2C/app_i2c.c:170 (discriminator 1)
        } while(R16_I2C_STAR1 & RB_I2C_BTF);
    105c:	814ad783          	lhu	a5,-2028(s5) # 40004814 <_eusrstack+0x20001814>
    1060:	8b91                	andi	a5,a5,4
    1062:	fbed                	bnez	a5,1054 <i2c_read_from+0x7a>
c:\Users\seanw\mounriver-studio-projects\earth-computar\obj/../src/I2C/app_i2c.c:173
        I2C_ITConfig(I2C_IT_BUF, ENABLE);
    1064:	4585                	li	a1,1
    1066:	40000513          	li	a0,1024
    106a:	02b000ef          	jal	ra,1894 <I2C_ITConfig>
c:\Users\seanw\mounriver-studio-projects\earth-computar\obj/../src/I2C/app_i2c.c:174
        I2C_ITConfig(I2C_IT_EVT, ENABLE);
    106e:	4585                	li	a1,1
    1070:	20000513          	li	a0,512
    1074:	021000ef          	jal	ra,1894 <I2C_ITConfig>
c:\Users\seanw\mounriver-studio-projects\earth-computar\obj/../src/I2C/app_i2c.c:175
        I2C_ITConfig(I2C_IT_ERR, ENABLE);
    1078:	4585                	li	a1,1
    107a:	10000513          	li	a0,256
    107e:	017000ef          	jal	ra,1894 <I2C_ITConfig>
c:\Users\seanw\mounriver-studio-projects\earth-computar\obj/../src/I2C/app_i2c.c:135
{
    1082:	4901                	li	s2,0
c:\Users\seanw\mounriver-studio-projects\earth-computar\obj/../src/I2C/app_i2c.c:181
    while (i2c_state == I2C_MRX) {
    1084:	4a85                	li	s5,1
c:\Users\seanw\mounriver-studio-projects\earth-computar\obj/../src/I2C/app_i2c.c:184
        if (!forever && (to >= timeout)) {
    1086:	5b7d                	li	s6,-1
c:\Users\seanw\mounriver-studio-projects\earth-computar\obj/../src/I2C/app_i2c.c:181
    while (i2c_state == I2C_MRX) {
    1088:	000a4783          	lbu	a5,0(s4)
    108c:	01579c63          	bne	a5,s5,10a4 <i2c_read_from+0xca>
c:\Users\seanw\mounriver-studio-projects\earth-computar\obj/../src/I2C/app_i2c.c:182
        mDelaymS(1);
    1090:	4505                	li	a0,1
    1092:	20000097          	auipc	ra,0x20000
    1096:	a06080e7          	jalr	-1530(ra) # 20000a98 <mDelaymS>
c:\Users\seanw\mounriver-studio-projects\earth-computar\obj/../src/I2C/app_i2c.c:183
        to++;
    109a:	0905                	addi	s2,s2,1
c:\Users\seanw\mounriver-studio-projects\earth-computar\obj/../src/I2C/app_i2c.c:184
        if (!forever && (to >= timeout)) {
    109c:	ff6486e3          	beq	s1,s6,1088 <i2c_read_from+0xae>
c:\Users\seanw\mounriver-studio-projects\earth-computar\obj/../src/I2C/app_i2c.c:184 (discriminator 1)
    10a0:	fe9944e3          	blt	s2,s1,1088 <i2c_read_from+0xae>
c:\Users\seanw\mounriver-studio-projects\earth-computar\obj/../src/I2C/app_i2c.c:189
    if (i2c_master_buffer_index < length)
    10a4:	8161c783          	lbu	a5,-2026(gp) # 20000e46 <i2c_master_buffer_index>
    10a8:	0287e663          	bltu	a5,s0,10d4 <i2c_read_from+0xfa>
c:\Users\seanw\mounriver-studio-projects\earth-computar\obj/../src/I2C/app_i2c.c:193
    memcpy(data, i2c_master_buffer, length);
    10ac:	8622                	mv	a2,s0
    10ae:	88018593          	addi	a1,gp,-1920 # 20000eb0 <i2c_master_buffer>
    10b2:	854e                	mv	a0,s3
    10b4:	33d9                	jal	e7a <memcpy>
c:\Users\seanw\mounriver-studio-projects\earth-computar\obj/../src/I2C/app_i2c.c:195
    return length;
    10b6:	8522                	mv	a0,s0
c:\Users\seanw\mounriver-studio-projects\earth-computar\obj/../src/I2C/app_i2c.c:196
}
    10b8:	40f2                	lw	ra,28(sp)
    10ba:	4462                	lw	s0,24(sp)
    10bc:	44d2                	lw	s1,20(sp)
    10be:	4942                	lw	s2,16(sp)
    10c0:	49b2                	lw	s3,12(sp)
    10c2:	4a22                	lw	s4,8(sp)
    10c4:	4a92                	lw	s5,4(sp)
    10c6:	4b02                	lw	s6,0(sp)
    10c8:	6105                	addi	sp,sp,32
    10ca:	8082                	ret
c:\Users\seanw\mounriver-studio-projects\earth-computar\obj/../src/I2C/app_i2c.c:177
        I2C_GenerateSTART(ENABLE);
    10cc:	4505                	li	a0,1
    10ce:	760000ef          	jal	ra,182e <I2C_GenerateSTART>
    10d2:	bf45                	j	1082 <i2c_read_from+0xa8>
c:\Users\seanw\mounriver-studio-projects\earth-computar\obj/../src/I2C/app_i2c.c:190
        length = i2c_master_buffer_index;
    10d4:	8161c403          	lbu	s0,-2026(gp) # 20000e46 <i2c_master_buffer_index>
    10d8:	0ff47413          	zext.b	s0,s0
    10dc:	bfc1                	j	10ac <i2c_read_from+0xd2>
c:\Users\seanw\mounriver-studio-projects\earth-computar\obj/../src/I2C/app_i2c.c:140
        return -I2C_NO_MEM;
    10de:	557d                	li	a0,-1
c:\Users\seanw\mounriver-studio-projects\earth-computar\obj/../src/I2C/app_i2c.c:196
}
    10e0:	8082                	ret

000010e2 <MCP9808_SetResolution_0_5C>:
MCP9808_SetResolution_0_5C():
c:\Users\seanw\mounriver-studio-projects\earth-computar\obj/../src/I2C/mcp9808.c:13

#define MCP9808_REG_CONFIG 0x01
#define MCP9808_REG_RESOLUTION 0x08

void MCP9808_SetResolution_0_5C(void)
{
    10e2:	1101                	addi	sp,sp,-32
c:\Users\seanw\mounriver-studio-projects\earth-computar\obj/../src/I2C/mcp9808.c:16
    // Array: [Register Pointer, Data Byte]
    // 0x00 sets the resolution to +0.5°C
    uint8_t tx_data[2] = {MCP9808_REG_RESOLUTION, 0x00};
    10e4:	47a1                	li	a5,8
c:\Users\seanw\mounriver-studio-projects\earth-computar\obj/../src/I2C/mcp9808.c:17
    i2c_write_to(MCP9808_I2C_ADDR, tx_data, 2, true, true);
    10e6:	006c                	addi	a1,sp,12
    10e8:	4705                	li	a4,1
    10ea:	4685                	li	a3,1
    10ec:	4609                	li	a2,2
    10ee:	4561                	li	a0,24
c:\Users\seanw\mounriver-studio-projects\earth-computar\obj/../src/I2C/mcp9808.c:13
{
    10f0:	ce06                	sw	ra,28(sp)
c:\Users\seanw\mounriver-studio-projects\earth-computar\obj/../src/I2C/mcp9808.c:16
    uint8_t tx_data[2] = {MCP9808_REG_RESOLUTION, 0x00};
    10f2:	867c                	sh	a5,12(sp)
c:\Users\seanw\mounriver-studio-projects\earth-computar\obj/../src/I2C/mcp9808.c:17
    i2c_write_to(MCP9808_I2C_ADDR, tx_data, 2, true, true);
    10f4:	3d09                	jal	f06 <i2c_write_to>
c:\Users\seanw\mounriver-studio-projects\earth-computar\obj/../src/I2C/mcp9808.c:19
    // while(I2C_GetFlagStatus(I2C_FLAG_BUSY) != RESET);
}
    10f6:	40f2                	lw	ra,28(sp)
    10f8:	6105                	addi	sp,sp,32
    10fa:	8082                	ret

000010fc <MCP9808_ReadRawTemperature>:
MCP9808_ReadRawTemperature():
c:\Users\seanw\mounriver-studio-projects\earth-computar\obj/../src/I2C/mcp9808.c:22

uint16_t MCP9808_ReadRawTemperature(void)
{
    10fc:	1101                	addi	sp,sp,-32
c:\Users\seanw\mounriver-studio-projects\earth-computar\obj/../src/I2C/mcp9808.c:23
    uint8_t reg_ptr = MCP9808_REG_TAMBIENT;
    10fe:	4795                	li	a5,5
c:\Users\seanw\mounriver-studio-projects\earth-computar\obj/../src/I2C/mcp9808.c:28
    uint8_t rx_data[2] = {0, 0};
    int ret;

    // 1. Write the register pointer. 
    ret = i2c_write_to(MCP9808_I2C_ADDR, &reg_ptr, 1, true, true);
    1100:	4705                	li	a4,1
    1102:	4685                	li	a3,1
    1104:	4605                	li	a2,1
    1106:	00b10593          	addi	a1,sp,11
    110a:	4561                	li	a0,24
c:\Users\seanw\mounriver-studio-projects\earth-computar\obj/../src/I2C/mcp9808.c:22
{
    110c:	ce06                	sw	ra,28(sp)
c:\Users\seanw\mounriver-studio-projects\earth-computar\obj/../src/I2C/mcp9808.c:23
    uint8_t reg_ptr = MCP9808_REG_TAMBIENT;
    110e:	85dc                	sb	a5,11(sp)
c:\Users\seanw\mounriver-studio-projects\earth-computar\obj/../src/I2C/mcp9808.c:24
    uint8_t rx_data[2] = {0, 0};
    1110:	00011623          	sh	zero,12(sp)
c:\Users\seanw\mounriver-studio-projects\earth-computar\obj/../src/I2C/mcp9808.c:28
    ret = i2c_write_to(MCP9808_I2C_ADDR, &reg_ptr, 1, true, true);
    1114:	3bcd                	jal	f06 <i2c_write_to>
c:\Users\seanw\mounriver-studio-projects\earth-computar\obj/../src/I2C/mcp9808.c:29
    if (ret < 0) {
    1116:	00055e63          	bgez	a0,1132 <MCP9808_ReadRawTemperature+0x36>
    111a:	85aa                	mv	a1,a0
c:\Users\seanw\mounriver-studio-projects\earth-computar\obj/../src/I2C/mcp9808.c:30
        PRINT("I2C Write Error: %d\n", ret);
    111c:	00002517          	auipc	a0,0x2
    1120:	ddc50513          	addi	a0,a0,-548 # 2ef8 <_read+0xe>
c:\Users\seanw\mounriver-studio-projects\earth-computar\obj/../src/I2C/mcp9808.c:38

    // 2. Read 2 bytes of temperature data.
    ret = i2c_read_from(MCP9808_I2C_ADDR, rx_data, 2, true, 1000);
    // while(I2C_GetFlagStatus(I2C_FLAG_BUSY) != RESET);
    if (ret < 2) {
        PRINT("I2C Read Error: %d\n", ret);
    1124:	449000ef          	jal	ra,1d6c <iprintf>
c:\Users\seanw\mounriver-studio-projects\earth-computar\obj/../src/I2C/mcp9808.c:31
        return 0xFFFF; // Return 0xFFFF as an obvious error value
    1128:	6541                	lui	a0,0x10
    112a:	157d                	addi	a0,a0,-1 # ffff <_data_lma+0xcfcf>
c:\Users\seanw\mounriver-studio-projects\earth-computar\obj/../src/I2C/mcp9808.c:45
    }

    // 3. Just pack the 2 bytes into a 16-bit integer and return it
    // rx_data[0] is the Upper Byte, rx_data[1] is the Lower Byte
    return (uint16_t)((rx_data[0] << 8) | rx_data[1]);
}
    112c:	40f2                	lw	ra,28(sp)
    112e:	6105                	addi	sp,sp,32
    1130:	8082                	ret
c:\Users\seanw\mounriver-studio-projects\earth-computar\obj/../src/I2C/mcp9808.c:35
    ret = i2c_read_from(MCP9808_I2C_ADDR, rx_data, 2, true, 1000);
    1132:	006c                	addi	a1,sp,12
    1134:	3e800713          	li	a4,1000
    1138:	4685                	li	a3,1
    113a:	4609                	li	a2,2
    113c:	4561                	li	a0,24
    113e:	3d71                	jal	fda <i2c_read_from>
c:\Users\seanw\mounriver-studio-projects\earth-computar\obj/../src/I2C/mcp9808.c:37
    if (ret < 2) {
    1140:	4785                	li	a5,1
c:\Users\seanw\mounriver-studio-projects\earth-computar\obj/../src/I2C/mcp9808.c:35
    ret = i2c_read_from(MCP9808_I2C_ADDR, rx_data, 2, true, 1000);
    1142:	85aa                	mv	a1,a0
c:\Users\seanw\mounriver-studio-projects\earth-computar\obj/../src/I2C/mcp9808.c:37
    if (ret < 2) {
    1144:	00a7c763          	blt	a5,a0,1152 <MCP9808_ReadRawTemperature+0x56>
c:\Users\seanw\mounriver-studio-projects\earth-computar\obj/../src/I2C/mcp9808.c:38
        PRINT("I2C Read Error: %d\n", ret);
    1148:	00002517          	auipc	a0,0x2
    114c:	dc850513          	addi	a0,a0,-568 # 2f10 <_read+0x26>
    1150:	bfd1                	j	1124 <MCP9808_ReadRawTemperature+0x28>
c:\Users\seanw\mounriver-studio-projects\earth-computar\obj/../src/I2C/mcp9808.c:44
    return (uint16_t)((rx_data[0] << 8) | rx_data[1]);
    1152:	863c                	lhu	a5,12(sp)
    1154:	00879513          	slli	a0,a5,0x8
    1158:	83a1                	srli	a5,a5,0x8
    115a:	8d5d                	or	a0,a0,a5
    115c:	08054533          	zext.h	a0,a0
    1160:	b7f1                	j	112c <MCP9808_ReadRawTemperature+0x30>

00001162 <MCP9808_Sleep>:
MCP9808_Sleep():
c:\Users\seanw\mounriver-studio-projects\earth-computar\obj/../src/I2C/mcp9808.c:188
}


// Put the MCP9808 into low-power Shutdown mode (~0.1 uA)
void MCP9808_Sleep(void)
{
    1162:	1101                	addi	sp,sp,-32
c:\Users\seanw\mounriver-studio-projects\earth-computar\obj/../src/I2C/mcp9808.c:191
    // Array: [Register Pointer, Upper Byte, Lower Byte]
    // 0x0100 sets bit 8 (SHDN) to 1.
    uint8_t tx_data[3] = {MCP9808_REG_CONFIG, 0x01, 0x00};
    1164:	10100793          	li	a5,257
c:\Users\seanw\mounriver-studio-projects\earth-computar\obj/../src/I2C/mcp9808.c:192
    i2c_write_to(MCP9808_I2C_ADDR, tx_data, 3, true, true);
    1168:	006c                	addi	a1,sp,12
    116a:	4705                	li	a4,1
    116c:	4685                	li	a3,1
    116e:	460d                	li	a2,3
    1170:	4561                	li	a0,24
c:\Users\seanw\mounriver-studio-projects\earth-computar\obj/../src/I2C/mcp9808.c:188
{
    1172:	ce06                	sw	ra,28(sp)
c:\Users\seanw\mounriver-studio-projects\earth-computar\obj/../src/I2C/mcp9808.c:191
    uint8_t tx_data[3] = {MCP9808_REG_CONFIG, 0x01, 0x00};
    1174:	867c                	sh	a5,12(sp)
    1176:	00010723          	sb	zero,14(sp)
c:\Users\seanw\mounriver-studio-projects\earth-computar\obj/../src/I2C/mcp9808.c:192
    i2c_write_to(MCP9808_I2C_ADDR, tx_data, 3, true, true);
    117a:	3371                	jal	f06 <i2c_write_to>
c:\Users\seanw\mounriver-studio-projects\earth-computar\obj/../src/I2C/mcp9808.c:194
    // while(I2C_GetFlagStatus(I2C_FLAG_BUSY) != RESET);
}
    117c:	40f2                	lw	ra,28(sp)
    117e:	6105                	addi	sp,sp,32
    1180:	8082                	ret

00001182 <MCP9808_Wake>:
MCP9808_Wake():
c:\Users\seanw\mounriver-studio-projects\earth-computar\obj/../src/I2C/mcp9808.c:198

// Wake the MCP9808 into Continuous Conversion mode (~200 uA)
void MCP9808_Wake(void)
{
    1182:	1101                	addi	sp,sp,-32
c:\Users\seanw\mounriver-studio-projects\earth-computar\obj/../src/I2C/mcp9808.c:200
    // 0x0000 clears bit 8 (SHDN) to 0.
    uint8_t tx_data[3] = {MCP9808_REG_CONFIG, 0x00, 0x00};
    1184:	4785                	li	a5,1
c:\Users\seanw\mounriver-studio-projects\earth-computar\obj/../src/I2C/mcp9808.c:201
    i2c_write_to(MCP9808_I2C_ADDR, tx_data, 3, true, true);
    1186:	006c                	addi	a1,sp,12
    1188:	4705                	li	a4,1
    118a:	4685                	li	a3,1
    118c:	460d                	li	a2,3
    118e:	4561                	li	a0,24
c:\Users\seanw\mounriver-studio-projects\earth-computar\obj/../src/I2C/mcp9808.c:198
{
    1190:	ce06                	sw	ra,28(sp)
c:\Users\seanw\mounriver-studio-projects\earth-computar\obj/../src/I2C/mcp9808.c:200
    uint8_t tx_data[3] = {MCP9808_REG_CONFIG, 0x00, 0x00};
    1192:	867c                	sh	a5,12(sp)
    1194:	00010723          	sb	zero,14(sp)
c:\Users\seanw\mounriver-studio-projects\earth-computar\obj/../src/I2C/mcp9808.c:201
    i2c_write_to(MCP9808_I2C_ADDR, tx_data, 3, true, true);
    1198:	33bd                	jal	f06 <i2c_write_to>
c:\Users\seanw\mounriver-studio-projects\earth-computar\obj/../src/I2C/mcp9808.c:204
    // while(I2C_GetFlagStatus(I2C_FLAG_BUSY) != RESET);

    119a:	40f2                	lw	ra,28(sp)
    119c:	6105                	addi	sp,sp,32
    119e:	8082                	ret

000011a0 <Configure_EnergyGate_Interrupt>:
Configure_EnergyGate_Interrupt():
c:\Users\seanw\mounriver-studio-projects\earth-computar\obj/../src/Main.c:113
void Configure_EnergyGate_Interrupt(void) {
    11a0:	1141                	addi	sp,sp,-16
c:\Users\seanw\mounriver-studio-projects\earth-computar\obj/../src/Main.c:114
    GPIOA_ModeCfg(V_OK_PIN, GPIO_ModeIN_PU);
    11a2:	4585                	li	a1,1
    11a4:	02000513          	li	a0,32
c:\Users\seanw\mounriver-studio-projects\earth-computar\obj/../src/Main.c:113
void Configure_EnergyGate_Interrupt(void) {
    11a8:	c606                	sw	ra,12(sp)
c:\Users\seanw\mounriver-studio-projects\earth-computar\obj/../src/Main.c:114
    GPIOA_ModeCfg(V_OK_PIN, GPIO_ModeIN_PU);
    11aa:	2379                	jal	1738 <GPIOA_ModeCfg>
c:\Users\seanw\mounriver-studio-projects\earth-computar\obj/../src/Main.c:115
    GPIOA_ITModeCfg(V_OK_PIN, GPIO_ITMode_FallEdge); // 下降沿唤醒
    11ac:	4589                	li	a1,2
    11ae:	02000513          	li	a0,32
    11b2:	2521                	jal	17ba <GPIOA_ITModeCfg>
PFIC_EnableIRQ():
c:/Users/seanw/mounriver-studio-projects/earth-computar/RVMSIS/core_riscv.h:173
    11b4:	e000e7b7          	lui	a5,0xe000e
    11b8:	00020737          	lui	a4,0x20
    11bc:	10e7a023          	sw	a4,256(a5) # e000e100 <_eusrstack+0xc000b100>
Configure_EnergyGate_Interrupt():
c:\Users\seanw\mounriver-studio-projects\earth-computar\obj/../src/Main.c:117
    PWR_PeriphWakeUpCfg(ENABLE, RB_SLP_GPIO_WAKE, Fsys_Delay_8191);
    11c0:	4611                	li	a2,4
    11c2:	45c1                	li	a1,16
    11c4:	4505                	li	a0,1
    11c6:	0ef000ef          	jal	ra,1ab4 <PWR_PeriphWakeUpCfg>
c:\Users\seanw\mounriver-studio-projects\earth-computar\obj/../src/Main.c:124
    R8_SLP_WAKE_CTRL |= RB_WAKE_EV_MODE; 
    11ca:	40001737          	lui	a4,0x40001
    11ce:	277c                	lbu	a5,14(a4)
    11d0:	0407e793          	ori	a5,a5,64
    11d4:	a77c                	sb	a5,14(a4)
c:\Users\seanw\mounriver-studio-projects\earth-computar\obj/../src/Main.c:129
    R8_SLP_POWER_CTRL = (R8_SLP_POWER_CTRL & ~RB_WAKE_DLY_MOD) | 0x04;
    11d6:	377c                	lbu	a5,15(a4)
    11d8:	0f87f793          	andi	a5,a5,248
    11dc:	0047e793          	ori	a5,a5,4
    11e0:	b77c                	sb	a5,15(a4)
c:\Users\seanw\mounriver-studio-projects\earth-computar\obj/../src/Main.c:130
}
    11e2:	40b2                	lw	ra,12(sp)
    11e4:	0141                	addi	sp,sp,16
    11e6:	8082                	ret

000011e8 <I2C_setup>:
I2C_setup():
c:\Users\seanw\mounriver-studio-projects\earth-computar\obj/../src/Main.c:313
    I2C_Init(I2C_Mode_I2C, 400000, I2C_DutyCycle_16_9, I2C_Ack_Enable, I2C_AckAddr_7bit, 0x42);
    11e8:	000625b7          	lui	a1,0x62
c:\Users\seanw\mounriver-studio-projects\earth-computar\obj/../src/Main.c:312
void I2C_setup(void){
    11ec:	1141                	addi	sp,sp,-16
c:\Users\seanw\mounriver-studio-projects\earth-computar\obj/../src/Main.c:313
    I2C_Init(I2C_Mode_I2C, 400000, I2C_DutyCycle_16_9, I2C_Ack_Enable, I2C_AckAddr_7bit, 0x42);
    11ee:	04200793          	li	a5,66
    11f2:	6711                	lui	a4,0x4
    11f4:	40000693          	li	a3,1024
    11f8:	6611                	lui	a2,0x4
    11fa:	a8058593          	addi	a1,a1,-1408 # 61a80 <_data_lma+0x5ea50>
    11fe:	4501                	li	a0,0
c:\Users\seanw\mounriver-studio-projects\earth-computar\obj/../src/Main.c:312
void I2C_setup(void){
    1200:	c606                	sw	ra,12(sp)
    1202:	c422                	sw	s0,8(sp)
c:\Users\seanw\mounriver-studio-projects\earth-computar\obj/../src/Main.c:313
    I2C_Init(I2C_Mode_I2C, 400000, I2C_DutyCycle_16_9, I2C_Ack_Enable, I2C_AckAddr_7bit, 0x42);
    1204:	25ed                	jal	18ee <I2C_Init>
c:\Users\seanw\mounriver-studio-projects\earth-computar\obj/../src/Main.c:314
    i2c_app_init(0x42); 
    1206:	04200513          	li	a0,66
c:\Users\seanw\mounriver-studio-projects\earth-computar\obj/../src/Main.c:317
    uint32_t timeout = 100000; 
    120a:	6461                	lui	s0,0x18
c:\Users\seanw\mounriver-studio-projects\earth-computar\obj/../src/Main.c:314
    i2c_app_init(0x42); 
    120c:	3951                	jal	ea0 <i2c_app_init>
c:\Users\seanw\mounriver-studio-projects\earth-computar\obj/../src/Main.c:317
    uint32_t timeout = 100000; 
    120e:	6a040413          	addi	s0,s0,1696 # 186a0 <_data_lma+0x15670>
c:\Users\seanw\mounriver-studio-projects\earth-computar\obj/../src/Main.c:318 (discriminator 2)
    while(I2C_GetFlagStatus(I2C_FLAG_BUSY) != RESET && --timeout > 0);
    1212:	00020537          	lui	a0,0x20
    1216:	051000ef          	jal	ra,1a66 <I2C_GetFlagStatus>
    121a:	c10d                	beqz	a0,123c <I2C_setup+0x54>
c:\Users\seanw\mounriver-studio-projects\earth-computar\obj/../src/Main.c:318 (discriminator 1)
    121c:	147d                	addi	s0,s0,-1
    121e:	f875                	bnez	s0,1212 <I2C_setup+0x2a>
c:\Users\seanw\mounriver-studio-projects\earth-computar\obj/../src/Main.c:325
        R16_I2C_CTRL1 |= RB_I2C_SWRST;
    1220:	40005737          	lui	a4,0x40005
    1224:	80075783          	lhu	a5,-2048(a4) # 40004800 <_eusrstack+0x20001800>
    1228:	28f79793          	bseti	a5,a5,0xf
    122c:	80f71023          	sh	a5,-2048(a4)
c:\Users\seanw\mounriver-studio-projects\earth-computar\obj/../src/Main.c:326
        R16_I2C_CTRL1 &= ~RB_I2C_SWRST;
    1230:	80075783          	lhu	a5,-2048(a4)
    1234:	07c6                	slli	a5,a5,0x11
    1236:	83c5                	srli	a5,a5,0x11
    1238:	80f71023          	sh	a5,-2048(a4)
c:\Users\seanw\mounriver-studio-projects\earth-computar\obj/../src/Main.c:328
}
    123c:	40b2                	lw	ra,12(sp)
    123e:	4422                	lw	s0,8(sp)
    1240:	0141                	addi	sp,sp,16
    1242:	8082                	ret

00001244 <main>:
main():
c:\Users\seanw\mounriver-studio-projects\earth-computar\obj/../src/Main.c:335
{
    1244:	7179                	addi	sp,sp,-48
    1246:	d422                	sw	s0,40(sp)
c:\Users\seanw\mounriver-studio-projects\earth-computar\obj/../src/Main.c:337
    R16_PIN_ALTERNATE &= ~RB_PIN_DEBUG_EN;
    1248:	40001437          	lui	s0,0x40001
    124c:	2c1e                	lhu	a5,24(s0)
    124e:	7771                	lui	a4,0xffffc
    1250:	177d                	addi	a4,a4,-1 # ffffbfff <_eusrstack+0xdfff8fff>
c:\Users\seanw\mounriver-studio-projects\earth-computar\obj/../src/Main.c:335
{
    1252:	d606                	sw	ra,44(sp)
c:\Users\seanw\mounriver-studio-projects\earth-computar\obj/../src/Main.c:337
    R16_PIN_ALTERNATE &= ~RB_PIN_DEBUG_EN;
    1254:	8ff9                	and	a5,a5,a4
c:\Users\seanw\mounriver-studio-projects\earth-computar\obj/../src/Main.c:335
{
    1256:	d226                	sw	s1,36(sp)
    1258:	d04a                	sw	s2,32(sp)
    125a:	ce4e                	sw	s3,28(sp)
    125c:	cc52                	sw	s4,24(sp)
    125e:	ca56                	sw	s5,20(sp)
    1260:	c85a                	sw	s6,16(sp)
c:\Users\seanw\mounriver-studio-projects\earth-computar\obj/../src/Main.c:337
    R16_PIN_ALTERNATE &= ~RB_PIN_DEBUG_EN;
    1262:	ac1e                	sh	a5,24(s0)
c:\Users\seanw\mounriver-studio-projects\earth-computar\obj/../src/Main.c:338
    HSECFG_Capacitance(HSECap_18p);
    1264:	4519                	li	a0,6
    1266:	2451                	jal	14ea <HSECFG_Capacitance>
c:\Users\seanw\mounriver-studio-projects\earth-computar\obj/../src/Main.c:339
    SetSysClock(CLK_SOURCE_HSE_PLL_100MHz);
    1268:	04600513          	li	a0,70
    126c:	1ffff097          	auipc	ra,0x1ffff
    1270:	548080e7          	jalr	1352(ra) # 200007b4 <SetSysClock>
c:\Users\seanw\mounriver-studio-projects\earth-computar\obj/../src/Main.c:340
    GPIOA_ModeCfg(GPIO_Pin_All, GPIO_ModeIN_PU);
    1274:	4585                	li	a1,1
    1276:	557d                	li	a0,-1
    1278:	21c1                	jal	1738 <GPIOA_ModeCfg>
c:\Users\seanw\mounriver-studio-projects\earth-computar\obj/../src/Main.c:341
    R8_RST_WDOG_CTRL &= ~RB_WDOG_INT_EN;   // disable IWDG
    127a:	04644783          	lbu	a5,70(s0) # 40001046 <_eusrstack+0x1fffe046>
    127e:	8a018993          	addi	s3,gp,-1888 # 20000ed0 <message>
    1282:	96c18493          	addi	s1,gp,-1684 # 20000f9c <pwm_periods>
    1286:	0fb7f793          	andi	a5,a5,251
    128a:	04f40323          	sb	a5,70(s0)
c:\Users\seanw\mounriver-studio-projects\earth-computar\obj/../src/Main.c:350
    Configure_EnergyGate_Interrupt();
    128e:	3f09                	jal	11a0 <Configure_EnergyGate_Interrupt>
Timer_EdgeCounter_Init():
c:\Users\seanw\mounriver-studio-projects\earth-computar\obj/../src/Main.c:103
    R16_PIN_ALTERNATE_H &= ~RB_TMR_PIN;
    1290:	2c3e                	lhu	a5,26(s0)
c:\Users\seanw\mounriver-studio-projects\earth-computar\obj/../src/Main.c:107
    R8_TMR_CTRL_MOD  = RB_TMR_ALL_CLEAR;
    1292:	4709                	li	a4,2
PWM_Init():
c:\Users\seanw\mounriver-studio-projects\earth-computar\obj/../src/Main.c:85
    GPIOA_ModeCfg(BACKSCATTER_PWM_PIN, BACKSCATTER_PWM_DRIVE);
    1294:	4591                	li	a1,4
Timer_EdgeCounter_Init():
c:\Users\seanw\mounriver-studio-projects\earth-computar\obj/../src/Main.c:103
    R16_PIN_ALTERNATE_H &= ~RB_TMR_PIN;
    1296:	0807c7b3          	zext.h	a5,a5
    129a:	f3f7f793          	andi	a5,a5,-193
    129e:	0807c7b3          	zext.h	a5,a5
    12a2:	ac3e                	sh	a5,26(s0)
c:\Users\seanw\mounriver-studio-projects\earth-computar\obj/../src/Main.c:104
    R16_PIN_ALTERNATE_H |= (1 << 6);   // because bit6 is the lower bit of the field
    12a4:	2c3e                	lhu	a5,26(s0)
PWM_Init():
c:\Users\seanw\mounriver-studio-projects\earth-computar\obj/../src/Main.c:85
    GPIOA_ModeCfg(BACKSCATTER_PWM_PIN, BACKSCATTER_PWM_DRIVE);
    12a6:	4511                	li	a0,4
    12a8:	20000917          	auipc	s2,0x20000
    12ac:	c3490913          	addi	s2,s2,-972 # 20000edc <bit_counts>
Timer_EdgeCounter_Init():
c:\Users\seanw\mounriver-studio-projects\earth-computar\obj/../src/Main.c:104
    R16_PIN_ALTERNATE_H |= (1 << 6);   // because bit6 is the lower bit of the field
    12b0:	0407e793          	ori	a5,a5,64
    12b4:	ac3e                	sh	a5,26(s0)
c:\Users\seanw\mounriver-studio-projects\earth-computar\obj/../src/Main.c:107
    R8_TMR_CTRL_MOD  = RB_TMR_ALL_CLEAR;
    12b6:	400027b7          	lui	a5,0x40002
    12ba:	40e78023          	sb	a4,1024(a5) # 40002400 <_eusrstack+0x1ffff400>
c:\Users\seanw\mounriver-studio-projects\earth-computar\obj/../src/Main.c:108
    R8_TMR_CTRL_MOD |= RB_TMR_MODE_IN | RB_TMR_CAP_COUNT;
    12be:	4007c703          	lbu	a4,1024(a5)
main():
c:\Users\seanw\mounriver-studio-projects\earth-computar\obj/../src/Main.c:366
    add_header(message, seq, packet_hdr_template());
    12c2:	81b18413          	addi	s0,gp,-2021 # 20000e4b <seq>
Timer_EdgeCounter_Init():
c:\Users\seanw\mounriver-studio-projects\earth-computar\obj/../src/Main.c:108
    R8_TMR_CTRL_MOD |= RB_TMR_MODE_IN | RB_TMR_CAP_COUNT;
    12c6:	01176713          	ori	a4,a4,17
    12ca:	40e78023          	sb	a4,1024(a5)
c:\Users\seanw\mounriver-studio-projects\earth-computar\obj/../src/Main.c:109
    R8_TMR_CTRL_MOD |= (2 << 6);               /* count on falling edges */
    12ce:	4007c703          	lbu	a4,1024(a5)
    12d2:	08076713          	ori	a4,a4,128
    12d6:	40e78023          	sb	a4,1024(a5)
c:\Users\seanw\mounriver-studio-projects\earth-computar\obj/../src/Main.c:110
    R8_TMR_INTER_EN |= RB_TMR_IE_CYC_END;
    12da:	4027c703          	lbu	a4,1026(a5)
    12de:	00176713          	ori	a4,a4,1
    12e2:	40e78123          	sb	a4,1026(a5)
PWM_Init():
c:\Users\seanw\mounriver-studio-projects\earth-computar\obj/../src/Main.c:85
    GPIOA_ModeCfg(BACKSCATTER_PWM_PIN, BACKSCATTER_PWM_DRIVE);
    12e6:	2989                	jal	1738 <GPIOA_ModeCfg>
c:\Users\seanw\mounriver-studio-projects\earth-computar\obj/../src/Main.c:86
    PWMX_CLKCfg(CLK_TICKS_PER_CYC);
    12e8:	400057b7          	lui	a5,0x40005
    12ec:	4705                	li	a4,1
    12ee:	af9a                	sh	a4,24(a5)
c:\Users\seanw\mounriver-studio-projects\earth-computar\obj/../src/Main.c:87
    PWM_16bit_CycleEnable();
    12f0:	23b8                	lbu	a4,2(a5)
    12f2:	00676713          	ori	a4,a4,6
    12f6:	a3b8                	sb	a4,2(a5)
c:\Users\seanw\mounriver-studio-projects\earth-computar\obj/../src/Main.c:90
    R8_PWM_POLAR  |= RB_PWM2_POLAR;
    12f8:	3398                	lbu	a4,1(a5)
    12fa:	00276713          	ori	a4,a4,2
    12fe:	b398                	sb	a4,1(a5)
main():
c:\Users\seanw\mounriver-studio-projects\earth-computar\obj/../src/Main.c:355
    I2C_setup();
    1300:	35e5                	jal	11e8 <I2C_setup>
c:\Users\seanw\mounriver-studio-projects\earth-computar\obj/../src/Main.c:357
    MCP9808_SetResolution_0_5C(); 
    1302:	33c5                	jal	10e2 <MCP9808_SetResolution_0_5C>
c:\Users\seanw\mounriver-studio-projects\earth-computar\obj/../src/Main.c:358
    MCP9808_Sleep();
    1304:	3db9                	jal	1162 <MCP9808_Sleep>
c:\Users\seanw\mounriver-studio-projects\earth-computar\obj/../src/Main.c:366
    add_header(message, seq, packet_hdr_template());
    1306:	200c                	lbu	a1,0(s0)
    1308:	c62e                	sw	a1,12(sp)
    130a:	28dd                	jal	1400 <packet_hdr_template>
    130c:	45b2                	lw	a1,12(sp)
    130e:	862a                	mv	a2,a0
    1310:	8a018513          	addi	a0,gp,-1888 # 20000ed0 <message>
    1314:	28dd                	jal	140a <add_header>
BuildLookupTables():
c:\Users\seanw\mounriver-studio-projects\earth-computar\obj/../src/Main.c:147
    if (tables_built)
    1316:	81c18593          	addi	a1,gp,-2020 # 20000e4c <tables_built>
    131a:	219c                	lbu	a5,0(a1)
    131c:	e3a9                	bnez	a5,135e <main+0x11a>
    131e:	864e                	mv	a2,s3
c:\Users\seanw\mounriver-studio-projects\earth-computar\obj/../src/Main.c:153
        for (int8_t bit = 7; bit >= 0; bit--) {        /* MSB first */
    1320:	537d                	li	t1,-1
c:\Users\seanw\mounriver-studio-projects\earth-computar\obj/../src/Main.c:151
    for (uint32_t i = 0; i < len; i++) {
    1322:	06000893          	li	a7,96
c:\Users\seanw\mounriver-studio-projects\earth-computar\obj/../src/Main.c:152
        uint8_t byte = data[i];
    1326:	00064e83          	lbu	t4,0(a2) # 4000 <_data_lma+0xfd0>
c:\Users\seanw\mounriver-studio-projects\earth-computar\obj/../src/Main.c:153
        for (int8_t bit = 7; bit >= 0; bit--) {        /* MSB first */
    132a:	00179693          	slli	a3,a5,0x1
c:\Users\seanw\mounriver-studio-projects\earth-computar\obj/../src/Main.c:152
        uint8_t byte = data[i];
    132e:	471d                	li	a4,7
c:\Users\seanw\mounriver-studio-projects\earth-computar\obj/../src/Main.c:155
            pwm_periods[idx] = b ? PWM_CYC_COUNT1 : PWM_CYC_COUNT0;
    1330:	48eed533          	bext	a0,t4,a4
    1334:	c161                	beqz	a0,13f4 <main+0x1b0>
    1336:	481d                	li	a6,7
c:\Users\seanw\mounriver-studio-projects\earth-computar\obj/../src/Main.c:156
            bit_counts[idx]  = b ? edges_per_bit_f1 : edges_per_bit_f0;
    1338:	4549                	li	a0,18
    133a:	00d48e33          	add	t3,s1,a3
    133e:	010e1023          	sh	a6,0(t3)
    1342:	00d90833          	add	a6,s2,a3
    1346:	00a81023          	sh	a0,0(a6)
c:\Users\seanw\mounriver-studio-projects\earth-computar\obj/../src/Main.c:153
        for (int8_t bit = 7; bit >= 0; bit--) {        /* MSB first */
    134a:	177d                	addi	a4,a4,-1
    134c:	0689                	addi	a3,a3,2
    134e:	fe6711e3          	bne	a4,t1,1330 <main+0xec>
c:\Users\seanw\mounriver-studio-projects\earth-computar\obj/../src/Main.c:157
            idx++;
    1352:	07a1                	addi	a5,a5,8 # 40005008 <_eusrstack+0x20002008>
c:\Users\seanw\mounriver-studio-projects\earth-computar\obj/../src/Main.c:151
    for (uint32_t i = 0; i < len; i++) {
    1354:	0605                	addi	a2,a2,1
    1356:	fd1798e3          	bne	a5,a7,1326 <main+0xe2>
c:\Users\seanw\mounriver-studio-projects\earth-computar\obj/../src/Main.c:160
    tables_built = 1;
    135a:	4785                	li	a5,1
    135c:	a19c                	sb	a5,0(a1)
UpdateLookupTable():
c:\Users\seanw\mounriver-studio-projects\earth-computar\obj/../src/Main.c:171
        for (int8_t bit = 7; bit >= 0; bit--) {
    135e:	5a7d                	li	s4,-1
c:\Users\seanw\mounriver-studio-projects\earth-computar\obj/../src/Main.c:169
    for (uint32_t i = 0; i < num_bytes; i++) {
    1360:	06000a93          	li	s5,96
main():
c:\Users\seanw\mounriver-studio-projects\earth-computar\obj/../src/Main.c:375
        LowPower_Sleep( RB_PWR_RAM12K | RB_PWR_EXTEND);
    1364:	4529                	li	a0,10
    1366:	1ffff097          	auipc	ra,0x1ffff
    136a:	2e0080e7          	jalr	736(ra) # 20000646 <LowPower_Sleep>
c:\Users\seanw\mounriver-studio-projects\earth-computar\obj/../src/Main.c:383
        MCP9808_Wake();
    136e:	3d11                	jal	1182 <MCP9808_Wake>
c:\Users\seanw\mounriver-studio-projects\earth-computar\obj/../src/Main.c:384
        SleepMs(30);
    1370:	4579                	li	a0,30
    1372:	28e1                	jal	144a <SleepMs>
c:\Users\seanw\mounriver-studio-projects\earth-computar\obj/../src/Main.c:385
        uint16_t raw_temp = (SENSING_MODE ? MCP9808_ReadRawTemperature() : 0);
    1374:	3361                	jal	10fc <MCP9808_ReadRawTemperature>
    1376:	8b2a                	mv	s6,a0
c:\Users\seanw\mounriver-studio-projects\earth-computar\obj/../src/Main.c:386
        MCP9808_Sleep();
    1378:	33ed                	jal	1162 <MCP9808_Sleep>
c:\Users\seanw\mounriver-studio-projects\earth-computar\obj/../src/Main.c:387
        seq++;
    137a:	201c                	lbu	a5,0(s0)
FastUpdatePacketAndTables():
c:\Users\seanw\mounriver-studio-projects\earth-computar\obj/../src/Main.c:187
    memcpy(&message[HEADER_LEN], &raw_temp, sizeof(uint16_t));
    137c:	01699523          	sh	s6,10(s3)
    1380:	8a018613          	addi	a2,gp,-1888 # 20000ed0 <message>
main():
c:\Users\seanw\mounriver-studio-projects\earth-computar\obj/../src/Main.c:387
        seq++;
    1384:	0785                	addi	a5,a5,1
    1386:	0ff7f793          	zext.b	a5,a5
    138a:	a01c                	sb	a5,0(s0)
FastUpdatePacketAndTables():
c:\Users\seanw\mounriver-studio-projects\earth-computar\obj/../src/Main.c:184
    message[HEADER_LEN - 1] = seq;
    138c:	00f984a3          	sb	a5,9(s3)
UpdateLookupTable():
c:\Users\seanw\mounriver-studio-projects\earth-computar\obj/../src/Main.c:167
    uint32_t bit_idx = start_byte * 8; 
    1390:	04800793          	li	a5,72
c:\Users\seanw\mounriver-studio-projects\earth-computar\obj/../src/Main.c:170
        uint8_t byte = data[i];
    1394:	00964883          	lbu	a7,9(a2)
c:\Users\seanw\mounriver-studio-projects\earth-computar\obj/../src/Main.c:171
        for (int8_t bit = 7; bit >= 0; bit--) {
    1398:	00179693          	slli	a3,a5,0x1
c:\Users\seanw\mounriver-studio-projects\earth-computar\obj/../src/Main.c:170
        uint8_t byte = data[i];
    139c:	471d                	li	a4,7
c:\Users\seanw\mounriver-studio-projects\earth-computar\obj/../src/Main.c:174
            pwm_periods[bit_idx] = b ? PWM_CYC_COUNT1 : PWM_CYC_COUNT0;
    139e:	48e8d5b3          	bext	a1,a7,a4
    13a2:	eda1                	bnez	a1,13fa <main+0x1b6>
    13a4:	4525                	li	a0,9
c:\Users\seanw\mounriver-studio-projects\earth-computar\obj/../src/Main.c:175
            bit_counts[bit_idx]  = b ? edges_per_bit_f1 : edges_per_bit_f0;
    13a6:	45bd                	li	a1,15
    13a8:	00d48833          	add	a6,s1,a3
    13ac:	00a81023          	sh	a0,0(a6)
    13b0:	00d90533          	add	a0,s2,a3
    13b4:	a10e                	sh	a1,0(a0)
c:\Users\seanw\mounriver-studio-projects\earth-computar\obj/../src/Main.c:171
        for (int8_t bit = 7; bit >= 0; bit--) {
    13b6:	177d                	addi	a4,a4,-1
    13b8:	0689                	addi	a3,a3,2
    13ba:	ff4712e3          	bne	a4,s4,139e <main+0x15a>
c:\Users\seanw\mounriver-studio-projects\earth-computar\obj/../src/Main.c:176
            bit_idx++;
    13be:	07a1                	addi	a5,a5,8
c:\Users\seanw\mounriver-studio-projects\earth-computar\obj/../src/Main.c:169
    for (uint32_t i = 0; i < num_bytes; i++) {
    13c0:	0605                	addi	a2,a2,1
    13c2:	fd5799e3          	bne	a5,s5,1394 <main+0x150>
main():
c:\Users\seanw\mounriver-studio-projects\earth-computar\obj/../src/Main.c:395
        StartFSK();
    13c6:	1ffff097          	auipc	ra,0x1ffff
    13ca:	148080e7          	jalr	328(ra) # 2000050e <StartFSK>
c:\Users\seanw\mounriver-studio-projects\earth-computar\obj/../src/Main.c:397
            DelayUs(5); //Takes 100us on a 8MHz clock
    13ce:	4515                	li	a0,5
    13d0:	1ffff097          	auipc	ra,0x1ffff
    13d4:	6ba080e7          	jalr	1722(ra) # 20000a8a <mDelayuS>
c:\Users\seanw\mounriver-studio-projects\earth-computar\obj/../src/Main.c:398
            ResumeFSK();
    13d8:	1ffff097          	auipc	ra,0x1ffff
    13dc:	0ca080e7          	jalr	202(ra) # 200004a2 <ResumeFSK>
c:\Users\seanw\mounriver-studio-projects\earth-computar\obj/../src/Main.c:397
            DelayUs(5); //Takes 100us on a 8MHz clock
    13e0:	4515                	li	a0,5
    13e2:	1ffff097          	auipc	ra,0x1ffff
    13e6:	6a8080e7          	jalr	1704(ra) # 20000a8a <mDelayuS>
c:\Users\seanw\mounriver-studio-projects\earth-computar\obj/../src/Main.c:398
            ResumeFSK();
    13ea:	1ffff097          	auipc	ra,0x1ffff
    13ee:	0b8080e7          	jalr	184(ra) # 200004a2 <ResumeFSK>
c:\Users\seanw\mounriver-studio-projects\earth-computar\obj/../src/Main.c:396
        for (int i = 0; i < 2; i++) {
    13f2:	bf8d                	j	1364 <main+0x120>
BuildLookupTables():
c:\Users\seanw\mounriver-studio-projects\earth-computar\obj/../src/Main.c:155
            pwm_periods[idx] = b ? PWM_CYC_COUNT1 : PWM_CYC_COUNT0;
    13f4:	4825                	li	a6,9
c:\Users\seanw\mounriver-studio-projects\earth-computar\obj/../src/Main.c:156
            bit_counts[idx]  = b ? edges_per_bit_f1 : edges_per_bit_f0;
    13f6:	453d                	li	a0,15
    13f8:	b789                	j	133a <main+0xf6>
UpdateLookupTable():
c:\Users\seanw\mounriver-studio-projects\earth-computar\obj/../src/Main.c:174
            pwm_periods[bit_idx] = b ? PWM_CYC_COUNT1 : PWM_CYC_COUNT0;
    13fa:	451d                	li	a0,7
c:\Users\seanw\mounriver-studio-projects\earth-computar\obj/../src/Main.c:175
            bit_counts[bit_idx]  = b ? edges_per_bit_f1 : edges_per_bit_f0;
    13fc:	45c9                	li	a1,18
    13fe:	b76d                	j	13a8 <main+0x164>

00001400 <packet_hdr_template>:
packet_hdr_template():
c:\Users\seanw\mounriver-studio-projects\earth-computar\obj/../src/packet_gen.c:26
};

uint8_t *packet_hdr_template(void)
{
    return packet_hdr;
}
    1400:	20000517          	auipc	a0,0x20000
    1404:	9c450513          	addi	a0,a0,-1596 # 20000dc4 <packet_hdr>
    1408:	8082                	ret

0000140a <add_header>:
add_header():
c:\Users\seanw\mounriver-studio-projects\earth-computar\obj/../src/packet_gen.c:31

void add_header(uint8_t *packet, uint8_t seq, uint8_t *header_template)
{
    /* Copy preamble + sync word */
    for (int i = 0; i < HEADER_LEN - 2; i++) {
    140a:	4781                	li	a5,0
    140c:	4721                	li	a4,8
c:\Users\seanw\mounriver-studio-projects\earth-computar\obj/../src/packet_gen.c:32 (discriminator 3)
        packet[i] = header_template[i];
    140e:	00f606b3          	add	a3,a2,a5
    1412:	0006c803          	lbu	a6,0(a3)
    1416:	00f506b3          	add	a3,a0,a5
c:\Users\seanw\mounriver-studio-projects\earth-computar\obj/../src/packet_gen.c:31 (discriminator 3)
    for (int i = 0; i < HEADER_LEN - 2; i++) {
    141a:	0785                	addi	a5,a5,1
c:\Users\seanw\mounriver-studio-projects\earth-computar\obj/../src/packet_gen.c:32 (discriminator 3)
        packet[i] = header_template[i];
    141c:	01068023          	sb	a6,0(a3)
c:\Users\seanw\mounriver-studio-projects\earth-computar\obj/../src/packet_gen.c:31 (discriminator 3)
    for (int i = 0; i < HEADER_LEN - 2; i++) {
    1420:	fee797e3          	bne	a5,a4,140e <add_header+0x4>
c:\Users\seanw\mounriver-studio-projects\earth-computar\obj/../src/packet_gen.c:39

    /*
     * Length byte: payload data size + 1 (excludes the length byte itself
     * and optional CRC, per CC2500 datasheet p. 30).
     */
    packet[HEADER_LEN - 2] = 1 + PAYLOADSIZE;
    1424:	478d                	li	a5,3
    1426:	a51c                	sb	a5,8(a0)
c:\Users\seanw\mounriver-studio-projects\earth-computar\obj/../src/packet_gen.c:42

    /* Sequence number */
    packet[HEADER_LEN - 1] = seq;
    1428:	b50c                	sb	a1,9(a0)
c:\Users\seanw\mounriver-studio-projects\earth-computar\obj/../src/packet_gen.c:43
}
    142a:	8082                	ret

0000142c <Sleep_Init>:
Sleep_Init():
c:\Users\seanw\mounriver-studio-projects\earth-computar\obj/../src/utility.c:116

// Flag to remember if LSI has been calibrated
static uint8_t lsi_calibrated = 0;

void Sleep_Init(void)
{
    142c:	1141                	addi	sp,sp,-16
    142e:	c422                	sw	s0,8(sp)
    1430:	c606                	sw	ra,12(sp)
c:\Users\seanw\mounriver-studio-projects\earth-computar\obj/../src/utility.c:117
    if (!lsi_calibrated) {
    1432:	82018413          	addi	s0,gp,-2016 # 20000e50 <lsi_calibrated>
    1436:	201c                	lbu	a5,0(s0)
    1438:	e789                	bnez	a5,1442 <Sleep_Init+0x16>
c:\Users\seanw\mounriver-studio-projects\earth-computar\obj/../src/utility.c:119
        // Calibrate LSI oscillator (takes a few milliseconds)
        RTC_InitClock(Count_1024);
    143a:	4519                	li	a0,6
    143c:	28fd                	jal	153a <RTC_InitClock>
c:\Users\seanw\mounriver-studio-projects\earth-computar\obj/../src/utility.c:120
        lsi_calibrated = 1;
    143e:	4785                	li	a5,1
    1440:	a01c                	sb	a5,0(s0)
c:\Users\seanw\mounriver-studio-projects\earth-computar\obj/../src/utility.c:122
    }
}
    1442:	40b2                	lw	ra,12(sp)
    1444:	4422                	lw	s0,8(sp)
    1446:	0141                	addi	sp,sp,16
    1448:	8082                	ret

0000144a <SleepMs>:
SleepMs():
c:\Users\seanw\mounriver-studio-projects\earth-computar\obj/../src/utility.c:130
 * @brief Enter deep sleep (Sleep mode) and wake up after given milliseconds using RTC.
 * @param ms  Wake-up time in milliseconds (max ~1300 ms with 32kHz LSI)
 */
void SleepMs(uint32_t ms)
{
    if (ms == 0) return;
    144a:	c921                	beqz	a0,149a <SleepMs+0x50>
c:\Users\seanw\mounriver-studio-projects\earth-computar\obj/../src/utility.c:129
{
    144c:	1141                	addi	sp,sp,-16
    144e:	c422                	sw	s0,8(sp)
    1450:	c606                	sw	ra,12(sp)
c:\Users\seanw\mounriver-studio-projects\earth-computar\obj/../src/utility.c:133
    
    // Ensure LSI frequency is known
    if (!lsi_calibrated) {
    1452:	8201c783          	lbu	a5,-2016(gp) # 20000e50 <lsi_calibrated>
    1456:	842a                	mv	s0,a0
    1458:	e391                	bnez	a5,145c <SleepMs+0x12>
c:\Users\seanw\mounriver-studio-projects\earth-computar\obj/../src/utility.c:134
        Sleep_Init();
    145a:	3fc9                	jal	142c <Sleep_Init>
c:\Users\seanw\mounriver-studio-projects\earth-computar\obj/../src/utility.c:138
    }

    // Compute number of LSI cycles for the desired delay
    uint32_t cycles = (ms * Freq_LSI) / 1000;
    145c:	8241a783          	lw	a5,-2012(gp) # 20000e54 <Freq_LSI>
    1460:	02f40433          	mul	s0,s0,a5
c:\Users\seanw\mounriver-studio-projects\earth-computar\obj/../src/utility.c:141

    // Configure RTC as a one-shot wake-up timer
    RTC_TRIGFunCfg(cycles);                 // set trigger after 'cycles' LSI ticks
    1464:	3e800513          	li	a0,1000
    1468:	02a45533          	divu	a0,s0,a0
    146c:	2ac1                	jal	163c <RTC_TRIGFunCfg>
c:\Users\seanw\mounriver-studio-projects\earth-computar\obj/../src/utility.c:142
    PWR_PeriphWakeUpCfg(ENABLE, RB_SLP_RTC_WAKE, Fsys_Delay_4096);
    146e:	461d                	li	a2,7
    1470:	45a1                	li	a1,8
    1472:	4505                	li	a0,1
    1474:	2581                	jal	1ab4 <PWR_PeriphWakeUpCfg>
PFIC_EnableIRQ():
c:/Users/seanw/mounriver-studio-projects/earth-computar/RVMSIS/core_riscv.h:173
    1476:	e000e7b7          	lui	a5,0xe000e
    147a:	10000737          	lui	a4,0x10000
    147e:	10e7a023          	sw	a4,256(a5) # e000e100 <_eusrstack+0xc000b100>
SleepMs():
c:\Users\seanw\mounriver-studio-projects\earth-computar\obj/../src/utility.c:146
    PFIC_EnableIRQ(RTC_IRQn);               // enable RTC interrupt in NVIC

    // Enter deep sleep (Sleep mode). RAM retained, only RTC runs.
    LowPower_Sleep(RB_PWR_RAM12K | RB_PWR_EXTEND);
    1482:	4529                	li	a0,10
    1484:	1ffff097          	auipc	ra,0x1ffff
    1488:	1c2080e7          	jalr	450(ra) # 20000646 <LowPower_Sleep>
c:\Users\seanw\mounriver-studio-projects\earth-computar\obj/../src/utility.c:150

    // ----- Woken by RTC interrupt -----
    // Restore HSE bias current (LowPower_Sleep may have changed it)
    HSECFG_Current(HSE_RCur_100);
    148c:	4505                	li	a0,1
    148e:	2039                	jal	149c <HSECFG_Current>
c:\Users\seanw\mounriver-studio-projects\earth-computar\obj/../src/utility.c:156

    // Disable RTC wake-up and clear the trigger
    // PWR_PeriphWakeUpCfg(DISABLE, RB_SLP_RTC_WAKE, Fsys_Delay_4096);
    RTC_ModeFunDisable(RTC_TRIG_MODE);
    // PFIC_DisableIRQ(RTC_IRQn);
}
    1490:	4422                	lw	s0,8(sp)
    1492:	40b2                	lw	ra,12(sp)
c:\Users\seanw\mounriver-studio-projects\earth-computar\obj/../src/utility.c:154
    RTC_ModeFunDisable(RTC_TRIG_MODE);
    1494:	4501                	li	a0,0
c:\Users\seanw\mounriver-studio-projects\earth-computar\obj/../src/utility.c:156
}
    1496:	0141                	addi	sp,sp,16
c:\Users\seanw\mounriver-studio-projects\earth-computar\obj/../src/utility.c:154
    RTC_ModeFunDisable(RTC_TRIG_MODE);
    1498:	a431                	j	16a4 <RTC_ModeFunDisable>
    149a:	8082                	ret

0000149c <HSECFG_Current>:
HSECFG_Current():
c:\Users\seanw\mounriver-studio-projects\earth-computar\obj/../StdPeriphDriver/CH57x_clk.c:60
 */
void HSECFG_Current(HSECurrentTypeDef c)
{
    uint8_t x32M_c;

    x32M_c = R8_XT32M_TUNE;
    149c:	400017b7          	lui	a5,0x40001
    14a0:	04e7c703          	lbu	a4,78(a5) # 4000104e <_eusrstack+0x1fffe04e>
c:\Users\seanw\mounriver-studio-projects\earth-computar\obj/../StdPeriphDriver/CH57x_clk.c:61
    x32M_c = (x32M_c & 0xfc) | (c & 0x03);
    14a4:	890d                	andi	a0,a0,3
c:\Users\seanw\mounriver-studio-projects\earth-computar\obj/../StdPeriphDriver/CH57x_clk.c:57
{
    14a6:	1141                	addi	sp,sp,-16
c:\Users\seanw\mounriver-studio-projects\earth-computar\obj/../StdPeriphDriver/CH57x_clk.c:61
    x32M_c = (x32M_c & 0xfc) | (c & 0x03);
    14a8:	0fc77713          	andi	a4,a4,252
    14ac:	8f49                	or	a4,a4,a0
__risc_v_disable_irq():
c:/Users/seanw/mounriver-studio-projects/earth-computar/RVMSIS/core_riscv.h:154
    __asm volatile("csrrc %0, 0x800, %1" : \
    14ae:	08800693          	li	a3,136
    14b2:	8006b6f3          	csrrc	a3,0x800,a3
c:/Users/seanw/mounriver-studio-projects/earth-computar/RVMSIS/core_riscv.h:156
    return result & 0x88;
    14b6:	0886f693          	andi	a3,a3,136
HSECFG_Current():
c:\Users\seanw\mounriver-studio-projects\earth-computar\obj/../StdPeriphDriver/CH57x_clk.c:63

    sys_safe_access_enable();
    14ba:	c636                	sw	a3,12(sp)
    14bc:	0000100f          	fence.i
    14c0:	05700693          	li	a3,87
    14c4:	04d78023          	sb	a3,64(a5)
    14c8:	fa800693          	li	a3,-88
    14cc:	04d78023          	sb	a3,64(a5)
    14d0:	0000100f          	fence.i
c:\Users\seanw\mounriver-studio-projects\earth-computar\obj/../StdPeriphDriver/CH57x_clk.c:64
    R8_XT32M_TUNE = x32M_c;
    14d4:	04e78723          	sb	a4,78(a5)
c:\Users\seanw\mounriver-studio-projects\earth-computar\obj/../StdPeriphDriver/CH57x_clk.c:65
    sys_safe_access_disable();
    14d8:	04078023          	sb	zero,64(a5)
    14dc:	47b2                	lw	a5,12(sp)
__risc_v_enable_irq():
c:/Users/seanw/mounriver-studio-projects/earth-computar/RVMSIS/core_riscv.h:138
    __asm volatile("csrrs %0, 0x800, %1" : \
    14de:	8007a7f3          	csrrs	a5,0x800,a5
HSECFG_Current():
c:\Users\seanw\mounriver-studio-projects\earth-computar\obj/../StdPeriphDriver/CH57x_clk.c:65
    14e2:	0000100f          	fence.i
c:\Users\seanw\mounriver-studio-projects\earth-computar\obj/../StdPeriphDriver/CH57x_clk.c:66
}
    14e6:	0141                	addi	sp,sp,16
    14e8:	8082                	ret

000014ea <HSECFG_Capacitance>:
HSECFG_Capacitance():
c:\Users\seanw\mounriver-studio-projects\earth-computar\obj/../StdPeriphDriver/CH57x_clk.c:81
 */
void HSECFG_Capacitance(HSECapTypeDef c)
{
    uint8_t x32M_c;

    x32M_c = R8_XT32M_TUNE;
    14ea:	40001737          	lui	a4,0x40001
    14ee:	04e74783          	lbu	a5,78(a4) # 4000104e <_eusrstack+0x1fffe04e>
c:\Users\seanw\mounriver-studio-projects\earth-computar\obj/../StdPeriphDriver/CH57x_clk.c:82
    x32M_c = (x32M_c & 0x0f) | (c << 4);
    14f2:	0512                	slli	a0,a0,0x4
c:\Users\seanw\mounriver-studio-projects\earth-computar\obj/../StdPeriphDriver/CH57x_clk.c:78
{
    14f4:	1141                	addi	sp,sp,-16
c:\Users\seanw\mounriver-studio-projects\earth-computar\obj/../StdPeriphDriver/CH57x_clk.c:82
    x32M_c = (x32M_c & 0x0f) | (c << 4);
    14f6:	8bbd                	andi	a5,a5,15
    14f8:	8fc9                	or	a5,a5,a0
    14fa:	0ff7f793          	zext.b	a5,a5
__risc_v_disable_irq():
c:/Users/seanw/mounriver-studio-projects/earth-computar/RVMSIS/core_riscv.h:154
    __asm volatile("csrrc %0, 0x800, %1" : \
    14fe:	08800693          	li	a3,136
    1502:	8006b6f3          	csrrc	a3,0x800,a3
c:/Users/seanw/mounriver-studio-projects/earth-computar/RVMSIS/core_riscv.h:156
    return result & 0x88;
    1506:	0886f693          	andi	a3,a3,136
HSECFG_Capacitance():
c:\Users\seanw\mounriver-studio-projects\earth-computar\obj/../StdPeriphDriver/CH57x_clk.c:84

    sys_safe_access_enable();
    150a:	c636                	sw	a3,12(sp)
    150c:	0000100f          	fence.i
    1510:	05700693          	li	a3,87
    1514:	04d70023          	sb	a3,64(a4)
    1518:	fa800693          	li	a3,-88
    151c:	04d70023          	sb	a3,64(a4)
    1520:	0000100f          	fence.i
c:\Users\seanw\mounriver-studio-projects\earth-computar\obj/../StdPeriphDriver/CH57x_clk.c:85
    R8_XT32M_TUNE = x32M_c;
    1524:	04f70723          	sb	a5,78(a4)
c:\Users\seanw\mounriver-studio-projects\earth-computar\obj/../StdPeriphDriver/CH57x_clk.c:86
    sys_safe_access_disable();
    1528:	04070023          	sb	zero,64(a4)
    152c:	47b2                	lw	a5,12(sp)
__risc_v_enable_irq():
c:/Users/seanw/mounriver-studio-projects/earth-computar/RVMSIS/core_riscv.h:138
    __asm volatile("csrrs %0, 0x800, %1" : \
    152e:	8007a7f3          	csrrs	a5,0x800,a5
HSECFG_Capacitance():
c:\Users\seanw\mounriver-studio-projects\earth-computar\obj/../StdPeriphDriver/CH57x_clk.c:86
    1532:	0000100f          	fence.i
c:\Users\seanw\mounriver-studio-projects\earth-computar\obj/../StdPeriphDriver/CH57x_clk.c:87
}
    1536:	0141                	addi	sp,sp,16
    1538:	8082                	ret

0000153a <RTC_InitClock>:
RTC_InitClock():
c:\Users\seanw\mounriver-studio-projects\earth-computar\obj/../StdPeriphDriver/CH57x_clk.c:99
 * @param   cnt     - the total number of cycles captured by the oscillator
 *
 * @return  RTC时钟, 24~42KHz
 */
uint32_t RTC_InitClock(RTC_OSCCntTypeDef cnt)
{
    153a:	1101                	addi	sp,sp,-32
    153c:	ca26                	sw	s1,20(sp)
    153e:	ce06                	sw	ra,28(sp)
    1540:	cc22                	sw	s0,24(sp)
c:\Users\seanw\mounriver-studio-projects\earth-computar\obj/../StdPeriphDriver/CH57x_clk.c:106
    uint32_t cyc;
    uint32_t last_ov_cnt = 0;
    uint32_t new_ov_cnt = 0;
    uint32_t ov_cnt_ov_cnt = 0;

    if(cnt<Count_32)
    1542:	4789                	li	a5,2
c:\Users\seanw\mounriver-studio-projects\earth-computar\obj/../StdPeriphDriver/CH57x_clk.c:108
    {
        cyc = 1<<cnt;
    1544:	28a014b3          	bset	s1,zero,a0
c:\Users\seanw\mounriver-studio-projects\earth-computar\obj/../StdPeriphDriver/CH57x_clk.c:106
    if(cnt<Count_32)
    1548:	00a7f963          	bgeu	a5,a0,155a <RTC_InitClock+0x20>
c:\Users\seanw\mounriver-studio-projects\earth-computar\obj/../StdPeriphDriver/CH57x_clk.c:110
    }
    else if(cnt<Count_1024)
    154c:	4795                	li	a5,5
    154e:	0aa7ea63          	bltu	a5,a0,1602 <RTC_InitClock+0xc8>
c:\Users\seanw\mounriver-studio-projects\earth-computar\obj/../StdPeriphDriver/CH57x_clk.c:112
    {
        cyc = 1<<(cnt+2);
    1552:	00250493          	addi	s1,a0,2
    1556:	289014b3          	bset	s1,zero,s1
c:\Users\seanw\mounriver-studio-projects\earth-computar\obj/../StdPeriphDriver/CH57x_clk.c:122
    }
    else
    {
        cyc = 2047;
    }
    R16_OSC_CAL_CNT |= RB_OSC_CAL_OV_CLR | RB_OSC_CAL_IF;
    155a:	400017b7          	lui	a5,0x40001
    155e:	0507d703          	lhu	a4,80(a5) # 40001050 <_eusrstack+0x1fffe050>
    1562:	66b1                	lui	a3,0xc
    1564:	8f55                	or	a4,a4,a3
    1566:	04e79823          	sh	a4,80(a5)
__risc_v_disable_irq():
c:/Users/seanw/mounriver-studio-projects/earth-computar/RVMSIS/core_riscv.h:154
    __asm volatile("csrrc %0, 0x800, %1" : \
    156a:	08800713          	li	a4,136
    156e:	80073773          	csrrc	a4,0x800,a4
c:/Users/seanw/mounriver-studio-projects/earth-computar/RVMSIS/core_riscv.h:156
    return result & 0x88;
    1572:	08877713          	andi	a4,a4,136
RTC_InitClock():
c:\Users\seanw\mounriver-studio-projects\earth-computar\obj/../StdPeriphDriver/CH57x_clk.c:123
    sys_safe_access_enable();
    1576:	c63a                	sw	a4,12(sp)
    1578:	0000100f          	fence.i
    157c:	05700713          	li	a4,87
    1580:	04e78023          	sb	a4,64(a5)
    1584:	fa800713          	li	a4,-88
    1588:	04e78023          	sb	a4,64(a5)
    158c:	0000100f          	fence.i
c:\Users\seanw\mounriver-studio-projects\earth-computar\obj/../StdPeriphDriver/CH57x_clk.c:124
    R8_OSC_CAL_CTRL |= RB_CNT_CLR;
    1590:	0537c703          	lbu	a4,83(a5)
c:\Users\seanw\mounriver-studio-projects\earth-computar\obj/../StdPeriphDriver/CH57x_clk.c:125
    R8_OSC_CAL_CTRL = cnt;
    1594:	0ff57513          	zext.b	a0,a0
c:\Users\seanw\mounriver-studio-projects\earth-computar\obj/../StdPeriphDriver/CH57x_clk.c:124
    R8_OSC_CAL_CTRL |= RB_CNT_CLR;
    1598:	08076713          	ori	a4,a4,128
    159c:	04e789a3          	sb	a4,83(a5)
c:\Users\seanw\mounriver-studio-projects\earth-computar\obj/../StdPeriphDriver/CH57x_clk.c:125
    R8_OSC_CAL_CTRL = cnt;
    15a0:	04a789a3          	sb	a0,83(a5)
c:\Users\seanw\mounriver-studio-projects\earth-computar\obj/../StdPeriphDriver/CH57x_clk.c:126
    R8_OSC_CAL_CTRL |= RB_OSC_CNT_EN;
    15a4:	0537c703          	lbu	a4,83(a5)
    15a8:	02076713          	ori	a4,a4,32
    15ac:	04e789a3          	sb	a4,83(a5)
c:\Users\seanw\mounriver-studio-projects\earth-computar\obj/../StdPeriphDriver/CH57x_clk.c:127
    sys_safe_access_disable();
    15b0:	04078023          	sb	zero,64(a5)
    15b4:	47b2                	lw	a5,12(sp)
__risc_v_enable_irq():
c:/Users/seanw/mounriver-studio-projects/earth-computar/RVMSIS/core_riscv.h:138
    __asm volatile("csrrs %0, 0x800, %1" : \
    15b6:	8007a7f3          	csrrs	a5,0x800,a5
RTC_InitClock():
c:\Users\seanw\mounriver-studio-projects\earth-computar\obj/../StdPeriphDriver/CH57x_clk.c:127
    15ba:	0000100f          	fence.i
c:\Users\seanw\mounriver-studio-projects\earth-computar\obj/../StdPeriphDriver/CH57x_clk.c:104
    uint32_t ov_cnt_ov_cnt = 0;
    15be:	4781                	li	a5,0
c:\Users\seanw\mounriver-studio-projects\earth-computar\obj/../StdPeriphDriver/CH57x_clk.c:102
    uint32_t last_ov_cnt = 0;
    15c0:	4601                	li	a2,0
c:\Users\seanw\mounriver-studio-projects\earth-computar\obj/../StdPeriphDriver/CH57x_clk.c:128
    while(!(R16_OSC_CAL_CNT&RB_OSC_CAL_IF))
    15c2:	400016b7          	lui	a3,0x40001
    15c6:	0506d703          	lhu	a4,80(a3) # 40001050 <_eusrstack+0x1fffe050>
    15ca:	60571713          	sext.h	a4,a4
    15ce:	04075263          	bgez	a4,1612 <RTC_InitClock+0xd8>
c:\Users\seanw\mounriver-studio-projects\earth-computar\obj/../StdPeriphDriver/CH57x_clk.c:137
        {
            ov_cnt_ov_cnt++;
        }
        last_ov_cnt = new_ov_cnt;
    }
    count = ((uint32_t)R16_OSC_CAL_CNT&RB_OSC_CAL_CNT) + ((uint32_t)R8_OSC_CAL_OV_CNT+ov_cnt_ov_cnt*256)*16384;
    15d2:	0506d703          	lhu	a4,80(a3)
    15d6:	0526c683          	lbu	a3,82(a3)
    15da:	00879413          	slli	s0,a5,0x8
    15de:	01271793          	slli	a5,a4,0x12
    15e2:	9436                	add	s0,s0,a3
    15e4:	83c9                	srli	a5,a5,0x12
    15e6:	043a                	slli	s0,s0,0xe
    15e8:	943e                	add	s0,s0,a5
c:\Users\seanw\mounriver-studio-projects\earth-computar\obj/../StdPeriphDriver/CH57x_clk.c:138
    Freq_LSI = GetSysClock()/(count/cyc);
    15ea:	2b45                	jal	1b9a <GetSysClock>
    15ec:	02945433          	divu	s0,s0,s1
c:\Users\seanw\mounriver-studio-projects\earth-computar\obj/../StdPeriphDriver/CH57x_clk.c:140
    return Freq_LSI;
}
    15f0:	40f2                	lw	ra,28(sp)
    15f2:	44d2                	lw	s1,20(sp)
c:\Users\seanw\mounriver-studio-projects\earth-computar\obj/../StdPeriphDriver/CH57x_clk.c:138
    Freq_LSI = GetSysClock()/(count/cyc);
    15f4:	02855533          	divu	a0,a0,s0
c:\Users\seanw\mounriver-studio-projects\earth-computar\obj/../StdPeriphDriver/CH57x_clk.c:140
}
    15f8:	4462                	lw	s0,24(sp)
c:\Users\seanw\mounriver-studio-projects\earth-computar\obj/../StdPeriphDriver/CH57x_clk.c:138
    Freq_LSI = GetSysClock()/(count/cyc);
    15fa:	82a1a223          	sw	a0,-2012(gp) # 20000e54 <Freq_LSI>
c:\Users\seanw\mounriver-studio-projects\earth-computar\obj/../StdPeriphDriver/CH57x_clk.c:140
}
    15fe:	6105                	addi	sp,sp,32
    1600:	8082                	ret
c:\Users\seanw\mounriver-studio-projects\earth-computar\obj/../StdPeriphDriver/CH57x_clk.c:114
    else if(cnt<Count_2047)
    1602:	4799                	li	a5,6
c:\Users\seanw\mounriver-studio-projects\earth-computar\obj/../StdPeriphDriver/CH57x_clk.c:116
        cyc = 1024;
    1604:	40000493          	li	s1,1024
c:\Users\seanw\mounriver-studio-projects\earth-computar\obj/../StdPeriphDriver/CH57x_clk.c:114
    else if(cnt<Count_2047)
    1608:	f4f509e3          	beq	a0,a5,155a <RTC_InitClock+0x20>
c:\Users\seanw\mounriver-studio-projects\earth-computar\obj/../StdPeriphDriver/CH57x_clk.c:120
        cyc = 2047;
    160c:	7ff00493          	li	s1,2047
    1610:	b7a9                	j	155a <RTC_InitClock+0x20>
c:\Users\seanw\mounriver-studio-projects\earth-computar\obj/../StdPeriphDriver/CH57x_clk.c:130
        new_ov_cnt = R8_OSC_CAL_OV_CNT;
    1612:	0526c703          	lbu	a4,82(a3)
    1616:	0ff77593          	zext.b	a1,a4
c:\Users\seanw\mounriver-studio-projects\earth-computar\obj/../StdPeriphDriver/CH57x_clk.c:131
        if(new_ov_cnt<last_ov_cnt)
    161a:	00c77363          	bgeu	a4,a2,1620 <RTC_InitClock+0xe6>
c:\Users\seanw\mounriver-studio-projects\earth-computar\obj/../StdPeriphDriver/CH57x_clk.c:133
            ov_cnt_ov_cnt++;
    161e:	0785                	addi	a5,a5,1
c:\Users\seanw\mounriver-studio-projects\earth-computar\obj/../StdPeriphDriver/CH57x_clk.c:120
        cyc = 2047;
    1620:	862e                	mv	a2,a1
    1622:	b755                	j	15c6 <RTC_InitClock+0x8c>

00001624 <RTC_GetCycleLSI>:
RTC_GetCycleLSI():
c:\Users\seanw\mounriver-studio-projects\earth-computar\obj/../StdPeriphDriver/CH57x_clk.c:348
 * @param   none
 *
 * @return  当前周期数，MAX_CYC = 0xA8BFFFFF = 2831155199
 */
uint32_t RTC_GetCycleLSI(void)
{
    1624:	1141                	addi	sp,sp,-16
c:\Users\seanw\mounriver-studio-projects\earth-computar\obj/../StdPeriphDriver/CH57x_clk.c:353
    volatile uint32_t i;

    do
    {
        i = R32_RTC_CNT_LSI;
    1626:	400017b7          	lui	a5,0x40001
c:\Users\seanw\mounriver-studio-projects\earth-computar\obj/../StdPeriphDriver/CH57x_clk.c:353 (discriminator 1)
    162a:	5f98                	lw	a4,56(a5)
    162c:	c63a                	sw	a4,12(sp)
c:\Users\seanw\mounriver-studio-projects\earth-computar\obj/../StdPeriphDriver/CH57x_clk.c:354 (discriminator 1)
    } while(i != R32_RTC_CNT_LSI);
    162e:	5f94                	lw	a3,56(a5)
    1630:	4732                	lw	a4,12(sp)
    1632:	fee69ce3          	bne	a3,a4,162a <RTC_GetCycleLSI+0x6>
c:\Users\seanw\mounriver-studio-projects\earth-computar\obj/../StdPeriphDriver/CH57x_clk.c:356

    return (i);
    1636:	4532                	lw	a0,12(sp)
c:\Users\seanw\mounriver-studio-projects\earth-computar\obj/../StdPeriphDriver/CH57x_clk.c:357
}
    1638:	0141                	addi	sp,sp,16
    163a:	8082                	ret

0000163c <RTC_TRIGFunCfg>:
RTC_TRIGFunCfg():
c:\Users\seanw\mounriver-studio-projects\earth-computar\obj/../StdPeriphDriver/CH57x_clk.c:388
 * @param   cyc - 相对当前时间的触发间隔时间，基于LSI时钟周期数
 *
 * @return  none
 */
void RTC_TRIGFunCfg(uint32_t cyc)
{
    163c:	1101                	addi	sp,sp,-32
    163e:	cc22                	sw	s0,24(sp)
    1640:	ce06                	sw	ra,28(sp)
    1642:	842a                	mv	s0,a0
c:\Users\seanw\mounriver-studio-projects\earth-computar\obj/../StdPeriphDriver/CH57x_clk.c:391
    uint32_t t;

    t = RTC_GetCycleLSI() + cyc;
    1644:	37c5                	jal	1624 <RTC_GetCycleLSI>
    1646:	9522                	add	a0,a0,s0
c:\Users\seanw\mounriver-studio-projects\earth-computar\obj/../StdPeriphDriver/CH57x_clk.c:392
    if(t > RTC_MAX_COUNT)
    1648:	a8c007b7          	lui	a5,0xa8c00
    164c:	00a7f563          	bgeu	a5,a0,1656 <RTC_TRIGFunCfg+0x1a>
c:\Users\seanw\mounriver-studio-projects\earth-computar\obj/../StdPeriphDriver/CH57x_clk.c:394
    {
        t -= RTC_MAX_COUNT;
    1650:	574007b7          	lui	a5,0x57400
    1654:	953e                	add	a0,a0,a5
__risc_v_disable_irq():
c:/Users/seanw/mounriver-studio-projects/earth-computar/RVMSIS/core_riscv.h:154
    __asm volatile("csrrc %0, 0x800, %1" : \
    1656:	08800793          	li	a5,136
    165a:	8007b7f3          	csrrc	a5,0x800,a5
c:/Users/seanw/mounriver-studio-projects/earth-computar/RVMSIS/core_riscv.h:156
    return result & 0x88;
    165e:	0887f793          	andi	a5,a5,136
RTC_TRIGFunCfg():
c:\Users\seanw\mounriver-studio-projects\earth-computar\obj/../StdPeriphDriver/CH57x_clk.c:397
    }

    sys_safe_access_enable();
    1662:	c63e                	sw	a5,12(sp)
    1664:	0000100f          	fence.i
    1668:	400017b7          	lui	a5,0x40001
    166c:	05700713          	li	a4,87
    1670:	04e78023          	sb	a4,64(a5) # 40001040 <_eusrstack+0x1fffe040>
    1674:	fa800713          	li	a4,-88
    1678:	04e78023          	sb	a4,64(a5)
    167c:	0000100f          	fence.i
c:\Users\seanw\mounriver-studio-projects\earth-computar\obj/../StdPeriphDriver/CH57x_clk.c:398
    R32_RTC_TRIG = t;
    1680:	dbc8                	sw	a0,52(a5)
c:\Users\seanw\mounriver-studio-projects\earth-computar\obj/../StdPeriphDriver/CH57x_clk.c:399
    R8_RTC_MODE_CTRL |= RB_RTC_TRIG_EN;
    1682:	0317c703          	lbu	a4,49(a5)
    1686:	02076713          	ori	a4,a4,32
    168a:	02e788a3          	sb	a4,49(a5)
c:\Users\seanw\mounriver-studio-projects\earth-computar\obj/../StdPeriphDriver/CH57x_clk.c:400
    sys_safe_access_disable();
    168e:	04078023          	sb	zero,64(a5)
    1692:	47b2                	lw	a5,12(sp)
__risc_v_enable_irq():
c:/Users/seanw/mounriver-studio-projects/earth-computar/RVMSIS/core_riscv.h:138
    __asm volatile("csrrs %0, 0x800, %1" : \
    1694:	8007a7f3          	csrrs	a5,0x800,a5
RTC_TRIGFunCfg():
c:\Users\seanw\mounriver-studio-projects\earth-computar\obj/../StdPeriphDriver/CH57x_clk.c:400
    1698:	0000100f          	fence.i
c:\Users\seanw\mounriver-studio-projects\earth-computar\obj/../StdPeriphDriver/CH57x_clk.c:401
}
    169c:	40f2                	lw	ra,28(sp)
    169e:	4462                	lw	s0,24(sp)
    16a0:	6105                	addi	sp,sp,32
    16a2:	8082                	ret

000016a4 <RTC_ModeFunDisable>:
RTC_ModeFunDisable():
c:\Users\seanw\mounriver-studio-projects\earth-computar\obj/../StdPeriphDriver/CH57x_clk.c:413
 * @param   m   - 需要关闭的当前模式
 *
 * @return  none
 */
void RTC_ModeFunDisable(RTC_MODETypeDef m)
{
    16a4:	1141                	addi	sp,sp,-16
    16a6:	02000713          	li	a4,32
c:\Users\seanw\mounriver-studio-projects\earth-computar\obj/../StdPeriphDriver/CH57x_clk.c:416
    uint8_t i = 0;

    if(m == RTC_TRIG_MODE)
    16aa:	c511                	beqz	a0,16b6 <RTC_ModeFunDisable+0x12>
c:\Users\seanw\mounriver-studio-projects\earth-computar\obj/../StdPeriphDriver/CH57x_clk.c:420
    {
        i |= RB_RTC_TRIG_EN;
    }
    else if(m == RTC_TMR_MODE)
    16ac:	157d                	addi	a0,a0,-1
    16ae:	00153513          	seqz	a0,a0
    16b2:	00451713          	slli	a4,a0,0x4
__risc_v_disable_irq():
c:/Users/seanw/mounriver-studio-projects/earth-computar/RVMSIS/core_riscv.h:154
    __asm volatile("csrrc %0, 0x800, %1" : \
    16b6:	08800793          	li	a5,136
    16ba:	8007b7f3          	csrrc	a5,0x800,a5
c:/Users/seanw/mounriver-studio-projects/earth-computar/RVMSIS/core_riscv.h:156
    return result & 0x88;
    16be:	0887f793          	andi	a5,a5,136
RTC_ModeFunDisable():
c:\Users\seanw\mounriver-studio-projects\earth-computar\obj/../StdPeriphDriver/CH57x_clk.c:425
    {
        i |= RB_RTC_TMR_EN;
    }

    sys_safe_access_enable();
    16c2:	c63e                	sw	a5,12(sp)
    16c4:	0000100f          	fence.i
    16c8:	400017b7          	lui	a5,0x40001
    16cc:	05700693          	li	a3,87
    16d0:	04d78023          	sb	a3,64(a5) # 40001040 <_eusrstack+0x1fffe040>
    16d4:	fa800693          	li	a3,-88
    16d8:	04d78023          	sb	a3,64(a5)
    16dc:	0000100f          	fence.i
c:\Users\seanw\mounriver-studio-projects\earth-computar\obj/../StdPeriphDriver/CH57x_clk.c:426
    R8_RTC_MODE_CTRL &= ~(i);
    16e0:	0317c683          	lbu	a3,49(a5)
    16e4:	40e6f733          	andn	a4,a3,a4
    16e8:	02e788a3          	sb	a4,49(a5)
c:\Users\seanw\mounriver-studio-projects\earth-computar\obj/../StdPeriphDriver/CH57x_clk.c:427
    sys_safe_access_disable();
    16ec:	04078023          	sb	zero,64(a5)
    16f0:	47b2                	lw	a5,12(sp)
__risc_v_enable_irq():
c:/Users/seanw/mounriver-studio-projects/earth-computar/RVMSIS/core_riscv.h:138
    __asm volatile("csrrs %0, 0x800, %1" : \
    16f2:	8007a7f3          	csrrs	a5,0x800,a5
RTC_ModeFunDisable():
c:\Users\seanw\mounriver-studio-projects\earth-computar\obj/../StdPeriphDriver/CH57x_clk.c:427
    16f6:	0000100f          	fence.i
c:\Users\seanw\mounriver-studio-projects\earth-computar\obj/../StdPeriphDriver/CH57x_clk.c:428
}
    16fa:	0141                	addi	sp,sp,16
    16fc:	8082                	ret

000016fe <RTC_GetITFlag>:
RTC_GetITFlag():
c:\Users\seanw\mounriver-studio-projects\earth-computar\obj/../StdPeriphDriver/CH57x_clk.c:443
 */
uint8_t RTC_GetITFlag(RTC_EVENTTypeDef f)
{
    if(f == RTC_TRIG_EVENT)
    {
        return (R8_RTC_FLAG_CTRL & RB_RTC_TRIG_FLAG);
    16fe:	400017b7          	lui	a5,0x40001
c:\Users\seanw\mounriver-studio-projects\earth-computar\obj/../StdPeriphDriver/CH57x_clk.c:441
    if(f == RTC_TRIG_EVENT)
    1702:	e511                	bnez	a0,170e <RTC_GetITFlag+0x10>
c:\Users\seanw\mounriver-studio-projects\earth-computar\obj/../StdPeriphDriver/CH57x_clk.c:443
        return (R8_RTC_FLAG_CTRL & RB_RTC_TRIG_FLAG);
    1704:	0307c503          	lbu	a0,48(a5) # 40001030 <_eusrstack+0x1fffe030>
    1708:	08057513          	andi	a0,a0,128
    170c:	8082                	ret
c:\Users\seanw\mounriver-studio-projects\earth-computar\obj/../StdPeriphDriver/CH57x_clk.c:447
    }
    else
    {
        return (R8_RTC_FLAG_CTRL & RB_RTC_TMR_FLAG);
    170e:	0307c503          	lbu	a0,48(a5)
    1712:	04057513          	andi	a0,a0,64
c:\Users\seanw\mounriver-studio-projects\earth-computar\obj/../StdPeriphDriver/CH57x_clk.c:449
    }
}
    1716:	8082                	ret

00001718 <RTC_ClearITFlag>:
RTC_ClearITFlag():
c:\Users\seanw\mounriver-studio-projects\earth-computar\obj/../StdPeriphDriver/CH57x_clk.c:462
 *
 * @return  none
 */
void RTC_ClearITFlag(RTC_EVENTTypeDef f)
{
    switch(f)
    1718:	c509                	beqz	a0,1722 <RTC_ClearITFlag+0xa>
    171a:	4785                	li	a5,1
    171c:	00f50a63          	beq	a0,a5,1730 <RTC_ClearITFlag+0x18>
    1720:	8082                	ret
c:\Users\seanw\mounriver-studio-projects\earth-computar\obj/../StdPeriphDriver/CH57x_clk.c:465
    {
        case RTC_TRIG_EVENT:
            R8_RTC_FLAG_CTRL = RB_RTC_TRIG_CLR;
    1722:	400017b7          	lui	a5,0x40001
    1726:	02000713          	li	a4,32
c:\Users\seanw\mounriver-studio-projects\earth-computar\obj/../StdPeriphDriver/CH57x_clk.c:468
            break;
        case RTC_TMR_EVENT:
            R8_RTC_FLAG_CTRL = RB_RTC_TMR_CLR;
    172a:	02e78823          	sb	a4,48(a5) # 40001030 <_eusrstack+0x1fffe030>
c:\Users\seanw\mounriver-studio-projects\earth-computar\obj/../StdPeriphDriver/CH57x_clk.c:473
            break;
        default:
            break;
    }
}
    172e:	8082                	ret
c:\Users\seanw\mounriver-studio-projects\earth-computar\obj/../StdPeriphDriver/CH57x_clk.c:468
            R8_RTC_FLAG_CTRL = RB_RTC_TMR_CLR;
    1730:	400017b7          	lui	a5,0x40001
    1734:	4741                	li	a4,16
    1736:	bfd5                	j	172a <RTC_ClearITFlag+0x12>

00001738 <GPIOA_ModeCfg>:
GPIOA_ModeCfg():
c:\Users\seanw\mounriver-studio-projects\earth-computar\obj/../StdPeriphDriver/CH57x_gpio.c:27
 *
 * @return  none
 */
void GPIOA_ModeCfg(uint32_t pin, GPIOModeTypeDef mode)
{
    switch(mode)
    1738:	4791                	li	a5,4
    173a:	04b7ec63          	bltu	a5,a1,1792 <GPIOA_ModeCfg+0x5a>
    173e:	00001797          	auipc	a5,0x1
    1742:	7e678793          	addi	a5,a5,2022 # 2f24 <_read+0x3a>
    1746:	20f5c5b3          	sh2add	a1,a1,a5
    174a:	4198                	lw	a4,0(a1)
    174c:	973e                	add	a4,a4,a5
    174e:	400017b7          	lui	a5,0x40001
    1752:	0b478793          	addi	a5,a5,180 # 400010b4 <_eusrstack+0x1fffe0b4>
    1756:	8702                	jr	a4
c:\Users\seanw\mounriver-studio-projects\earth-computar\obj/../StdPeriphDriver/CH57x_gpio.c:30
    {
        case GPIO_ModeIN_Floating:
            R32_PA_PD_DRV &= ~pin;
    1758:	4394                	lw	a3,0(a5)
    175a:	40001737          	lui	a4,0x40001
    175e:	40a6f6b3          	andn	a3,a3,a0
c:\Users\seanw\mounriver-studio-projects\earth-computar\obj/../StdPeriphDriver/CH57x_gpio.c:42
            R32_PA_PU |= pin;
            R32_PA_DIR &= ~pin;
            break;

        case GPIO_ModeIN_PD:
            R32_PA_PD_DRV |= pin;
    1762:	c394                	sw	a3,0(a5)
c:\Users\seanw\mounriver-studio-projects\earth-computar\obj/../StdPeriphDriver/CH57x_gpio.c:43
            R32_PA_PU &= ~pin;
    1764:	0b070693          	addi	a3,a4,176 # 400010b0 <_eusrstack+0x1fffe0b0>
    1768:	429c                	lw	a5,0(a3)
    176a:	40a7f7b3          	andn	a5,a5,a0
    176e:	a819                	j	1784 <GPIOA_ModeCfg+0x4c>
c:\Users\seanw\mounriver-studio-projects\earth-computar\obj/../StdPeriphDriver/CH57x_gpio.c:36
            R32_PA_PD_DRV &= ~pin;
    1770:	4394                	lw	a3,0(a5)
    1772:	40001737          	lui	a4,0x40001
    1776:	40a6f6b3          	andn	a3,a3,a0
    177a:	c394                	sw	a3,0(a5)
c:\Users\seanw\mounriver-studio-projects\earth-computar\obj/../StdPeriphDriver/CH57x_gpio.c:37
            R32_PA_PU |= pin;
    177c:	0b070693          	addi	a3,a4,176 # 400010b0 <_eusrstack+0x1fffe0b0>
    1780:	429c                	lw	a5,0(a3)
    1782:	8fc9                	or	a5,a5,a0
c:\Users\seanw\mounriver-studio-projects\earth-computar\obj/../StdPeriphDriver/CH57x_gpio.c:43
            R32_PA_PU &= ~pin;
    1784:	c29c                	sw	a5,0(a3)
c:\Users\seanw\mounriver-studio-projects\earth-computar\obj/../StdPeriphDriver/CH57x_gpio.c:44
            R32_PA_DIR &= ~pin;
    1786:	0a070793          	addi	a5,a4,160
    178a:	4398                	lw	a4,0(a5)
    178c:	40a77733          	andn	a4,a4,a0
c:\Users\seanw\mounriver-studio-projects\earth-computar\obj/../StdPeriphDriver/CH57x_gpio.c:54
            R32_PA_DIR |= pin;
            break;

        case GPIO_ModeOut_PP_20mA:
            R32_PA_PD_DRV |= pin;
            R32_PA_DIR |= pin;
    1790:	c398                	sw	a4,0(a5)
c:\Users\seanw\mounriver-studio-projects\earth-computar\obj/../StdPeriphDriver/CH57x_gpio.c:60
            break;

        default:
            break;
    }
}
    1792:	8082                	ret
c:\Users\seanw\mounriver-studio-projects\earth-computar\obj/../StdPeriphDriver/CH57x_gpio.c:42
            R32_PA_PD_DRV |= pin;
    1794:	4394                	lw	a3,0(a5)
    1796:	40001737          	lui	a4,0x40001
    179a:	8ec9                	or	a3,a3,a0
    179c:	b7d9                	j	1762 <GPIOA_ModeCfg+0x2a>
c:\Users\seanw\mounriver-studio-projects\earth-computar\obj/../StdPeriphDriver/CH57x_gpio.c:48
            R32_PA_PD_DRV &= ~pin;
    179e:	4398                	lw	a4,0(a5)
    17a0:	40a77733          	andn	a4,a4,a0
c:\Users\seanw\mounriver-studio-projects\earth-computar\obj/../StdPeriphDriver/CH57x_gpio.c:53
            R32_PA_PD_DRV |= pin;
    17a4:	c398                	sw	a4,0(a5)
c:\Users\seanw\mounriver-studio-projects\earth-computar\obj/../StdPeriphDriver/CH57x_gpio.c:54
            R32_PA_DIR |= pin;
    17a6:	400017b7          	lui	a5,0x40001
    17aa:	0a078793          	addi	a5,a5,160 # 400010a0 <_eusrstack+0x1fffe0a0>
    17ae:	4398                	lw	a4,0(a5)
    17b0:	8f49                	or	a4,a4,a0
    17b2:	bff9                	j	1790 <GPIOA_ModeCfg+0x58>
c:\Users\seanw\mounriver-studio-projects\earth-computar\obj/../StdPeriphDriver/CH57x_gpio.c:53
            R32_PA_PD_DRV |= pin;
    17b4:	4398                	lw	a4,0(a5)
    17b6:	8f49                	or	a4,a4,a0
    17b8:	b7f5                	j	17a4 <GPIOA_ModeCfg+0x6c>

000017ba <GPIOA_ITModeCfg>:
GPIOA_ITModeCfg():
c:\Users\seanw\mounriver-studio-projects\earth-computar\obj/../StdPeriphDriver/CH57x_gpio.c:74
 *
 * @return  none
 */
void GPIOA_ITModeCfg(uint32_t pin, GPIOITModeTpDef mode)
{
    switch(mode)
    17ba:	4789                	li	a5,2
c:\Users\seanw\mounriver-studio-projects\earth-computar\obj/../StdPeriphDriver/CH57x_gpio.c:77
    {
        case GPIO_ITMode_LowLevel: // 低电平触发
            R16_PA_INT_MODE &= ~pin;
    17bc:	08054733          	zext.h	a4,a0
c:\Users\seanw\mounriver-studio-projects\earth-computar\obj/../StdPeriphDriver/CH57x_gpio.c:74
    switch(mode)
    17c0:	04f58b63          	beq	a1,a5,1816 <GPIOA_ITModeCfg+0x5c>
    17c4:	02b7e263          	bltu	a5,a1,17e8 <GPIOA_ITModeCfg+0x2e>
    17c8:	fff74613          	not	a2,a4
    17cc:	e99d                	bnez	a1,1802 <GPIOA_ITModeCfg+0x48>
c:\Users\seanw\mounriver-studio-projects\earth-computar\obj/../StdPeriphDriver/CH57x_gpio.c:77
            R16_PA_INT_MODE &= ~pin;
    17ce:	400017b7          	lui	a5,0x40001
    17d2:	0947d683          	lhu	a3,148(a5) # 40001094 <_eusrstack+0x1fffe094>
    17d6:	8ef1                	and	a3,a3,a2
c:\Users\seanw\mounriver-studio-projects\earth-computar\obj/../StdPeriphDriver/CH57x_gpio.c:87
            R16_PA_INT_MODE &= ~pin;
            R32_PA_OUT |= pin;
            break;

        case GPIO_ITMode_FallEdge: // 下降沿触发
            R16_PA_INT_MODE |= pin;
    17d8:	08d79a23          	sh	a3,148(a5)
c:\Users\seanw\mounriver-studio-projects\earth-computar\obj/../StdPeriphDriver/CH57x_gpio.c:88
            R32_PA_CLR |= pin;
    17dc:	0ac78793          	addi	a5,a5,172
c:\Users\seanw\mounriver-studio-projects\earth-computar\obj/../StdPeriphDriver/CH57x_gpio.c:93
            break;

        case GPIO_ITMode_RiseEdge: // 上升沿触发
            R16_PA_INT_MODE |= pin;
            R32_PA_OUT |= pin;
    17e0:	4394                	lw	a3,0(a5)
    17e2:	8ec9                	or	a3,a3,a0
    17e4:	c394                	sw	a3,0(a5)
c:\Users\seanw\mounriver-studio-projects\earth-computar\obj/../StdPeriphDriver/CH57x_gpio.c:94
            break;
    17e6:	a021                	j	17ee <GPIOA_ITModeCfg+0x34>
c:\Users\seanw\mounriver-studio-projects\earth-computar\obj/../StdPeriphDriver/CH57x_gpio.c:74
    switch(mode)
    17e8:	478d                	li	a5,3
    17ea:	02f58c63          	beq	a1,a5,1822 <GPIOA_ITModeCfg+0x68>
c:\Users\seanw\mounriver-studio-projects\earth-computar\obj/../StdPeriphDriver/CH57x_gpio.c:99

        default:
            break;
    }
    R16_PA_INT_IF = pin;
    17ee:	400017b7          	lui	a5,0x40001
    17f2:	08e79e23          	sh	a4,156(a5) # 4000109c <_eusrstack+0x1fffe09c>
c:\Users\seanw\mounriver-studio-projects\earth-computar\obj/../StdPeriphDriver/CH57x_gpio.c:100
    R16_PA_INT_EN |= pin;
    17f6:	0907d683          	lhu	a3,144(a5)
    17fa:	8f55                	or	a4,a4,a3
    17fc:	08e79823          	sh	a4,144(a5)
c:\Users\seanw\mounriver-studio-projects\earth-computar\obj/../StdPeriphDriver/CH57x_gpio.c:101
}
    1800:	8082                	ret
c:\Users\seanw\mounriver-studio-projects\earth-computar\obj/../StdPeriphDriver/CH57x_gpio.c:82
            R16_PA_INT_MODE &= ~pin;
    1802:	400017b7          	lui	a5,0x40001
    1806:	0947d683          	lhu	a3,148(a5) # 40001094 <_eusrstack+0x1fffe094>
    180a:	8ef1                	and	a3,a3,a2
c:\Users\seanw\mounriver-studio-projects\earth-computar\obj/../StdPeriphDriver/CH57x_gpio.c:92
            R16_PA_INT_MODE |= pin;
    180c:	08d79a23          	sh	a3,148(a5)
c:\Users\seanw\mounriver-studio-projects\earth-computar\obj/../StdPeriphDriver/CH57x_gpio.c:93
            R32_PA_OUT |= pin;
    1810:	0a878793          	addi	a5,a5,168
    1814:	b7f1                	j	17e0 <GPIOA_ITModeCfg+0x26>
c:\Users\seanw\mounriver-studio-projects\earth-computar\obj/../StdPeriphDriver/CH57x_gpio.c:87
            R16_PA_INT_MODE |= pin;
    1816:	400017b7          	lui	a5,0x40001
    181a:	0947d683          	lhu	a3,148(a5) # 40001094 <_eusrstack+0x1fffe094>
    181e:	8ed9                	or	a3,a3,a4
    1820:	bf65                	j	17d8 <GPIOA_ITModeCfg+0x1e>
c:\Users\seanw\mounriver-studio-projects\earth-computar\obj/../StdPeriphDriver/CH57x_gpio.c:92
            R16_PA_INT_MODE |= pin;
    1822:	400017b7          	lui	a5,0x40001
    1826:	0947d683          	lhu	a3,148(a5) # 40001094 <_eusrstack+0x1fffe094>
    182a:	8ed9                	or	a3,a3,a4
    182c:	b7c5                	j	180c <GPIOA_ITModeCfg+0x52>

0000182e <I2C_GenerateSTART>:
I2C_GenerateSTART():
c:\Users\seanw\mounriver-studio-projects\earth-computar\obj/../StdPeriphDriver/CH57x_i2c.c:117
 * @return  none
 */
void I2C_GenerateSTART(FunctionalState NewState)
{
    if(NewState != DISABLE)
        R16_I2C_CTRL1 |= RB_I2C_START;
    182e:	40005737          	lui	a4,0x40005
    1832:	80075783          	lhu	a5,-2048(a4) # 40004800 <_eusrstack+0x20001800>
c:\Users\seanw\mounriver-studio-projects\earth-computar\obj/../StdPeriphDriver/CH57x_i2c.c:116
    if(NewState != DISABLE)
    1836:	c511                	beqz	a0,1842 <I2C_GenerateSTART+0x14>
c:\Users\seanw\mounriver-studio-projects\earth-computar\obj/../StdPeriphDriver/CH57x_i2c.c:117
        R16_I2C_CTRL1 |= RB_I2C_START;
    1838:	1007e793          	ori	a5,a5,256
c:\Users\seanw\mounriver-studio-projects\earth-computar\obj/../StdPeriphDriver/CH57x_i2c.c:119
    else
        R16_I2C_CTRL1 &= ~RB_I2C_START;
    183c:	80f71023          	sh	a5,-2048(a4)
c:\Users\seanw\mounriver-studio-projects\earth-computar\obj/../StdPeriphDriver/CH57x_i2c.c:120
}
    1840:	8082                	ret
c:\Users\seanw\mounriver-studio-projects\earth-computar\obj/../StdPeriphDriver/CH57x_i2c.c:119
        R16_I2C_CTRL1 &= ~RB_I2C_START;
    1842:	0807c7b3          	zext.h	a5,a5
    1846:	eff7f793          	andi	a5,a5,-257
    184a:	0807c7b3          	zext.h	a5,a5
    184e:	b7fd                	j	183c <I2C_GenerateSTART+0xe>

00001850 <I2C_GenerateSTOP>:
I2C_GenerateSTOP():
c:\Users\seanw\mounriver-studio-projects\earth-computar\obj/../StdPeriphDriver/CH57x_i2c.c:134
 * @return  none
 */
void I2C_GenerateSTOP(FunctionalState NewState)
{
    if(NewState != DISABLE)
        R16_I2C_CTRL1 |= RB_I2C_STOP;
    1850:	40005737          	lui	a4,0x40005
    1854:	80075783          	lhu	a5,-2048(a4) # 40004800 <_eusrstack+0x20001800>
c:\Users\seanw\mounriver-studio-projects\earth-computar\obj/../StdPeriphDriver/CH57x_i2c.c:133
    if(NewState != DISABLE)
    1858:	c511                	beqz	a0,1864 <I2C_GenerateSTOP+0x14>
c:\Users\seanw\mounriver-studio-projects\earth-computar\obj/../StdPeriphDriver/CH57x_i2c.c:134
        R16_I2C_CTRL1 |= RB_I2C_STOP;
    185a:	2007e793          	ori	a5,a5,512
c:\Users\seanw\mounriver-studio-projects\earth-computar\obj/../StdPeriphDriver/CH57x_i2c.c:136
    else
        R16_I2C_CTRL1 &= ~RB_I2C_STOP;
    185e:	80f71023          	sh	a5,-2048(a4)
c:\Users\seanw\mounriver-studio-projects\earth-computar\obj/../StdPeriphDriver/CH57x_i2c.c:137
}
    1862:	8082                	ret
c:\Users\seanw\mounriver-studio-projects\earth-computar\obj/../StdPeriphDriver/CH57x_i2c.c:136
        R16_I2C_CTRL1 &= ~RB_I2C_STOP;
    1864:	0807c7b3          	zext.h	a5,a5
    1868:	dff7f793          	andi	a5,a5,-513
    186c:	0807c7b3          	zext.h	a5,a5
    1870:	b7fd                	j	185e <I2C_GenerateSTOP+0xe>

00001872 <I2C_AcknowledgeConfig>:
I2C_AcknowledgeConfig():
c:\Users\seanw\mounriver-studio-projects\earth-computar\obj/../StdPeriphDriver/CH57x_i2c.c:151
 * @return  none
 */
void I2C_AcknowledgeConfig(FunctionalState NewState)
{
    if(NewState != DISABLE)
        R16_I2C_CTRL1 |= RB_I2C_ACK;
    1872:	40005737          	lui	a4,0x40005
    1876:	80075783          	lhu	a5,-2048(a4) # 40004800 <_eusrstack+0x20001800>
c:\Users\seanw\mounriver-studio-projects\earth-computar\obj/../StdPeriphDriver/CH57x_i2c.c:150
    if(NewState != DISABLE)
    187a:	c511                	beqz	a0,1886 <I2C_AcknowledgeConfig+0x14>
c:\Users\seanw\mounriver-studio-projects\earth-computar\obj/../StdPeriphDriver/CH57x_i2c.c:151
        R16_I2C_CTRL1 |= RB_I2C_ACK;
    187c:	4007e793          	ori	a5,a5,1024
c:\Users\seanw\mounriver-studio-projects\earth-computar\obj/../StdPeriphDriver/CH57x_i2c.c:153
    else
        R16_I2C_CTRL1 &= ~RB_I2C_ACK;
    1880:	80f71023          	sh	a5,-2048(a4)
c:\Users\seanw\mounriver-studio-projects\earth-computar\obj/../StdPeriphDriver/CH57x_i2c.c:154
}
    1884:	8082                	ret
c:\Users\seanw\mounriver-studio-projects\earth-computar\obj/../StdPeriphDriver/CH57x_i2c.c:153
        R16_I2C_CTRL1 &= ~RB_I2C_ACK;
    1886:	0807c7b3          	zext.h	a5,a5
    188a:	bff7f793          	andi	a5,a5,-1025
    188e:	0807c7b3          	zext.h	a5,a5
    1892:	b7fd                	j	1880 <I2C_AcknowledgeConfig+0xe>

00001894 <I2C_ITConfig>:
I2C_ITConfig():
c:\Users\seanw\mounriver-studio-projects\earth-computar\obj/../StdPeriphDriver/CH57x_i2c.c:221
 * @return  none
 */
void I2C_ITConfig(I2C_ITTypeDef I2C_IT, FunctionalState NewState)
{
    if(NewState != DISABLE)
        R16_I2C_CTRL2 |= I2C_IT;
    1894:	08054533          	zext.h	a0,a0
c:\Users\seanw\mounriver-studio-projects\earth-computar\obj/../StdPeriphDriver/CH57x_i2c.c:220
    if(NewState != DISABLE)
    1898:	c989                	beqz	a1,18aa <I2C_ITConfig+0x16>
c:\Users\seanw\mounriver-studio-projects\earth-computar\obj/../StdPeriphDriver/CH57x_i2c.c:221
        R16_I2C_CTRL2 |= I2C_IT;
    189a:	40005737          	lui	a4,0x40005
    189e:	80475783          	lhu	a5,-2044(a4) # 40004804 <_eusrstack+0x20001804>
    18a2:	8fc9                	or	a5,a5,a0
    18a4:	80f71223          	sh	a5,-2044(a4)
    18a8:	8082                	ret
c:\Users\seanw\mounriver-studio-projects\earth-computar\obj/../StdPeriphDriver/CH57x_i2c.c:223
    else
        R16_I2C_CTRL2 &= (uint16_t)~I2C_IT;
    18aa:	400057b7          	lui	a5,0x40005
    18ae:	8047d703          	lhu	a4,-2044(a5) # 40004804 <_eusrstack+0x20001804>
    18b2:	40a77533          	andn	a0,a4,a0
    18b6:	80a79223          	sh	a0,-2044(a5)
c:\Users\seanw\mounriver-studio-projects\earth-computar\obj/../StdPeriphDriver/CH57x_i2c.c:224
}
    18ba:	8082                	ret

000018bc <I2C_SendData>:
I2C_SendData():
c:\Users\seanw\mounriver-studio-projects\earth-computar\obj/../StdPeriphDriver/CH57x_i2c.c:237
 *
 * @return  none
 */
void I2C_SendData(uint8_t Data)
{
    R16_I2C_DATAR = Data;
    18bc:	400057b7          	lui	a5,0x40005
    18c0:	80a79823          	sh	a0,-2032(a5) # 40004810 <_eusrstack+0x20001810>
c:\Users\seanw\mounriver-studio-projects\earth-computar\obj/../StdPeriphDriver/CH57x_i2c.c:238
}
    18c4:	8082                	ret

000018c6 <I2C_ReceiveData>:
I2C_ReceiveData():
c:\Users\seanw\mounriver-studio-projects\earth-computar\obj/../StdPeriphDriver/CH57x_i2c.c:249
 *
 * @return  The value of the received data.
 */
uint8_t I2C_ReceiveData(void)
{
    return (uint8_t)R16_I2C_DATAR;
    18c6:	400057b7          	lui	a5,0x40005
    18ca:	8107d503          	lhu	a0,-2032(a5) # 40004810 <_eusrstack+0x20001810>
c:\Users\seanw\mounriver-studio-projects\earth-computar\obj/../StdPeriphDriver/CH57x_i2c.c:250
}
    18ce:	0ff57513          	zext.b	a0,a0
    18d2:	8082                	ret

000018d4 <I2C_SoftwareResetCmd>:
I2C_SoftwareResetCmd():
c:\Users\seanw\mounriver-studio-projects\earth-computar\obj/../StdPeriphDriver/CH57x_i2c.c:286
 * @return  none
 */
void I2C_SoftwareResetCmd(FunctionalState NewState)
{
    if(NewState != DISABLE)
        R16_I2C_CTRL1 |= RB_I2C_SWRST;
    18d4:	40005737          	lui	a4,0x40005
    18d8:	80075783          	lhu	a5,-2048(a4) # 40004800 <_eusrstack+0x20001800>
c:\Users\seanw\mounriver-studio-projects\earth-computar\obj/../StdPeriphDriver/CH57x_i2c.c:285
    if(NewState != DISABLE)
    18dc:	c511                	beqz	a0,18e8 <I2C_SoftwareResetCmd+0x14>
c:\Users\seanw\mounriver-studio-projects\earth-computar\obj/../StdPeriphDriver/CH57x_i2c.c:286
        R16_I2C_CTRL1 |= RB_I2C_SWRST;
    18de:	28f79793          	bseti	a5,a5,0xf
c:\Users\seanw\mounriver-studio-projects\earth-computar\obj/../StdPeriphDriver/CH57x_i2c.c:288
    else
        R16_I2C_CTRL1 &= ~RB_I2C_SWRST;
    18e2:	80f71023          	sh	a5,-2048(a4)
c:\Users\seanw\mounriver-studio-projects\earth-computar\obj/../StdPeriphDriver/CH57x_i2c.c:289
}
    18e6:	8082                	ret
c:\Users\seanw\mounriver-studio-projects\earth-computar\obj/../StdPeriphDriver/CH57x_i2c.c:288
        R16_I2C_CTRL1 &= ~RB_I2C_SWRST;
    18e8:	07c6                	slli	a5,a5,0x11
    18ea:	83c5                	srli	a5,a5,0x11
    18ec:	bfdd                	j	18e2 <I2C_SoftwareResetCmd+0xe>

000018ee <I2C_Init>:
I2C_Init():
c:\Users\seanw\mounriver-studio-projects\earth-computar\obj/../StdPeriphDriver/CH57x_i2c.c:34
{
    18ee:	1101                	addi	sp,sp,-32
    18f0:	ca26                	sw	s1,20(sp)
I2C_SoftwareResetCmd():
c:\Users\seanw\mounriver-studio-projects\earth-computar\obj/../StdPeriphDriver/CH57x_i2c.c:286
        R16_I2C_CTRL1 |= RB_I2C_SWRST;
    18f2:	400054b7          	lui	s1,0x40005
I2C_Init():
c:\Users\seanw\mounriver-studio-projects\earth-computar\obj/../StdPeriphDriver/CH57x_i2c.c:34
{
    18f6:	c452                	sw	s4,8(sp)
    18f8:	8a3e                	mv	s4,a5
I2C_SoftwareResetCmd():
c:\Users\seanw\mounriver-studio-projects\earth-computar\obj/../StdPeriphDriver/CH57x_i2c.c:286
        R16_I2C_CTRL1 |= RB_I2C_SWRST;
    18fa:	8004d783          	lhu	a5,-2048(s1) # 40004800 <_eusrstack+0x20001800>
I2C_Init():
c:\Users\seanw\mounriver-studio-projects\earth-computar\obj/../StdPeriphDriver/CH57x_i2c.c:34
{
    18fe:	ce06                	sw	ra,28(sp)
    1900:	cc22                	sw	s0,24(sp)
    1902:	c84a                	sw	s2,16(sp)
    1904:	c64e                	sw	s3,12(sp)
    1906:	c256                	sw	s5,4(sp)
    1908:	c05a                	sw	s6,0(sp)
I2C_SoftwareResetCmd():
c:\Users\seanw\mounriver-studio-projects\earth-computar\obj/../StdPeriphDriver/CH57x_i2c.c:286
        R16_I2C_CTRL1 |= RB_I2C_SWRST;
    190a:	28f79793          	bseti	a5,a5,0xf
I2C_Init():
c:\Users\seanw\mounriver-studio-projects\earth-computar\obj/../StdPeriphDriver/CH57x_i2c.c:34
{
    190e:	892a                	mv	s2,a0
I2C_SoftwareResetCmd():
c:\Users\seanw\mounriver-studio-projects\earth-computar\obj/../StdPeriphDriver/CH57x_i2c.c:286
        R16_I2C_CTRL1 |= RB_I2C_SWRST;
    1910:	80f49023          	sh	a5,-2048(s1)
I2C_Init():
c:\Users\seanw\mounriver-studio-projects\earth-computar\obj/../StdPeriphDriver/CH57x_i2c.c:39
    I2C_SoftwareResetCmd(DISABLE);
    1914:	4501                	li	a0,0
c:\Users\seanw\mounriver-studio-projects\earth-computar\obj/../StdPeriphDriver/CH57x_i2c.c:34
{
    1916:	842e                	mv	s0,a1
    1918:	8b32                	mv	s6,a2
    191a:	8ab6                	mv	s5,a3
    191c:	89ba                	mv	s3,a4
c:\Users\seanw\mounriver-studio-projects\earth-computar\obj/../StdPeriphDriver/CH57x_i2c.c:39
    I2C_SoftwareResetCmd(DISABLE);
    191e:	3f5d                	jal	18d4 <I2C_SoftwareResetCmd>
c:\Users\seanw\mounriver-studio-projects\earth-computar\obj/../StdPeriphDriver/CH57x_i2c.c:41
    sysClock = GetSysClock();
    1920:	2cad                	jal	1b9a <GetSysClock>
c:\Users\seanw\mounriver-studio-projects\earth-computar\obj/../StdPeriphDriver/CH57x_i2c.c:44
    R16_I2C_CTRL2 |= (sysClock / 1000000);
    1922:	000f4837          	lui	a6,0xf4
    1926:	24080813          	addi	a6,a6,576 # f4240 <_data_lma+0xf1210>
    192a:	03055833          	divu	a6,a0,a6
c:\Users\seanw\mounriver-studio-projects\earth-computar\obj/../StdPeriphDriver/CH57x_i2c.c:43
    R16_I2C_CTRL2 &= ~RB_I2C_FREQ;
    192e:	8044d783          	lhu	a5,-2044(s1)
    1932:	0807c7b3          	zext.h	a5,a5
    1936:	fc07f793          	andi	a5,a5,-64
    193a:	0807c7b3          	zext.h	a5,a5
    193e:	80f49223          	sh	a5,-2044(s1)
c:\Users\seanw\mounriver-studio-projects\earth-computar\obj/../StdPeriphDriver/CH57x_i2c.c:44
    R16_I2C_CTRL2 |= (sysClock / 1000000);
    1942:	8044d783          	lhu	a5,-2044(s1)
    1946:	0107e7b3          	or	a5,a5,a6
    194a:	0807c7b3          	zext.h	a5,a5
    194e:	80f49223          	sh	a5,-2044(s1)
c:\Users\seanw\mounriver-studio-projects\earth-computar\obj/../StdPeriphDriver/CH57x_i2c.c:46
    R16_I2C_CTRL1 &= ~RB_I2C_PE;
    1952:	8004d783          	lhu	a5,-2048(s1)
    1956:	0807c7b3          	zext.h	a5,a5
    195a:	9bf9                	andi	a5,a5,-2
    195c:	0807c7b3          	zext.h	a5,a5
    1960:	80f49023          	sh	a5,-2048(s1)
c:\Users\seanw\mounriver-studio-projects\earth-computar\obj/../StdPeriphDriver/CH57x_i2c.c:48
    if(I2C_ClockSpeed <= 100000)
    1964:	67e1                	lui	a5,0x18
    1966:	6a078793          	addi	a5,a5,1696 # 186a0 <_data_lma+0x15670>
    196a:	0a87e163          	bltu	a5,s0,1a0c <I2C_Init+0x11e>
c:\Users\seanw\mounriver-studio-projects\earth-computar\obj/../StdPeriphDriver/CH57x_i2c.c:50
        tmpreg = (sysClock / (I2C_ClockSpeed << 1)) & RB_I2C_CCR;
    196e:	0406                	slli	s0,s0,0x1
    1970:	02855433          	divu	s0,a0,s0
c:\Users\seanw\mounriver-studio-projects\earth-computar\obj/../StdPeriphDriver/CH57x_i2c.c:52
        if(tmpreg < 0x04)
    1974:	6785                	lui	a5,0x1
    1976:	ffc78713          	addi	a4,a5,-4 # ffc <i2c_read_from+0x22>
c:\Users\seanw\mounriver-studio-projects\earth-computar\obj/../StdPeriphDriver/CH57x_i2c.c:53
            tmpreg = 0x04;
    197a:	4611                	li	a2,4
c:\Users\seanw\mounriver-studio-projects\earth-computar\obj/../StdPeriphDriver/CH57x_i2c.c:50
        tmpreg = (sysClock / (I2C_ClockSpeed << 1)) & RB_I2C_CCR;
    197c:	08044433          	zext.h	s0,s0
c:\Users\seanw\mounriver-studio-projects\earth-computar\obj/../StdPeriphDriver/CH57x_i2c.c:52
        if(tmpreg < 0x04)
    1980:	8f61                	and	a4,a4,s0
    1982:	c701                	beqz	a4,198a <I2C_Init+0x9c>
c:\Users\seanw\mounriver-studio-projects\earth-computar\obj/../StdPeriphDriver/CH57x_i2c.c:50
        tmpreg = (sysClock / (I2C_ClockSpeed << 1)) & RB_I2C_CCR;
    1984:	17fd                	addi	a5,a5,-1
    1986:	00f47633          	and	a2,s0,a5
c:\Users\seanw\mounriver-studio-projects\earth-computar\obj/../StdPeriphDriver/CH57x_i2c.c:55
        R16_I2C_RTR = (((sysClock / 1000000) + 1) > 0x3F) ? 0x3F : ((sysClock / 1000000) + 1);
    198a:	0805                	addi	a6,a6,1
    198c:	03f00793          	li	a5,63
    1990:	0af85833          	minu	a6,a6,a5
c:\Users\seanw\mounriver-studio-projects\earth-computar\obj/../StdPeriphDriver/CH57x_i2c.c:75
        R16_I2C_RTR = (uint16_t)((((sysClock / 1000000) * (uint16_t)300) / (uint16_t)1000) + (uint16_t)1);
    1994:	400057b7          	lui	a5,0x40005
c:\Users\seanw\mounriver-studio-projects\earth-computar\obj/../StdPeriphDriver/CH57x_i2c.c:77
    R16_I2C_CKCFGR = tmpreg;
    1998:	400055b7          	lui	a1,0x40005
c:\Users\seanw\mounriver-studio-projects\earth-computar\obj/../StdPeriphDriver/CH57x_i2c.c:75
        R16_I2C_RTR = (uint16_t)((((sysClock / 1000000) * (uint16_t)300) / (uint16_t)1000) + (uint16_t)1);
    199c:	08084833          	zext.h	a6,a6
    19a0:	83079023          	sh	a6,-2016(a5) # 40004820 <_eusrstack+0x20001820>
c:\Users\seanw\mounriver-studio-projects\earth-computar\obj/../StdPeriphDriver/CH57x_i2c.c:77
    R16_I2C_CKCFGR = tmpreg;
    19a4:	80c59e23          	sh	a2,-2020(a1) # 4000481c <_eusrstack+0x2000181c>
c:\Users\seanw\mounriver-studio-projects\earth-computar\obj/../StdPeriphDriver/CH57x_i2c.c:79
    R16_I2C_CTRL1 |= RB_I2C_PE;
    19a8:	8005d783          	lhu	a5,-2048(a1)
c:\Users\seanw\mounriver-studio-projects\earth-computar\obj/../StdPeriphDriver/CH57x_i2c.c:86
}
    19ac:	40f2                	lw	ra,28(sp)
    19ae:	4462                	lw	s0,24(sp)
c:\Users\seanw\mounriver-studio-projects\earth-computar\obj/../StdPeriphDriver/CH57x_i2c.c:79
    R16_I2C_CTRL1 |= RB_I2C_PE;
    19b0:	0017e793          	ori	a5,a5,1
    19b4:	80f59023          	sh	a5,-2048(a1)
c:\Users\seanw\mounriver-studio-projects\earth-computar\obj/../StdPeriphDriver/CH57x_i2c.c:81
    R16_I2C_CTRL1 &= ~(RB_I2C_SMBUS | RB_I2C_SMBTYPE | RB_I2C_ACK);
    19b8:	8005d783          	lhu	a5,-2048(a1)
c:\Users\seanw\mounriver-studio-projects\earth-computar\obj/../StdPeriphDriver/CH57x_i2c.c:86
}
    19bc:	44d2                	lw	s1,20(sp)
    19be:	4b02                	lw	s6,0(sp)
c:\Users\seanw\mounriver-studio-projects\earth-computar\obj/../StdPeriphDriver/CH57x_i2c.c:81
    R16_I2C_CTRL1 &= ~(RB_I2C_SMBUS | RB_I2C_SMBTYPE | RB_I2C_ACK);
    19c0:	0807c7b3          	zext.h	a5,a5
    19c4:	bf57f793          	andi	a5,a5,-1035
    19c8:	0807c7b3          	zext.h	a5,a5
    19cc:	80f59023          	sh	a5,-2048(a1)
c:\Users\seanw\mounriver-studio-projects\earth-computar\obj/../StdPeriphDriver/CH57x_i2c.c:82
    R16_I2C_CTRL1 |= I2C_Mode | I2C_Ack;
    19d0:	8005d503          	lhu	a0,-2048(a1)
    19d4:	01556533          	or	a0,a0,s5
    19d8:	01256533          	or	a0,a0,s2
    19dc:	08054533          	zext.h	a0,a0
    19e0:	80a59023          	sh	a0,-2048(a1)
c:\Users\seanw\mounriver-studio-projects\earth-computar\obj/../StdPeriphDriver/CH57x_i2c.c:84
    R16_I2C_OADDR1 &= 0;
    19e4:	8085d783          	lhu	a5,-2040(a1)
    19e8:	80059423          	sh	zero,-2040(a1)
c:\Users\seanw\mounriver-studio-projects\earth-computar\obj/../StdPeriphDriver/CH57x_i2c.c:85
    R16_I2C_OADDR1 |= I2C_AckAddr | I2C_OwnAddress1;
    19ec:	8085d683          	lhu	a3,-2040(a1)
c:\Users\seanw\mounriver-studio-projects\earth-computar\obj/../StdPeriphDriver/CH57x_i2c.c:86
}
    19f0:	4942                	lw	s2,16(sp)
    19f2:	4a92                	lw	s5,4(sp)
c:\Users\seanw\mounriver-studio-projects\earth-computar\obj/../StdPeriphDriver/CH57x_i2c.c:85
    R16_I2C_OADDR1 |= I2C_AckAddr | I2C_OwnAddress1;
    19f4:	0146e7b3          	or	a5,a3,s4
    19f8:	0137e733          	or	a4,a5,s3
    19fc:	08074733          	zext.h	a4,a4
    1a00:	80e59423          	sh	a4,-2040(a1)
c:\Users\seanw\mounriver-studio-projects\earth-computar\obj/../StdPeriphDriver/CH57x_i2c.c:86
}
    1a04:	49b2                	lw	s3,12(sp)
    1a06:	4a22                	lw	s4,8(sp)
    1a08:	6105                	addi	sp,sp,32
    1a0a:	8082                	ret
c:\Users\seanw\mounriver-studio-projects\earth-computar\obj/../StdPeriphDriver/CH57x_i2c.c:59
        if(I2C_DutyCycle == I2C_DutyCycle_2)
    1a0c:	020b1863          	bnez	s6,1a3c <I2C_Init+0x14e>
c:\Users\seanw\mounriver-studio-projects\earth-computar\obj/../StdPeriphDriver/CH57x_i2c.c:61
            tmpreg = (sysClock / (I2C_ClockSpeed * 3)) & RB_I2C_CCR;
    1a10:	458d                	li	a1,3
    1a12:	02b405b3          	mul	a1,s0,a1
    1a16:	4605                	li	a2,1
    1a18:	02b555b3          	divu	a1,a0,a1
    1a1c:	05d2                	slli	a1,a1,0x14
    1a1e:	81d1                	srli	a1,a1,0x14
    1a20:	0ac5f633          	maxu	a2,a1,a2
c:\Users\seanw\mounriver-studio-projects\earth-computar\obj/../StdPeriphDriver/CH57x_i2c.c:75
        R16_I2C_RTR = (uint16_t)((((sysClock / 1000000) * (uint16_t)300) / (uint16_t)1000) + (uint16_t)1);
    1a24:	12c00793          	li	a5,300
    1a28:	02f80833          	mul	a6,a6,a5
    1a2c:	3e800793          	li	a5,1000
c:\Users\seanw\mounriver-studio-projects\earth-computar\obj/../StdPeriphDriver/CH57x_i2c.c:74
        tmpreg |= RB_I2C_F_S;
    1a30:	28f61613          	bseti	a2,a2,0xf
c:\Users\seanw\mounriver-studio-projects\earth-computar\obj/../StdPeriphDriver/CH57x_i2c.c:75
        R16_I2C_RTR = (uint16_t)((((sysClock / 1000000) * (uint16_t)300) / (uint16_t)1000) + (uint16_t)1);
    1a34:	02f85833          	divu	a6,a6,a5
    1a38:	0805                	addi	a6,a6,1
    1a3a:	bfa9                	j	1994 <I2C_Init+0xa6>
c:\Users\seanw\mounriver-studio-projects\earth-computar\obj/../StdPeriphDriver/CH57x_i2c.c:65
            tmpreg = (sysClock / (I2C_ClockSpeed * 25)) & RB_I2C_CCR;
    1a3c:	47e5                	li	a5,25
    1a3e:	02f40433          	mul	s0,s0,a5
    1a42:	02855633          	divu	a2,a0,s0
    1a46:	0652                	slli	a2,a2,0x14
    1a48:	8251                	srli	a2,a2,0x14
c:\Users\seanw\mounriver-studio-projects\earth-computar\obj/../StdPeriphDriver/CH57x_i2c.c:66
            tmpreg |= I2C_DutyCycle_16_9;
    1a4a:	28e61613          	bseti	a2,a2,0xe
c:\Users\seanw\mounriver-studio-projects\earth-computar\obj/../StdPeriphDriver/CH57x_i2c.c:69
        if(tmpreg == 0)
    1a4e:	bfd9                	j	1a24 <I2C_Init+0x136>

00001a50 <I2C_GetLastEvent>:
I2C_GetLastEvent():
c:\Users\seanw\mounriver-studio-projects\earth-computar\obj/../StdPeriphDriver/CH57x_i2c.c:512
uint32_t I2C_GetLastEvent(void)
{
    uint32_t lastevent = 0;
    uint32_t flag1 = 0, flag2 = 0;

    flag1 = R16_I2C_STAR1;
    1a50:	400057b7          	lui	a5,0x40005
    1a54:	8147d703          	lhu	a4,-2028(a5) # 40004814 <_eusrstack+0x20001814>
c:\Users\seanw\mounriver-studio-projects\earth-computar\obj/../StdPeriphDriver/CH57x_i2c.c:513
    flag2 = R16_I2C_STAR2;
    1a58:	8187d503          	lhu	a0,-2024(a5)
c:\Users\seanw\mounriver-studio-projects\earth-computar\obj/../StdPeriphDriver/CH57x_i2c.c:514
    flag2 = flag2 << 16;
    1a5c:	0542                	slli	a0,a0,0x10
c:\Users\seanw\mounriver-studio-projects\earth-computar\obj/../StdPeriphDriver/CH57x_i2c.c:515
    lastevent = (flag1 | flag2) & FLAG_Mask;
    1a5e:	8d59                	or	a0,a0,a4
    1a60:	0522                	slli	a0,a0,0x8
c:\Users\seanw\mounriver-studio-projects\earth-computar\obj/../StdPeriphDriver/CH57x_i2c.c:518

    return lastevent;
}
    1a62:	8121                	srli	a0,a0,0x8
    1a64:	8082                	ret

00001a66 <I2C_GetFlagStatus>:
I2C_GetFlagStatus():
c:\Users\seanw\mounriver-studio-projects\earth-computar\obj/../StdPeriphDriver/CH57x_i2c.c:552
 *                        I2C_FLAG_SB           - Start bit flag (Master mode).
 *
 * @return  FlagStatus  - SET or RESET.
 */
FlagStatus I2C_GetFlagStatus(uint32_t I2C_FLAG)
{
    1a66:	1141                	addi	sp,sp,-16
c:\Users\seanw\mounriver-studio-projects\earth-computar\obj/../StdPeriphDriver/CH57x_i2c.c:554
    FlagStatus    bitstatus = RESET;
    __IO uint32_t i2creg = 0, i2cxbase = 0;
    1a68:	c402                	sw	zero,8(sp)
c:\Users\seanw\mounriver-studio-projects\earth-computar\obj/../StdPeriphDriver/CH57x_i2c.c:556

    i2cxbase = (uint32_t)BA_I2C;
    1a6a:	400057b7          	lui	a5,0x40005
c:\Users\seanw\mounriver-studio-projects\earth-computar\obj/../StdPeriphDriver/CH57x_i2c.c:554
    __IO uint32_t i2creg = 0, i2cxbase = 0;
    1a6e:	c602                	sw	zero,12(sp)
c:\Users\seanw\mounriver-studio-projects\earth-computar\obj/../StdPeriphDriver/CH57x_i2c.c:556
    i2cxbase = (uint32_t)BA_I2C;
    1a70:	80078793          	addi	a5,a5,-2048 # 40004800 <_eusrstack+0x20001800>
    1a74:	c63e                	sw	a5,12(sp)
c:\Users\seanw\mounriver-studio-projects\earth-computar\obj/../StdPeriphDriver/CH57x_i2c.c:557
    i2creg = I2C_FLAG >> 28;
    1a76:	01c55793          	srli	a5,a0,0x1c
    1a7a:	c43e                	sw	a5,8(sp)
c:\Users\seanw\mounriver-studio-projects\earth-computar\obj/../StdPeriphDriver/CH57x_i2c.c:560
    I2C_FLAG &= FLAG_Mask;

    if(i2creg != 0)
    1a7c:	4722                	lw	a4,8(sp)
c:\Users\seanw\mounriver-studio-projects\earth-computar\obj/../StdPeriphDriver/CH57x_i2c.c:558
    I2C_FLAG &= FLAG_Mask;
    1a7e:	0522                	slli	a0,a0,0x8
    1a80:	00855793          	srli	a5,a0,0x8
c:\Users\seanw\mounriver-studio-projects\earth-computar\obj/../StdPeriphDriver/CH57x_i2c.c:560
    if(i2creg != 0)
    1a84:	cb19                	beqz	a4,1a9a <I2C_GetFlagStatus+0x34>
c:\Users\seanw\mounriver-studio-projects\earth-computar\obj/../StdPeriphDriver/CH57x_i2c.c:562
    {
        i2cxbase += 0x14;
    1a86:	4732                	lw	a4,12(sp)
    1a88:	0751                	addi	a4,a4,20
c:\Users\seanw\mounriver-studio-projects\earth-computar\obj/../StdPeriphDriver/CH57x_i2c.c:567
    }
    else
    {
        I2C_FLAG = (uint32_t)(I2C_FLAG >> 16);
        i2cxbase += 0x18;
    1a8a:	c63a                	sw	a4,12(sp)
c:\Users\seanw\mounriver-studio-projects\earth-computar\obj/../StdPeriphDriver/CH57x_i2c.c:570
    }

    if(((*(__IO uint32_t *)i2cxbase) & I2C_FLAG) != (uint32_t)RESET)
    1a8c:	4732                	lw	a4,12(sp)
    1a8e:	4308                	lw	a0,0(a4)
c:\Users\seanw\mounriver-studio-projects\earth-computar\obj/../StdPeriphDriver/CH57x_i2c.c:580
    {
        bitstatus = RESET;
    }

    return bitstatus;
}
    1a90:	0141                	addi	sp,sp,16
c:\Users\seanw\mounriver-studio-projects\earth-computar\obj/../StdPeriphDriver/CH57x_i2c.c:570
    if(((*(__IO uint32_t *)i2cxbase) & I2C_FLAG) != (uint32_t)RESET)
    1a92:	8d7d                	and	a0,a0,a5
c:\Users\seanw\mounriver-studio-projects\earth-computar\obj/../StdPeriphDriver/CH57x_i2c.c:580
}
    1a94:	00a03533          	snez	a0,a0
    1a98:	8082                	ret
c:\Users\seanw\mounriver-studio-projects\earth-computar\obj/../StdPeriphDriver/CH57x_i2c.c:567
        i2cxbase += 0x18;
    1a9a:	4732                	lw	a4,12(sp)
c:\Users\seanw\mounriver-studio-projects\earth-computar\obj/../StdPeriphDriver/CH57x_i2c.c:566
        I2C_FLAG = (uint32_t)(I2C_FLAG >> 16);
    1a9c:	83c1                	srli	a5,a5,0x10
c:\Users\seanw\mounriver-studio-projects\earth-computar\obj/../StdPeriphDriver/CH57x_i2c.c:567
        i2cxbase += 0x18;
    1a9e:	0761                	addi	a4,a4,24
    1aa0:	b7ed                	j	1a8a <I2C_GetFlagStatus+0x24>

00001aa2 <I2C_ClearFlag>:
I2C_ClearFlag():
c:\Users\seanw\mounriver-studio-projects\earth-computar\obj/../StdPeriphDriver/CH57x_i2c.c:603
void I2C_ClearFlag(uint32_t I2C_FLAG)
{
    uint32_t flagpos = 0;

    flagpos = I2C_FLAG & FLAG_Mask;
    R16_I2C_STAR1 = (uint16_t)~flagpos;
    1aa2:	fff54513          	not	a0,a0
    1aa6:	400057b7          	lui	a5,0x40005
    1aaa:	08054533          	zext.h	a0,a0
    1aae:	80a79a23          	sh	a0,-2028(a5) # 40004814 <_eusrstack+0x20001814>
c:\Users\seanw\mounriver-studio-projects\earth-computar\obj/../StdPeriphDriver/CH57x_i2c.c:604
}
    1ab2:	8082                	ret

00001ab4 <PWR_PeriphWakeUpCfg>:
PWR_PeriphWakeUpCfg():
c:\Users\seanw\mounriver-studio-projects\earth-computar\obj/../StdPeriphDriver/CH57x_pwr.c:63
{
    1ab4:	1141                	addi	sp,sp,-16
c:\Users\seanw\mounriver-studio-projects\earth-computar\obj/../StdPeriphDriver/CH57x_pwr.c:64
    if(s == DISABLE)
    1ab6:	e139                	bnez	a0,1afc <PWR_PeriphWakeUpCfg+0x48>
__risc_v_disable_irq():
c:/Users/seanw/mounriver-studio-projects/earth-computar/RVMSIS/core_riscv.h:154
    __asm volatile("csrrc %0, 0x800, %1" : \
    1ab8:	08800793          	li	a5,136
    1abc:	8007b7f3          	csrrc	a5,0x800,a5
c:/Users/seanw/mounriver-studio-projects/earth-computar/RVMSIS/core_riscv.h:156
    return result & 0x88;
    1ac0:	0887f793          	andi	a5,a5,136
PWR_PeriphWakeUpCfg():
c:\Users\seanw\mounriver-studio-projects\earth-computar\obj/../StdPeriphDriver/CH57x_pwr.c:66
        sys_safe_access_enable();
    1ac4:	c03e                	sw	a5,0(sp)
    1ac6:	0000100f          	fence.i
    1aca:	400017b7          	lui	a5,0x40001
    1ace:	05700713          	li	a4,87
    1ad2:	04e78023          	sb	a4,64(a5) # 40001040 <_eusrstack+0x1fffe040>
    1ad6:	fa800713          	li	a4,-88
    1ada:	04e78023          	sb	a4,64(a5)
    1ade:	0000100f          	fence.i
c:\Users\seanw\mounriver-studio-projects\earth-computar\obj/../StdPeriphDriver/CH57x_pwr.c:67
        R8_SLP_WAKE_CTRL &= ~perph;
    1ae2:	27f8                	lbu	a4,14(a5)
    1ae4:	40b775b3          	andn	a1,a4,a1
    1ae8:	a7ec                	sb	a1,14(a5)
c:\Users\seanw\mounriver-studio-projects\earth-computar\obj/../StdPeriphDriver/CH57x_pwr.c:68
        sys_safe_access_disable();
    1aea:	04078023          	sb	zero,64(a5)
    1aee:	4782                	lw	a5,0(sp)
__risc_v_enable_irq():
c:/Users/seanw/mounriver-studio-projects/earth-computar/RVMSIS/core_riscv.h:138
    __asm volatile("csrrs %0, 0x800, %1" : \
    1af0:	8007a7f3          	csrrs	a5,0x800,a5
PWR_PeriphWakeUpCfg():
c:\Users\seanw\mounriver-studio-projects\earth-computar\obj/../StdPeriphDriver/CH57x_pwr.c:80
        sys_safe_access_disable();
    1af4:	0000100f          	fence.i
c:\Users\seanw\mounriver-studio-projects\earth-computar\obj/../StdPeriphDriver/CH57x_pwr.c:82
}
    1af8:	0141                	addi	sp,sp,16
    1afa:	8082                	ret
__risc_v_disable_irq():
c:/Users/seanw/mounriver-studio-projects/earth-computar/RVMSIS/core_riscv.h:154
    __asm volatile("csrrc %0, 0x800, %1" : \
    1afc:	08800713          	li	a4,136
    1b00:	800737f3          	csrrc	a5,0x800,a4
c:/Users/seanw/mounriver-studio-projects/earth-computar/RVMSIS/core_riscv.h:156
    return result & 0x88;
    1b04:	0887f793          	andi	a5,a5,136
PWR_PeriphWakeUpCfg():
c:\Users\seanw\mounriver-studio-projects\earth-computar\obj/../StdPeriphDriver/CH57x_pwr.c:72
        sys_safe_access_enable();
    1b08:	c23e                	sw	a5,4(sp)
    1b0a:	0000100f          	fence.i
    1b0e:	400017b7          	lui	a5,0x40001
    1b12:	05700813          	li	a6,87
    1b16:	05078023          	sb	a6,64(a5) # 40001040 <_eusrstack+0x1fffe040>
    1b1a:	fa800513          	li	a0,-88
    1b1e:	04a78023          	sb	a0,64(a5)
    1b22:	0000100f          	fence.i
c:\Users\seanw\mounriver-studio-projects\earth-computar\obj/../StdPeriphDriver/CH57x_pwr.c:73
        R8_SLP_WAKE_CTRL |= RB_WAKE_EV_MODE | perph;
    1b26:	27f4                	lbu	a3,14(a5)
    1b28:	8ecd                	or	a3,a3,a1
    1b2a:	0406e693          	ori	a3,a3,64
    1b2e:	a7f4                	sb	a3,14(a5)
c:\Users\seanw\mounriver-studio-projects\earth-computar\obj/../StdPeriphDriver/CH57x_pwr.c:74
        sys_safe_access_disable();
    1b30:	04078023          	sb	zero,64(a5)
    1b34:	4692                	lw	a3,4(sp)
__risc_v_enable_irq():
c:/Users/seanw/mounriver-studio-projects/earth-computar/RVMSIS/core_riscv.h:138
    __asm volatile("csrrs %0, 0x800, %1" : \
    1b36:	8006a6f3          	csrrs	a3,0x800,a3
PWR_PeriphWakeUpCfg():
c:\Users\seanw\mounriver-studio-projects\earth-computar\obj/../StdPeriphDriver/CH57x_pwr.c:74
    1b3a:	0000100f          	fence.i
__risc_v_disable_irq():
c:/Users/seanw/mounriver-studio-projects/earth-computar/RVMSIS/core_riscv.h:154
    __asm volatile("csrrc %0, 0x800, %1" : \
    1b3e:	800736f3          	csrrc	a3,0x800,a4
c:/Users/seanw/mounriver-studio-projects/earth-computar/RVMSIS/core_riscv.h:156
    return result & 0x88;
    1b42:	0886f693          	andi	a3,a3,136
PWR_PeriphWakeUpCfg():
c:\Users\seanw\mounriver-studio-projects\earth-computar\obj/../StdPeriphDriver/CH57x_pwr.c:75
        sys_safe_access_enable();
    1b46:	c436                	sw	a3,8(sp)
    1b48:	0000100f          	fence.i
    1b4c:	05078023          	sb	a6,64(a5)
    1b50:	04a78023          	sb	a0,64(a5)
    1b54:	0000100f          	fence.i
c:\Users\seanw\mounriver-studio-projects\earth-computar\obj/../StdPeriphDriver/CH57x_pwr.c:76
        R8_SLP_POWER_CTRL &= ~(RB_WAKE_DLY_MOD);
    1b58:	37f4                	lbu	a3,15(a5)
    1b5a:	0f86f693          	andi	a3,a3,248
    1b5e:	b7f4                	sb	a3,15(a5)
c:\Users\seanw\mounriver-studio-projects\earth-computar\obj/../StdPeriphDriver/CH57x_pwr.c:77
        sys_safe_access_disable();
    1b60:	04078023          	sb	zero,64(a5)
    1b64:	46a2                	lw	a3,8(sp)
__risc_v_enable_irq():
c:/Users/seanw/mounriver-studio-projects/earth-computar/RVMSIS/core_riscv.h:138
    __asm volatile("csrrs %0, 0x800, %1" : \
    1b66:	8006a6f3          	csrrs	a3,0x800,a3
PWR_PeriphWakeUpCfg():
c:\Users\seanw\mounriver-studio-projects\earth-computar\obj/../StdPeriphDriver/CH57x_pwr.c:77
    1b6a:	0000100f          	fence.i
__risc_v_disable_irq():
c:/Users/seanw/mounriver-studio-projects/earth-computar/RVMSIS/core_riscv.h:154
    __asm volatile("csrrc %0, 0x800, %1" : \
    1b6e:	80073773          	csrrc	a4,0x800,a4
c:/Users/seanw/mounriver-studio-projects/earth-computar/RVMSIS/core_riscv.h:156
    return result & 0x88;
    1b72:	08877713          	andi	a4,a4,136
PWR_PeriphWakeUpCfg():
c:\Users\seanw\mounriver-studio-projects\earth-computar\obj/../StdPeriphDriver/CH57x_pwr.c:78
        sys_safe_access_enable();
    1b76:	c63a                	sw	a4,12(sp)
    1b78:	0000100f          	fence.i
    1b7c:	05078023          	sb	a6,64(a5)
    1b80:	04a78023          	sb	a0,64(a5)
    1b84:	0000100f          	fence.i
c:\Users\seanw\mounriver-studio-projects\earth-computar\obj/../StdPeriphDriver/CH57x_pwr.c:79
        R8_SLP_POWER_CTRL |= mode;
    1b88:	37f8                	lbu	a4,15(a5)
    1b8a:	8e59                	or	a2,a2,a4
    1b8c:	0ff67613          	zext.b	a2,a2
    1b90:	b7f0                	sb	a2,15(a5)
c:\Users\seanw\mounriver-studio-projects\earth-computar\obj/../StdPeriphDriver/CH57x_pwr.c:80
        sys_safe_access_disable();
    1b92:	04078023          	sb	zero,64(a5)
    1b96:	47b2                	lw	a5,12(sp)
    1b98:	bfa1                	j	1af0 <PWR_PeriphWakeUpCfg+0x3c>

00001b9a <GetSysClock>:
GetSysClock():
c:\Users\seanw\mounriver-studio-projects\earth-computar\obj/../StdPeriphDriver/CH57x_sys.c:103
    if((R8_CLK_SYS_CFG & RB_CLK_SYS_MOD) == RB_CLK_SYS_MOD)
    1b9a:	400017b7          	lui	a5,0x40001
    1b9e:	2798                	lbu	a4,8(a5)
    1ba0:	0c000693          	li	a3,192
    1ba4:	0c077713          	andi	a4,a4,192
    1ba8:	00d71563          	bne	a4,a3,1bb2 <GetSysClock+0x18>
c:\Users\seanw\mounriver-studio-projects\earth-computar\obj/../StdPeriphDriver/CH57x_sys.c:105
        return (Freq_LSI);
    1bac:	8241a503          	lw	a0,-2012(gp) # 20000e54 <Freq_LSI>
    1bb0:	8082                	ret
c:\Users\seanw\mounriver-studio-projects\earth-computar\obj/../StdPeriphDriver/CH57x_sys.c:107
    else if((R8_CLK_SYS_CFG & RB_CLK_SYS_MOD) == 0x40)
    1bb2:	2798                	lbu	a4,8(a5)
    1bb4:	04000693          	li	a3,64
    1bb8:	0c077713          	andi	a4,a4,192
    1bbc:	02d71063          	bne	a4,a3,1bdc <GetSysClock+0x42>
c:\Users\seanw\mounriver-studio-projects\earth-computar\obj/../StdPeriphDriver/CH57x_sys.c:109
        return (600000000 / ((R8_CLK_SYS_CFG & 0x1f)?(R8_CLK_SYS_CFG & 0x1f):32));
    1bc0:	2794                	lbu	a3,8(a5)
    1bc2:	02000713          	li	a4,32
    1bc6:	8afd                	andi	a3,a3,31
    1bc8:	c299                	beqz	a3,1bce <GetSysClock+0x34>
c:\Users\seanw\mounriver-studio-projects\earth-computar\obj/../StdPeriphDriver/CH57x_sys.c:109 (discriminator 1)
    1bca:	2798                	lbu	a4,8(a5)
    1bcc:	8b7d                	andi	a4,a4,31
c:\Users\seanw\mounriver-studio-projects\earth-computar\obj/../StdPeriphDriver/CH57x_sys.c:109 (discriminator 4)
    1bce:	23c34537          	lui	a0,0x23c34
    1bd2:	60050513          	addi	a0,a0,1536 # 23c34600 <_eusrstack+0x3c31600>
c:\Users\seanw\mounriver-studio-projects\earth-computar\obj/../StdPeriphDriver/CH57x_sys.c:113 (discriminator 4)
        return (32000000 / ((R8_CLK_SYS_CFG & 0x1f)?(R8_CLK_SYS_CFG & 0x1f):32));
    1bd6:	02e54533          	div	a0,a0,a4
c:\Users\seanw\mounriver-studio-projects\earth-computar\obj/../StdPeriphDriver/CH57x_sys.c:115 (discriminator 4)
}
    1bda:	8082                	ret
c:\Users\seanw\mounriver-studio-projects\earth-computar\obj/../StdPeriphDriver/CH57x_sys.c:113
        return (32000000 / ((R8_CLK_SYS_CFG & 0x1f)?(R8_CLK_SYS_CFG & 0x1f):32));
    1bdc:	2794                	lbu	a3,8(a5)
    1bde:	02000713          	li	a4,32
    1be2:	8afd                	andi	a3,a3,31
    1be4:	c299                	beqz	a3,1bea <GetSysClock+0x50>
c:\Users\seanw\mounriver-studio-projects\earth-computar\obj/../StdPeriphDriver/CH57x_sys.c:113 (discriminator 1)
    1be6:	2798                	lbu	a4,8(a5)
    1be8:	8b7d                	andi	a4,a4,31
c:\Users\seanw\mounriver-studio-projects\earth-computar\obj/../StdPeriphDriver/CH57x_sys.c:113 (discriminator 4)
    1bea:	01e85537          	lui	a0,0x1e85
    1bee:	80050513          	addi	a0,a0,-2048 # 1e84800 <_data_lma+0x1e817d0>
    1bf2:	b7d5                	j	1bd6 <GetSysClock+0x3c>

00001bf4 <_write>:
_write():
c:\Users\seanw\mounriver-studio-projects\earth-computar\obj/../StdPeriphDriver/CH57x_sys.c:395

#ifdef DEBUG
int _write(int fd, char *buf, int size)
{
    1bf4:	8532                	mv	a0,a2
c:\Users\seanw\mounriver-studio-projects\earth-computar\obj/../StdPeriphDriver/CH57x_sys.c:397
    int i;
    for(i = 0; i < size; i++)
    1bf6:	4781                	li	a5,0
c:\Users\seanw\mounriver-studio-projects\earth-computar\obj/../StdPeriphDriver/CH57x_sys.c:399
    {
        while(R8_UART_TFC == UART_FIFO_SIZE);                  /* 等待数据发送 */
    1bf8:	40003737          	lui	a4,0x40003
    1bfc:	46a1                	li	a3,8
c:\Users\seanw\mounriver-studio-projects\earth-computar\obj/../StdPeriphDriver/CH57x_sys.c:397 (discriminator 1)
    for(i = 0; i < size; i++)
    1bfe:	00a7c363          	blt	a5,a0,1c04 <_write+0x10>
c:\Users\seanw\mounriver-studio-projects\earth-computar\obj/../StdPeriphDriver/CH57x_sys.c:403
            R8_UART_THR = *buf++; /* 发送数据 */
    }
    return size;
}
    1c02:	8082                	ret
c:\Users\seanw\mounriver-studio-projects\earth-computar\obj/../StdPeriphDriver/CH57x_sys.c:399 (discriminator 1)
        while(R8_UART_TFC == UART_FIFO_SIZE);                  /* 等待数据发送 */
    1c04:	40b74603          	lbu	a2,1035(a4) # 4000340b <_eusrstack+0x2000040b>
    1c08:	fed60ee3          	beq	a2,a3,1c04 <_write+0x10>
c:\Users\seanw\mounriver-studio-projects\earth-computar\obj/../StdPeriphDriver/CH57x_sys.c:400 (discriminator 2)
            R8_UART_THR = *buf++; /* 发送数据 */
    1c0c:	00f58633          	add	a2,a1,a5
    1c10:	2210                	lbu	a2,0(a2)
c:\Users\seanw\mounriver-studio-projects\earth-computar\obj/../StdPeriphDriver/CH57x_sys.c:397 (discriminator 2)
    for(i = 0; i < size; i++)
    1c12:	0785                	addi	a5,a5,1 # 40001001 <_eusrstack+0x1fffe001>
c:\Users\seanw\mounriver-studio-projects\earth-computar\obj/../StdPeriphDriver/CH57x_sys.c:400 (discriminator 2)
            R8_UART_THR = *buf++; /* 发送数据 */
    1c14:	40c70423          	sb	a2,1032(a4)
c:\Users\seanw\mounriver-studio-projects\earth-computar\obj/../StdPeriphDriver/CH57x_sys.c:397 (discriminator 2)
    for(i = 0; i < size; i++)
    1c18:	b7dd                	j	1bfe <_write+0xa>

00001c1a <_sbrk>:
_sbrk():
c:\Users\seanw\mounriver-studio-projects\earth-computar\obj/../StdPeriphDriver/CH57x_sys.c:420
void *_sbrk(ptrdiff_t incr)
{
    extern char _end[];
    static char *curbrk = _end;

    if ((curbrk + incr < _end) || ((uint32_t)curbrk + incr > (__get_SP() - 64)))
    1c1a:	1ffff697          	auipc	a3,0x1ffff
    1c1e:	21668693          	addi	a3,a3,534 # 20000e30 <curbrk.0>
c:\Users\seanw\mounriver-studio-projects\earth-computar\obj/../StdPeriphDriver/CH57x_sys.c:416
{
    1c22:	87aa                	mv	a5,a0
c:\Users\seanw\mounriver-studio-projects\earth-computar\obj/../StdPeriphDriver/CH57x_sys.c:420
    if ((curbrk + incr < _end) || ((uint32_t)curbrk + incr > (__get_SP() - 64)))
    1c24:	4288                	lw	a0,0(a3)
    1c26:	a2c18713          	addi	a4,gp,-1492 # 2000105c <_ebss>
    1c2a:	97aa                	add	a5,a5,a0
    1c2c:	00e7e963          	bltu	a5,a4,1c3e <_sbrk+0x24>
__get_SP():
c:/Users/seanw/mounriver-studio-projects/earth-computar/RVMSIS/core_riscv.h:630 (discriminator 1)
 */
__attribute__((always_inline)) RV_STATIC_INLINE uint32_t __get_SP(void)
{
    uint32_t result;

    __ASM volatile("mv %0," "sp" : "=r"(result) :);
    1c30:	870a                	mv	a4,sp
_sbrk():
c:\Users\seanw\mounriver-studio-projects\earth-computar\obj/../StdPeriphDriver/CH57x_sys.c:420 (discriminator 1)
    1c32:	fc070713          	addi	a4,a4,-64
    1c36:	00f76463          	bltu	a4,a5,1c3e <_sbrk+0x24>
c:\Users\seanw\mounriver-studio-projects\earth-computar\obj/../StdPeriphDriver/CH57x_sys.c:423
    return NULL - 1;

    curbrk += incr;
    1c3a:	c29c                	sw	a5,0(a3)
c:\Users\seanw\mounriver-studio-projects\earth-computar\obj/../StdPeriphDriver/CH57x_sys.c:424
    return curbrk - incr;
    1c3c:	8082                	ret
c:\Users\seanw\mounriver-studio-projects\earth-computar\obj/../StdPeriphDriver/CH57x_sys.c:421
    return NULL - 1;
    1c3e:	557d                	li	a0,-1
c:\Users\seanw\mounriver-studio-projects\earth-computar\obj/../StdPeriphDriver/CH57x_sys.c:425
}
    1c40:	8082                	ret

00001c42 <FLASH_EEPROM_CMD>:
FLASH_EEPROM_CMD():
    1c42:	1101                	addi	sp,sp,-32
    1c44:	872a                	mv	a4,a0
    1c46:	ce06                	sw	ra,28(sp)
    1c48:	852e                	mv	a0,a1
    1c4a:	cc26                	sw	s1,24(sp)
    1c4c:	85b2                	mv	a1,a2
    1c4e:	ca4a                	sw	s2,20(sp)
    1c50:	8636                	mv	a2,a3
    1c52:	c622                	sw	s0,12(sp)
    1c54:	40002437          	lui	s0,0x40002
    1c58:	e000e7b7          	lui	a5,0xe000e
    1c5c:	56fd                	li	a3,-1
    1c5e:	0007a903          	lw	s2,0(a5) # e000e000 <_eusrstack+0xc000b000>
    1c62:	43c4                	lw	s1,4(a5)
    1c64:	18d7a023          	sw	a3,384(a5)
    1c68:	18d7a223          	sw	a3,388(a5)
    1c6c:	fff70793          	addi	a5,a4,-1
    1c70:	0ff7f793          	zext.b	a5,a5
    1c74:	4809                	li	a6,2
    1c76:	08f86a63          	bltu	a6,a5,1d0a <FLASH_EEPROM_CMD+0xc8>
    1c7a:	400017b7          	lui	a5,0x40001
    1c7e:	0457c783          	lbu	a5,69(a5) # 40001045 <_eusrstack+0x1fffe045>
    1c82:	0003c8b7          	lui	a7,0x3c
    1c86:	57f9                	li	a5,-2
    1c88:	05157463          	bgeu	a0,a7,1cd0 <FLASH_EEPROM_CMD+0x8e>
    1c8c:	00c506b3          	add	a3,a0,a2
    1c90:	04d8e063          	bltu	a7,a3,1cd0 <FLASH_EEPROM_CMD+0x8e>
    1c94:	05071463          	bne	a4,a6,1cdc <FLASH_EEPROM_CMD+0x9a>
    1c98:	8209                	srli	a2,a2,0x2
    1c9a:	1ffff097          	auipc	ra,0x1ffff
    1c9e:	f44080e7          	jalr	-188(ra) # 20000bde <FLASH_CMD_ROM_WRITE>
    1ca2:	87aa                	mv	a5,a0
    1ca4:	40001737          	lui	a4,0x40001
    1ca8:	05700693          	li	a3,87
    1cac:	04d70023          	sb	a3,64(a4) # 40001040 <_eusrstack+0x1fffe040>
    1cb0:	fa800693          	li	a3,-88
    1cb4:	04d70023          	sb	a3,64(a4)
    1cb8:	04474683          	lbu	a3,68(a4)
    1cbc:	8ac1                	andi	a3,a3,16
    1cbe:	04d70223          	sb	a3,68(a4)
    1cc2:	e000e737          	lui	a4,0xe000e
    1cc6:	11272023          	sw	s2,256(a4) # e000e100 <_eusrstack+0xc000b100>
    1cca:	10972223          	sw	s1,260(a4)
    1cce:	4432                	lw	s0,12(sp)
    1cd0:	40f2                	lw	ra,28(sp)
    1cd2:	44e2                	lw	s1,24(sp)
    1cd4:	4952                	lw	s2,20(sp)
    1cd6:	853e                	mv	a0,a5
    1cd8:	6105                	addi	sp,sp,32
    1cda:	8082                	ret
    1cdc:	4785                	li	a5,1
    1cde:	00f71f63          	bne	a4,a5,1cfc <FLASH_EEPROM_CMD+0xba>
    1ce2:	6785                	lui	a5,0x1
    1ce4:	17fd                	addi	a5,a5,-1 # fff <i2c_read_from+0x25>
    1ce6:	963e                	add	a2,a2,a5
    1ce8:	8fe9                	and	a5,a5,a0
    1cea:	963e                	add	a2,a2,a5
    1cec:	77fd                	lui	a5,0xfffff
    1cee:	8e7d                	and	a2,a2,a5
    1cf0:	8d7d                	and	a0,a0,a5
    1cf2:	1ffff097          	auipc	ra,0x1ffff
    1cf6:	f4c080e7          	jalr	-180(ra) # 20000c3e <FLASH_CMD_ROM_ERASE>
    1cfa:	b765                	j	1ca2 <FLASH_EEPROM_CMD+0x60>
    1cfc:	1ffff097          	auipc	ra,0x1ffff
    1d00:	fb4080e7          	jalr	-76(ra) # 20000cb0 <FLASH_CMD_ROM_VERIFY>
    1d04:	00150793          	addi	a5,a0,1
    1d08:	bf71                	j	1ca4 <FLASH_EEPROM_CMD+0x62>
    1d0a:	47b5                	li	a5,13
    1d0c:	00f71a63          	bne	a4,a5,1d20 <FLASH_EEPROM_CMD+0xde>
    1d10:	0b900513          	li	a0,185
    1d14:	1ffff097          	auipc	ra,0x1ffff
    1d18:	fec080e7          	jalr	-20(ra) # 20000d00 <FLASH_CMD_ROM_PWR>
    1d1c:	4781                	li	a5,0
    1d1e:	b759                	j	1ca4 <FLASH_EEPROM_CMD+0x62>
    1d20:	47b1                	li	a5,12
    1d22:	00f71563          	bne	a4,a5,1d2c <FLASH_EEPROM_CMD+0xea>
    1d26:	0ab00513          	li	a0,171
    1d2a:	b7ed                	j	1d14 <FLASH_EEPROM_CMD+0xd2>
    1d2c:	4799                	li	a5,6
    1d2e:	00f71763          	bne	a4,a5,1d3c <FLASH_EEPROM_CMD+0xfa>
    1d32:	1ffff097          	auipc	ra,0x1ffff
    1d36:	fe0080e7          	jalr	-32(ra) # 20000d12 <FLASH_CMD_GET_ROM_INFO>
    1d3a:	b7cd                	j	1d1c <FLASH_EEPROM_CMD+0xda>
    1d3c:	479d                	li	a5,7
    1d3e:	00f71b63          	bne	a4,a5,1d54 <FLASH_EEPROM_CMD+0x112>
    1d42:	0005a023          	sw	zero,0(a1)
    1d46:	0005a223          	sw	zero,4(a1)
    1d4a:	1ffff097          	auipc	ra,0x1ffff
    1d4e:	022080e7          	jalr	34(ra) # 20000d6c <FLASH_CMD_GET_UNIQUE_ID>
    1d52:	b7e9                	j	1d1c <FLASH_EEPROM_CMD+0xda>
    1d54:	4791                	li	a5,4
    1d56:	00f71763          	bne	a4,a5,1d64 <FLASH_EEPROM_CMD+0x122>
    1d5a:	1ffff097          	auipc	ra,0x1ffff
    1d5e:	050080e7          	jalr	80(ra) # 20000daa <FLASH_CMD_ROM_SW_RESET>
    1d62:	bf6d                	j	1d1c <FLASH_EEPROM_CMD+0xda>
    1d64:	4781                	li	a5,0
    1d66:	df1d                	beqz	a4,1ca4 <FLASH_EEPROM_CMD+0x62>
    1d68:	57f1                	li	a5,-4
    1d6a:	bf2d                	j	1ca4 <FLASH_EEPROM_CMD+0x62>

00001d6c <iprintf>:
printf():
    1d6c:	715d                	addi	sp,sp,-80
    1d6e:	d422                	sw	s0,40(sp)
    1d70:	d606                	sw	ra,44(sp)
    1d72:	842a                	mv	s0,a0
    1d74:	da2e                	sw	a1,52(sp)
    1d76:	dc32                	sw	a2,56(sp)
    1d78:	de36                	sw	a3,60(sp)
    1d7a:	c0ba                	sw	a4,64(sp)
    1d7c:	c2be                	sw	a5,68(sp)
    1d7e:	c4c2                	sw	a6,72(sp)
    1d80:	c6c6                	sw	a7,76(sp)
    1d82:	1ffff517          	auipc	a0,0x1ffff
    1d86:	0b252503          	lw	a0,178(a0) # 20000e34 <_impure_ptr>
    1d8a:	c511                	beqz	a0,1d96 <iprintf+0x2a>
    1d8c:	4d1c                	lw	a5,24(a0)
    1d8e:	e781                	bnez	a5,1d96 <iprintf+0x2a>
    1d90:	c62a                	sw	a0,12(sp)
    1d92:	21b1                	jal	21de <__sinit>
    1d94:	4532                	lw	a0,12(sp)
    1d96:	450c                	lw	a1,8(a0)
    1d98:	1854                	addi	a3,sp,52
    1d9a:	8622                	mv	a2,s0
    1d9c:	ce36                	sw	a3,28(sp)
    1d9e:	103000ef          	jal	ra,26a0 <_vfiprintf_r>
    1da2:	50b2                	lw	ra,44(sp)
    1da4:	5422                	lw	s0,40(sp)
    1da6:	6161                	addi	sp,sp,80
    1da8:	8082                	ret

00001daa <__swbuf_r>:
__swbuf_r():
    1daa:	1101                	addi	sp,sp,-32
    1dac:	cc22                	sw	s0,24(sp)
    1dae:	ca26                	sw	s1,20(sp)
    1db0:	c84a                	sw	s2,16(sp)
    1db2:	ce06                	sw	ra,28(sp)
    1db4:	c64e                	sw	s3,12(sp)
    1db6:	84aa                	mv	s1,a0
    1db8:	892e                	mv	s2,a1
    1dba:	8432                	mv	s0,a2
    1dbc:	c501                	beqz	a0,1dc4 <__swbuf_r+0x1a>
    1dbe:	4d1c                	lw	a5,24(a0)
    1dc0:	e391                	bnez	a5,1dc4 <__swbuf_r+0x1a>
    1dc2:	2931                	jal	21de <__sinit>
    1dc4:	00001797          	auipc	a5,0x1
    1dc8:	1b478793          	addi	a5,a5,436 # 2f78 <__sf_fake_stdin>
    1dcc:	02f41763          	bne	s0,a5,1dfa <__swbuf_r+0x50>
    1dd0:	40c0                	lw	s0,4(s1)
    1dd2:	4c1c                	lw	a5,24(s0)
    1dd4:	c41c                	sw	a5,8(s0)
    1dd6:	245e                	lhu	a5,12(s0)
    1dd8:	8ba1                	andi	a5,a5,8
    1dda:	c399                	beqz	a5,1de0 <__swbuf_r+0x36>
    1ddc:	481c                	lw	a5,16(s0)
    1dde:	ef95                	bnez	a5,1e1a <__swbuf_r+0x70>
    1de0:	85a2                	mv	a1,s0
    1de2:	8526                	mv	a0,s1
    1de4:	2049                	jal	1e66 <__swsetup_r>
    1de6:	c915                	beqz	a0,1e1a <__swbuf_r+0x70>
    1de8:	597d                	li	s2,-1
    1dea:	40f2                	lw	ra,28(sp)
    1dec:	4462                	lw	s0,24(sp)
    1dee:	44d2                	lw	s1,20(sp)
    1df0:	49b2                	lw	s3,12(sp)
    1df2:	854a                	mv	a0,s2
    1df4:	4942                	lw	s2,16(sp)
    1df6:	6105                	addi	sp,sp,32
    1df8:	8082                	ret
    1dfa:	00001797          	auipc	a5,0x1
    1dfe:	15e78793          	addi	a5,a5,350 # 2f58 <__sf_fake_stdout>
    1e02:	00f41463          	bne	s0,a5,1e0a <__swbuf_r+0x60>
    1e06:	4480                	lw	s0,8(s1)
    1e08:	b7e9                	j	1dd2 <__swbuf_r+0x28>
    1e0a:	00001797          	auipc	a5,0x1
    1e0e:	12e78793          	addi	a5,a5,302 # 2f38 <__sf_fake_stderr>
    1e12:	fcf410e3          	bne	s0,a5,1dd2 <__swbuf_r+0x28>
    1e16:	44c0                	lw	s0,12(s1)
    1e18:	bf6d                	j	1dd2 <__swbuf_r+0x28>
    1e1a:	481c                	lw	a5,16(s0)
    1e1c:	4008                	lw	a0,0(s0)
    1e1e:	0ff97993          	zext.b	s3,s2
    1e22:	0ff97913          	zext.b	s2,s2
    1e26:	8d1d                	sub	a0,a0,a5
    1e28:	485c                	lw	a5,20(s0)
    1e2a:	00f54663          	blt	a0,a5,1e36 <__swbuf_r+0x8c>
    1e2e:	85a2                	mv	a1,s0
    1e30:	8526                	mv	a0,s1
    1e32:	2ca1                	jal	208a <_fflush_r>
    1e34:	f955                	bnez	a0,1de8 <__swbuf_r+0x3e>
    1e36:	441c                	lw	a5,8(s0)
    1e38:	0505                	addi	a0,a0,1
    1e3a:	17fd                	addi	a5,a5,-1
    1e3c:	c41c                	sw	a5,8(s0)
    1e3e:	401c                	lw	a5,0(s0)
    1e40:	00178713          	addi	a4,a5,1
    1e44:	c018                	sw	a4,0(s0)
    1e46:	01378023          	sb	s3,0(a5)
    1e4a:	485c                	lw	a5,20(s0)
    1e4c:	00a78863          	beq	a5,a0,1e5c <__swbuf_r+0xb2>
    1e50:	245e                	lhu	a5,12(s0)
    1e52:	8b85                	andi	a5,a5,1
    1e54:	dbd9                	beqz	a5,1dea <__swbuf_r+0x40>
    1e56:	47a9                	li	a5,10
    1e58:	f8f919e3          	bne	s2,a5,1dea <__swbuf_r+0x40>
    1e5c:	85a2                	mv	a1,s0
    1e5e:	8526                	mv	a0,s1
    1e60:	242d                	jal	208a <_fflush_r>
    1e62:	d541                	beqz	a0,1dea <__swbuf_r+0x40>
    1e64:	b751                	j	1de8 <__swbuf_r+0x3e>

00001e66 <__swsetup_r>:
__swsetup_r():
    1e66:	1141                	addi	sp,sp,-16
    1e68:	c422                	sw	s0,8(sp)
    1e6a:	c226                	sw	s1,4(sp)
    1e6c:	c04a                	sw	s2,0(sp)
    1e6e:	c606                	sw	ra,12(sp)
    1e70:	1ffff497          	auipc	s1,0x1ffff
    1e74:	fc44a483          	lw	s1,-60(s1) # 20000e34 <_impure_ptr>
    1e78:	892a                	mv	s2,a0
    1e7a:	842e                	mv	s0,a1
    1e7c:	c489                	beqz	s1,1e86 <__swsetup_r+0x20>
    1e7e:	4c9c                	lw	a5,24(s1)
    1e80:	e399                	bnez	a5,1e86 <__swsetup_r+0x20>
    1e82:	8526                	mv	a0,s1
    1e84:	2ea9                	jal	21de <__sinit>
    1e86:	00001797          	auipc	a5,0x1
    1e8a:	0f278793          	addi	a5,a5,242 # 2f78 <__sf_fake_stdin>
    1e8e:	02f41363          	bne	s0,a5,1eb4 <__swsetup_r+0x4e>
    1e92:	40c0                	lw	s0,4(s1)
    1e94:	00c41783          	lh	a5,12(s0) # 4000200c <_eusrstack+0x1ffff00c>
    1e98:	0087f713          	andi	a4,a5,8
    1e9c:	e725                	bnez	a4,1f04 <__swsetup_r+0x9e>
    1e9e:	0107f713          	andi	a4,a5,16
    1ea2:	eb0d                	bnez	a4,1ed4 <__swsetup_r+0x6e>
    1ea4:	4725                	li	a4,9
    1ea6:	00e92023          	sw	a4,0(s2)
    1eaa:	0407e793          	ori	a5,a5,64
    1eae:	a45e                	sh	a5,12(s0)
    1eb0:	557d                	li	a0,-1
    1eb2:	a071                	j	1f3e <__swsetup_r+0xd8>
    1eb4:	00001797          	auipc	a5,0x1
    1eb8:	0a478793          	addi	a5,a5,164 # 2f58 <__sf_fake_stdout>
    1ebc:	00f41463          	bne	s0,a5,1ec4 <__swsetup_r+0x5e>
    1ec0:	4480                	lw	s0,8(s1)
    1ec2:	bfc9                	j	1e94 <__swsetup_r+0x2e>
    1ec4:	00001797          	auipc	a5,0x1
    1ec8:	07478793          	addi	a5,a5,116 # 2f38 <__sf_fake_stderr>
    1ecc:	fcf414e3          	bne	s0,a5,1e94 <__swsetup_r+0x2e>
    1ed0:	44c0                	lw	s0,12(s1)
    1ed2:	b7c9                	j	1e94 <__swsetup_r+0x2e>
    1ed4:	8b91                	andi	a5,a5,4
    1ed6:	c39d                	beqz	a5,1efc <__swsetup_r+0x96>
    1ed8:	584c                	lw	a1,52(s0)
    1eda:	c989                	beqz	a1,1eec <__swsetup_r+0x86>
    1edc:	04440793          	addi	a5,s0,68
    1ee0:	00f58463          	beq	a1,a5,1ee8 <__swsetup_r+0x82>
    1ee4:	854a                	mv	a0,s2
    1ee6:	2bb9                	jal	2444 <_free_r>
    1ee8:	02042a23          	sw	zero,52(s0)
    1eec:	245e                	lhu	a5,12(s0)
    1eee:	00042223          	sw	zero,4(s0)
    1ef2:	fdb7f793          	andi	a5,a5,-37
    1ef6:	a45e                	sh	a5,12(s0)
    1ef8:	481c                	lw	a5,16(s0)
    1efa:	c01c                	sw	a5,0(s0)
    1efc:	245e                	lhu	a5,12(s0)
    1efe:	0087e793          	ori	a5,a5,8
    1f02:	a45e                	sh	a5,12(s0)
    1f04:	481c                	lw	a5,16(s0)
    1f06:	eb99                	bnez	a5,1f1c <__swsetup_r+0xb6>
    1f08:	245e                	lhu	a5,12(s0)
    1f0a:	20000713          	li	a4,512
    1f0e:	2807f793          	andi	a5,a5,640
    1f12:	00e78563          	beq	a5,a4,1f1c <__swsetup_r+0xb6>
    1f16:	85a2                	mv	a1,s0
    1f18:	854a                	mv	a0,s2
    1f1a:	2961                	jal	23b2 <__smakebuf_r>
    1f1c:	00c41783          	lh	a5,12(s0)
    1f20:	0017f713          	andi	a4,a5,1
    1f24:	c31d                	beqz	a4,1f4a <__swsetup_r+0xe4>
    1f26:	4858                	lw	a4,20(s0)
    1f28:	00042423          	sw	zero,8(s0)
    1f2c:	40e00733          	neg	a4,a4
    1f30:	cc18                	sw	a4,24(s0)
    1f32:	4818                	lw	a4,16(s0)
    1f34:	4501                	li	a0,0
    1f36:	e701                	bnez	a4,1f3e <__swsetup_r+0xd8>
    1f38:	0807f713          	andi	a4,a5,128
    1f3c:	f73d                	bnez	a4,1eaa <__swsetup_r+0x44>
    1f3e:	40b2                	lw	ra,12(sp)
    1f40:	4422                	lw	s0,8(sp)
    1f42:	4492                	lw	s1,4(sp)
    1f44:	4902                	lw	s2,0(sp)
    1f46:	0141                	addi	sp,sp,16
    1f48:	8082                	ret
    1f4a:	0027f713          	andi	a4,a5,2
    1f4e:	4681                	li	a3,0
    1f50:	e311                	bnez	a4,1f54 <__swsetup_r+0xee>
    1f52:	4854                	lw	a3,20(s0)
    1f54:	c414                	sw	a3,8(s0)
    1f56:	bff1                	j	1f32 <__swsetup_r+0xcc>

00001f58 <__sflush_r>:
__sflush_r():
    1f58:	00c59783          	lh	a5,12(a1)
    1f5c:	1101                	addi	sp,sp,-32
    1f5e:	cc22                	sw	s0,24(sp)
    1f60:	ca26                	sw	s1,20(sp)
    1f62:	ce06                	sw	ra,28(sp)
    1f64:	c84a                	sw	s2,16(sp)
    1f66:	c64e                	sw	s3,12(sp)
    1f68:	0087f713          	andi	a4,a5,8
    1f6c:	84aa                	mv	s1,a0
    1f6e:	842e                	mv	s0,a1
    1f70:	e379                	bnez	a4,2036 <__sflush_r+0xde>
    1f72:	41d8                	lw	a4,4(a1)
    1f74:	00e04563          	bgtz	a4,1f7e <__sflush_r+0x26>
    1f78:	41b8                	lw	a4,64(a1)
    1f7a:	08e05663          	blez	a4,2006 <__sflush_r+0xae>
    1f7e:	5458                	lw	a4,44(s0)
    1f80:	c359                	beqz	a4,2006 <__sflush_r+0xae>
    1f82:	0004a903          	lw	s2,0(s1)
    1f86:	0004a023          	sw	zero,0(s1)
    1f8a:	500c                	lw	a1,32(s0)
    1f8c:	48c7d793          	bexti	a5,a5,0xc
    1f90:	cba9                	beqz	a5,1fe2 <__sflush_r+0x8a>
    1f92:	4870                	lw	a2,84(s0)
    1f94:	245e                	lhu	a5,12(s0)
    1f96:	8b91                	andi	a5,a5,4
    1f98:	c799                	beqz	a5,1fa6 <__sflush_r+0x4e>
    1f9a:	405c                	lw	a5,4(s0)
    1f9c:	8e1d                	sub	a2,a2,a5
    1f9e:	585c                	lw	a5,52(s0)
    1fa0:	c399                	beqz	a5,1fa6 <__sflush_r+0x4e>
    1fa2:	403c                	lw	a5,64(s0)
    1fa4:	8e1d                	sub	a2,a2,a5
    1fa6:	545c                	lw	a5,44(s0)
    1fa8:	500c                	lw	a1,32(s0)
    1faa:	4681                	li	a3,0
    1fac:	8526                	mv	a0,s1
    1fae:	9782                	jalr	a5
    1fb0:	57fd                	li	a5,-1
    1fb2:	04f50c63          	beq	a0,a5,200a <__sflush_r+0xb2>
    1fb6:	481c                	lw	a5,16(s0)
    1fb8:	6705                	lui	a4,0x1
    1fba:	00042223          	sw	zero,4(s0)
    1fbe:	c01c                	sw	a5,0(s0)
    1fc0:	245e                	lhu	a5,12(s0)
    1fc2:	8ff9                	and	a5,a5,a4
    1fc4:	c391                	beqz	a5,1fc8 <__sflush_r+0x70>
    1fc6:	c868                	sw	a0,84(s0)
    1fc8:	584c                	lw	a1,52(s0)
    1fca:	0124a023          	sw	s2,0(s1)
    1fce:	cd85                	beqz	a1,2006 <__sflush_r+0xae>
    1fd0:	04440793          	addi	a5,s0,68
    1fd4:	00f58463          	beq	a1,a5,1fdc <__sflush_r+0x84>
    1fd8:	8526                	mv	a0,s1
    1fda:	21ad                	jal	2444 <_free_r>
    1fdc:	02042a23          	sw	zero,52(s0)
    1fe0:	a01d                	j	2006 <__sflush_r+0xae>
    1fe2:	4601                	li	a2,0
    1fe4:	4685                	li	a3,1
    1fe6:	8526                	mv	a0,s1
    1fe8:	9702                	jalr	a4
    1fea:	57fd                	li	a5,-1
    1fec:	862a                	mv	a2,a0
    1fee:	faf513e3          	bne	a0,a5,1f94 <__sflush_r+0x3c>
    1ff2:	409c                	lw	a5,0(s1)
    1ff4:	d3c5                	beqz	a5,1f94 <__sflush_r+0x3c>
    1ff6:	4775                	li	a4,29
    1ff8:	00e78563          	beq	a5,a4,2002 <__sflush_r+0xaa>
    1ffc:	4759                	li	a4,22
    1ffe:	06e79563          	bne	a5,a4,2068 <__sflush_r+0x110>
    2002:	0124a023          	sw	s2,0(s1)
    2006:	4501                	li	a0,0
    2008:	a0b5                	j	2074 <__sflush_r+0x11c>
    200a:	4098                	lw	a4,0(s1)
    200c:	00c41783          	lh	a5,12(s0)
    2010:	cf01                	beqz	a4,2028 <__sflush_r+0xd0>
    2012:	46f5                	li	a3,29
    2014:	00d70563          	beq	a4,a3,201e <__sflush_r+0xc6>
    2018:	46d9                	li	a3,22
    201a:	04d71963          	bne	a4,a3,206c <__sflush_r+0x114>
    201e:	481c                	lw	a5,16(s0)
    2020:	00042223          	sw	zero,4(s0)
    2024:	c01c                	sw	a5,0(s0)
    2026:	b74d                	j	1fc8 <__sflush_r+0x70>
    2028:	4818                	lw	a4,16(s0)
    202a:	00042223          	sw	zero,4(s0)
    202e:	48c7d793          	bexti	a5,a5,0xc
    2032:	c018                	sw	a4,0(s0)
    2034:	bf41                	j	1fc4 <__sflush_r+0x6c>
    2036:	0105a983          	lw	s3,16(a1)
    203a:	fc0986e3          	beqz	s3,2006 <__sflush_r+0xae>
    203e:	0005a903          	lw	s2,0(a1)
    2042:	8b8d                	andi	a5,a5,3
    2044:	0135a023          	sw	s3,0(a1)
    2048:	41390933          	sub	s2,s2,s3
    204c:	4701                	li	a4,0
    204e:	e391                	bnez	a5,2052 <__sflush_r+0xfa>
    2050:	49d8                	lw	a4,20(a1)
    2052:	c418                	sw	a4,8(s0)
    2054:	fb2059e3          	blez	s2,2006 <__sflush_r+0xae>
    2058:	541c                	lw	a5,40(s0)
    205a:	500c                	lw	a1,32(s0)
    205c:	86ca                	mv	a3,s2
    205e:	864e                	mv	a2,s3
    2060:	8526                	mv	a0,s1
    2062:	9782                	jalr	a5
    2064:	00a04f63          	bgtz	a0,2082 <__sflush_r+0x12a>
    2068:	00c41783          	lh	a5,12(s0)
    206c:	0407e793          	ori	a5,a5,64
    2070:	a45e                	sh	a5,12(s0)
    2072:	557d                	li	a0,-1
    2074:	40f2                	lw	ra,28(sp)
    2076:	4462                	lw	s0,24(sp)
    2078:	44d2                	lw	s1,20(sp)
    207a:	4942                	lw	s2,16(sp)
    207c:	49b2                	lw	s3,12(sp)
    207e:	6105                	addi	sp,sp,32
    2080:	8082                	ret
    2082:	99aa                	add	s3,s3,a0
    2084:	40a90933          	sub	s2,s2,a0
    2088:	b7f1                	j	2054 <__sflush_r+0xfc>

0000208a <_fflush_r>:
_fflush_r():
    208a:	499c                	lw	a5,16(a1)
    208c:	1141                	addi	sp,sp,-16
    208e:	c606                	sw	ra,12(sp)
    2090:	c422                	sw	s0,8(sp)
    2092:	c226                	sw	s1,4(sp)
    2094:	eb81                	bnez	a5,20a4 <_fflush_r+0x1a>
    2096:	4481                	li	s1,0
    2098:	40b2                	lw	ra,12(sp)
    209a:	4422                	lw	s0,8(sp)
    209c:	8526                	mv	a0,s1
    209e:	4492                	lw	s1,4(sp)
    20a0:	0141                	addi	sp,sp,16
    20a2:	8082                	ret
    20a4:	84aa                	mv	s1,a0
    20a6:	842e                	mv	s0,a1
    20a8:	c501                	beqz	a0,20b0 <_fflush_r+0x26>
    20aa:	4d1c                	lw	a5,24(a0)
    20ac:	e391                	bnez	a5,20b0 <_fflush_r+0x26>
    20ae:	2a05                	jal	21de <__sinit>
    20b0:	00001797          	auipc	a5,0x1
    20b4:	ec878793          	addi	a5,a5,-312 # 2f78 <__sf_fake_stdin>
    20b8:	02f41c63          	bne	s0,a5,20f0 <_fflush_r+0x66>
    20bc:	40c0                	lw	s0,4(s1)
    20be:	00c41783          	lh	a5,12(s0)
    20c2:	dbf1                	beqz	a5,2096 <_fflush_r+0xc>
    20c4:	5078                	lw	a4,100(s0)
    20c6:	8b05                	andi	a4,a4,1
    20c8:	e711                	bnez	a4,20d4 <_fflush_r+0x4a>
    20ca:	2007f793          	andi	a5,a5,512
    20ce:	e399                	bnez	a5,20d4 <_fflush_r+0x4a>
    20d0:	4c28                	lw	a0,88(s0)
    20d2:	2451                	jal	2356 <__retarget_lock_acquire_recursive>
    20d4:	8526                	mv	a0,s1
    20d6:	85a2                	mv	a1,s0
    20d8:	3541                	jal	1f58 <__sflush_r>
    20da:	507c                	lw	a5,100(s0)
    20dc:	84aa                	mv	s1,a0
    20de:	8b85                	andi	a5,a5,1
    20e0:	ffc5                	bnez	a5,2098 <_fflush_r+0xe>
    20e2:	245e                	lhu	a5,12(s0)
    20e4:	2007f793          	andi	a5,a5,512
    20e8:	fbc5                	bnez	a5,2098 <_fflush_r+0xe>
    20ea:	4c28                	lw	a0,88(s0)
    20ec:	24b5                	jal	2358 <__retarget_lock_release_recursive>
    20ee:	b76d                	j	2098 <_fflush_r+0xe>
    20f0:	00001797          	auipc	a5,0x1
    20f4:	e6878793          	addi	a5,a5,-408 # 2f58 <__sf_fake_stdout>
    20f8:	00f41463          	bne	s0,a5,2100 <_fflush_r+0x76>
    20fc:	4480                	lw	s0,8(s1)
    20fe:	b7c1                	j	20be <_fflush_r+0x34>
    2100:	00001797          	auipc	a5,0x1
    2104:	e3878793          	addi	a5,a5,-456 # 2f38 <__sf_fake_stderr>
    2108:	faf41be3          	bne	s0,a5,20be <_fflush_r+0x34>
    210c:	44c0                	lw	s0,12(s1)
    210e:	bf45                	j	20be <_fflush_r+0x34>

00002110 <std>:
std():
    2110:	1141                	addi	sp,sp,-16
    2112:	c422                	sw	s0,8(sp)
    2114:	c606                	sw	ra,12(sp)
    2116:	842a                	mv	s0,a0
    2118:	a54e                	sh	a1,12(a0)
    211a:	a572                	sh	a2,14(a0)
    211c:	00052023          	sw	zero,0(a0)
    2120:	00052223          	sw	zero,4(a0)
    2124:	00052423          	sw	zero,8(a0)
    2128:	06052223          	sw	zero,100(a0)
    212c:	00052823          	sw	zero,16(a0)
    2130:	00052a23          	sw	zero,20(a0)
    2134:	00052c23          	sw	zero,24(a0)
    2138:	4621                	li	a2,8
    213a:	4581                	li	a1,0
    213c:	05c50513          	addi	a0,a0,92
    2140:	d51fe0ef          	jal	ra,e90 <memset>
    2144:	00001797          	auipc	a5,0x1
    2148:	83478793          	addi	a5,a5,-1996 # 2978 <__sread>
    214c:	d05c                	sw	a5,36(s0)
    214e:	00001797          	auipc	a5,0x1
    2152:	85478793          	addi	a5,a5,-1964 # 29a2 <__swrite>
    2156:	d41c                	sw	a5,40(s0)
    2158:	00001797          	auipc	a5,0x1
    215c:	89078793          	addi	a5,a5,-1904 # 29e8 <__sseek>
    2160:	d45c                	sw	a5,44(s0)
    2162:	00001797          	auipc	a5,0x1
    2166:	8b478793          	addi	a5,a5,-1868 # 2a16 <__sclose>
    216a:	40b2                	lw	ra,12(sp)
    216c:	d000                	sw	s0,32(s0)
    216e:	d81c                	sw	a5,48(s0)
    2170:	4422                	lw	s0,8(sp)
    2172:	0141                	addi	sp,sp,16
    2174:	8082                	ret

00002176 <_cleanup_r>:
_cleanup_r():
    2176:	00000597          	auipc	a1,0x0
    217a:	f1458593          	addi	a1,a1,-236 # 208a <_fflush_r>
    217e:	a2bd                	j	22ec <_fwalk_reent>

00002180 <__sfmoreglue>:
__sfmoreglue():
    2180:	1141                	addi	sp,sp,-16
    2182:	c226                	sw	s1,4(sp)
    2184:	06800793          	li	a5,104
    2188:	fff58493          	addi	s1,a1,-1
    218c:	02f484b3          	mul	s1,s1,a5
    2190:	c04a                	sw	s2,0(sp)
    2192:	892e                	mv	s2,a1
    2194:	c422                	sw	s0,8(sp)
    2196:	c606                	sw	ra,12(sp)
    2198:	07448593          	addi	a1,s1,116
    219c:	2e69                	jal	2536 <_malloc_r>
    219e:	842a                	mv	s0,a0
    21a0:	cd01                	beqz	a0,21b8 <__sfmoreglue+0x38>
    21a2:	00052023          	sw	zero,0(a0)
    21a6:	01252223          	sw	s2,4(a0)
    21aa:	0531                	addi	a0,a0,12
    21ac:	c408                	sw	a0,8(s0)
    21ae:	06848613          	addi	a2,s1,104
    21b2:	4581                	li	a1,0
    21b4:	cddfe0ef          	jal	ra,e90 <memset>
    21b8:	40b2                	lw	ra,12(sp)
    21ba:	8522                	mv	a0,s0
    21bc:	4422                	lw	s0,8(sp)
    21be:	4492                	lw	s1,4(sp)
    21c0:	4902                	lw	s2,0(sp)
    21c2:	0141                	addi	sp,sp,16
    21c4:	8082                	ret

000021c6 <__sfp_lock_acquire>:
__sfp_lock_acquire():
    21c6:	82c18513          	addi	a0,gp,-2004 # 20000e5c <__lock___sfp_recursive_mutex>
    21ca:	a271                	j	2356 <__retarget_lock_acquire_recursive>

000021cc <__sfp_lock_release>:
__sfp_lock_release():
    21cc:	82c18513          	addi	a0,gp,-2004 # 20000e5c <__lock___sfp_recursive_mutex>
    21d0:	a261                	j	2358 <__retarget_lock_release_recursive>

000021d2 <__sinit_lock_acquire>:
__sinit_lock_acquire():
    21d2:	83018513          	addi	a0,gp,-2000 # 20000e60 <__lock___sinit_recursive_mutex>
    21d6:	a241                	j	2356 <__retarget_lock_acquire_recursive>

000021d8 <__sinit_lock_release>:
__sinit_lock_release():
    21d8:	83018513          	addi	a0,gp,-2000 # 20000e60 <__lock___sinit_recursive_mutex>
    21dc:	aab5                	j	2358 <__retarget_lock_release_recursive>

000021de <__sinit>:
__sinit():
    21de:	1141                	addi	sp,sp,-16
    21e0:	c422                	sw	s0,8(sp)
    21e2:	c606                	sw	ra,12(sp)
    21e4:	842a                	mv	s0,a0
    21e6:	37f5                	jal	21d2 <__sinit_lock_acquire>
    21e8:	4c1c                	lw	a5,24(s0)
    21ea:	c789                	beqz	a5,21f4 <__sinit+0x16>
    21ec:	4422                	lw	s0,8(sp)
    21ee:	40b2                	lw	ra,12(sp)
    21f0:	0141                	addi	sp,sp,16
    21f2:	b7dd                	j	21d8 <__sinit_lock_release>
    21f4:	00000797          	auipc	a5,0x0
    21f8:	f8278793          	addi	a5,a5,-126 # 2176 <_cleanup_r>
    21fc:	d41c                	sw	a5,40(s0)
    21fe:	04042423          	sw	zero,72(s0)
    2202:	04042623          	sw	zero,76(s0)
    2206:	04042823          	sw	zero,80(s0)
    220a:	8081a783          	lw	a5,-2040(gp) # 20000e38 <_global_impure_ptr>
    220e:	00879463          	bne	a5,s0,2216 <__sinit+0x38>
    2212:	4785                	li	a5,1
    2214:	cc1c                	sw	a5,24(s0)
    2216:	8522                	mv	a0,s0
    2218:	203d                	jal	2246 <__sfp>
    221a:	c048                	sw	a0,4(s0)
    221c:	8522                	mv	a0,s0
    221e:	2025                	jal	2246 <__sfp>
    2220:	c408                	sw	a0,8(s0)
    2222:	8522                	mv	a0,s0
    2224:	200d                	jal	2246 <__sfp>
    2226:	c448                	sw	a0,12(s0)
    2228:	4048                	lw	a0,4(s0)
    222a:	4601                	li	a2,0
    222c:	4591                	li	a1,4
    222e:	35cd                	jal	2110 <std>
    2230:	4408                	lw	a0,8(s0)
    2232:	4605                	li	a2,1
    2234:	45a5                	li	a1,9
    2236:	3de9                	jal	2110 <std>
    2238:	4448                	lw	a0,12(s0)
    223a:	4609                	li	a2,2
    223c:	45c9                	li	a1,18
    223e:	3dc9                	jal	2110 <std>
    2240:	4785                	li	a5,1
    2242:	cc1c                	sw	a5,24(s0)
    2244:	b765                	j	21ec <__sinit+0xe>

00002246 <__sfp>:
__sfp():
    2246:	1141                	addi	sp,sp,-16
    2248:	c226                	sw	s1,4(sp)
    224a:	c04a                	sw	s2,0(sp)
    224c:	c606                	sw	ra,12(sp)
    224e:	c422                	sw	s0,8(sp)
    2250:	892a                	mv	s2,a0
    2252:	3f95                	jal	21c6 <__sfp_lock_acquire>
    2254:	8081a483          	lw	s1,-2040(gp) # 20000e38 <_global_impure_ptr>
    2258:	4c9c                	lw	a5,24(s1)
    225a:	e399                	bnez	a5,2260 <__sfp+0x1a>
    225c:	8526                	mv	a0,s1
    225e:	3741                	jal	21de <__sinit>
    2260:	04848493          	addi	s1,s1,72
    2264:	4480                	lw	s0,8(s1)
    2266:	40dc                	lw	a5,4(s1)
    2268:	17fd                	addi	a5,a5,-1
    226a:	0007d663          	bgez	a5,2276 <__sfp+0x30>
    226e:	409c                	lw	a5,0(s1)
    2270:	c3bd                	beqz	a5,22d6 <__sfp+0x90>
    2272:	4084                	lw	s1,0(s1)
    2274:	bfc5                	j	2264 <__sfp+0x1e>
    2276:	00c41703          	lh	a4,12(s0)
    227a:	eb39                	bnez	a4,22d0 <__sfp+0x8a>
    227c:	77c1                	lui	a5,0xffff0
    227e:	0785                	addi	a5,a5,1 # ffff0001 <_eusrstack+0xdffed001>
    2280:	c45c                	sw	a5,12(s0)
    2282:	05840513          	addi	a0,s0,88
    2286:	06042223          	sw	zero,100(s0)
    228a:	20e9                	jal	2354 <__retarget_lock_init_recursive>
    228c:	3781                	jal	21cc <__sfp_lock_release>
    228e:	4621                	li	a2,8
    2290:	00042023          	sw	zero,0(s0)
    2294:	00042423          	sw	zero,8(s0)
    2298:	00042223          	sw	zero,4(s0)
    229c:	00042823          	sw	zero,16(s0)
    22a0:	00042a23          	sw	zero,20(s0)
    22a4:	00042c23          	sw	zero,24(s0)
    22a8:	4581                	li	a1,0
    22aa:	05c40513          	addi	a0,s0,92
    22ae:	be3fe0ef          	jal	ra,e90 <memset>
    22b2:	02042a23          	sw	zero,52(s0)
    22b6:	02042c23          	sw	zero,56(s0)
    22ba:	04042423          	sw	zero,72(s0)
    22be:	04042623          	sw	zero,76(s0)
    22c2:	40b2                	lw	ra,12(sp)
    22c4:	8522                	mv	a0,s0
    22c6:	4422                	lw	s0,8(sp)
    22c8:	4492                	lw	s1,4(sp)
    22ca:	4902                	lw	s2,0(sp)
    22cc:	0141                	addi	sp,sp,16
    22ce:	8082                	ret
    22d0:	06840413          	addi	s0,s0,104
    22d4:	bf51                	j	2268 <__sfp+0x22>
    22d6:	4591                	li	a1,4
    22d8:	854a                	mv	a0,s2
    22da:	355d                	jal	2180 <__sfmoreglue>
    22dc:	c088                	sw	a0,0(s1)
    22de:	842a                	mv	s0,a0
    22e0:	f949                	bnez	a0,2272 <__sfp+0x2c>
    22e2:	35ed                	jal	21cc <__sfp_lock_release>
    22e4:	47b1                	li	a5,12
    22e6:	00f92023          	sw	a5,0(s2)
    22ea:	bfe1                	j	22c2 <__sfp+0x7c>

000022ec <_fwalk_reent>:
_fwalk_reent():
    22ec:	7179                	addi	sp,sp,-48
    22ee:	d422                	sw	s0,40(sp)
    22f0:	d04a                	sw	s2,32(sp)
    22f2:	ce4e                	sw	s3,28(sp)
    22f4:	cc52                	sw	s4,24(sp)
    22f6:	c85a                	sw	s6,16(sp)
    22f8:	c65e                	sw	s7,12(sp)
    22fa:	d606                	sw	ra,44(sp)
    22fc:	d226                	sw	s1,36(sp)
    22fe:	ca56                	sw	s5,20(sp)
    2300:	892a                	mv	s2,a0
    2302:	8a2e                	mv	s4,a1
    2304:	04850413          	addi	s0,a0,72
    2308:	4981                	li	s3,0
    230a:	4b05                	li	s6,1
    230c:	5bfd                	li	s7,-1
    230e:	4404                	lw	s1,8(s0)
    2310:	00442a83          	lw	s5,4(s0)
    2314:	1afd                	addi	s5,s5,-1
    2316:	020ad063          	bgez	s5,2336 <_fwalk_reent+0x4a>
    231a:	4000                	lw	s0,0(s0)
    231c:	f86d                	bnez	s0,230e <_fwalk_reent+0x22>
    231e:	50b2                	lw	ra,44(sp)
    2320:	5422                	lw	s0,40(sp)
    2322:	5492                	lw	s1,36(sp)
    2324:	5902                	lw	s2,32(sp)
    2326:	4a62                	lw	s4,24(sp)
    2328:	4ad2                	lw	s5,20(sp)
    232a:	4b42                	lw	s6,16(sp)
    232c:	4bb2                	lw	s7,12(sp)
    232e:	854e                	mv	a0,s3
    2330:	49f2                	lw	s3,28(sp)
    2332:	6145                	addi	sp,sp,48
    2334:	8082                	ret
    2336:	24de                	lhu	a5,12(s1)
    2338:	00fb7b63          	bgeu	s6,a5,234e <_fwalk_reent+0x62>
    233c:	00e49783          	lh	a5,14(s1)
    2340:	01778763          	beq	a5,s7,234e <_fwalk_reent+0x62>
    2344:	85a6                	mv	a1,s1
    2346:	854a                	mv	a0,s2
    2348:	9a02                	jalr	s4
    234a:	00a9e9b3          	or	s3,s3,a0
    234e:	06848493          	addi	s1,s1,104
    2352:	b7c9                	j	2314 <_fwalk_reent+0x28>

00002354 <__retarget_lock_init_recursive>:
__retarget_lock_init_recursive():
    2354:	8082                	ret

00002356 <__retarget_lock_acquire_recursive>:
__retarget_lock_acquire_recursive():
    2356:	8082                	ret

00002358 <__retarget_lock_release_recursive>:
__retarget_lock_release_recursive():
    2358:	8082                	ret

0000235a <__swhatbuf_r>:
__swhatbuf_r():
    235a:	7159                	addi	sp,sp,-112
    235c:	d4a2                	sw	s0,104(sp)
    235e:	842e                	mv	s0,a1
    2360:	00e59583          	lh	a1,14(a1)
    2364:	d2a6                	sw	s1,100(sp)
    2366:	d0ca                	sw	s2,96(sp)
    2368:	d686                	sw	ra,108(sp)
    236a:	84b2                	mv	s1,a2
    236c:	8936                	mv	s2,a3
    236e:	0205d263          	bgez	a1,2392 <__swhatbuf_r+0x38>
    2372:	245e                	lhu	a5,12(s0)
    2374:	0807f793          	andi	a5,a5,128
    2378:	eb8d                	bnez	a5,23aa <__swhatbuf_r+0x50>
    237a:	40000713          	li	a4,1024
    237e:	50b6                	lw	ra,108(sp)
    2380:	5426                	lw	s0,104(sp)
    2382:	00f92023          	sw	a5,0(s2)
    2386:	c098                	sw	a4,0(s1)
    2388:	5906                	lw	s2,96(sp)
    238a:	5496                	lw	s1,100(sp)
    238c:	4501                	li	a0,0
    238e:	6165                	addi	sp,sp,112
    2390:	8082                	ret
    2392:	0030                	addi	a2,sp,8
    2394:	2de9                	jal	2a6e <_fstat_r>
    2396:	fc054ee3          	bltz	a0,2372 <__swhatbuf_r+0x18>
    239a:	4732                	lw	a4,12(sp)
    239c:	67bd                	lui	a5,0xf
    239e:	8ff9                	and	a5,a5,a4
    23a0:	7779                	lui	a4,0xffffe
    23a2:	97ba                	add	a5,a5,a4
    23a4:	0017b793          	seqz	a5,a5
    23a8:	bfc9                	j	237a <__swhatbuf_r+0x20>
    23aa:	4781                	li	a5,0
    23ac:	04000713          	li	a4,64
    23b0:	b7f9                	j	237e <__swhatbuf_r+0x24>

000023b2 <__smakebuf_r>:
__smakebuf_r():
    23b2:	25de                	lhu	a5,12(a1)
    23b4:	7179                	addi	sp,sp,-48
    23b6:	d422                	sw	s0,40(sp)
    23b8:	d606                	sw	ra,44(sp)
    23ba:	d226                	sw	s1,36(sp)
    23bc:	d04a                	sw	s2,32(sp)
    23be:	ce4e                	sw	s3,28(sp)
    23c0:	8b89                	andi	a5,a5,2
    23c2:	842e                	mv	s0,a1
    23c4:	cf91                	beqz	a5,23e0 <__smakebuf_r+0x2e>
    23c6:	04740793          	addi	a5,s0,71
    23ca:	c01c                	sw	a5,0(s0)
    23cc:	c81c                	sw	a5,16(s0)
    23ce:	4785                	li	a5,1
    23d0:	c85c                	sw	a5,20(s0)
    23d2:	50b2                	lw	ra,44(sp)
    23d4:	5422                	lw	s0,40(sp)
    23d6:	5492                	lw	s1,36(sp)
    23d8:	5902                	lw	s2,32(sp)
    23da:	49f2                	lw	s3,28(sp)
    23dc:	6145                	addi	sp,sp,48
    23de:	8082                	ret
    23e0:	0074                	addi	a3,sp,12
    23e2:	0030                	addi	a2,sp,8
    23e4:	84aa                	mv	s1,a0
    23e6:	3f95                	jal	235a <__swhatbuf_r>
    23e8:	49a2                	lw	s3,8(sp)
    23ea:	892a                	mv	s2,a0
    23ec:	8526                	mv	a0,s1
    23ee:	85ce                	mv	a1,s3
    23f0:	2299                	jal	2536 <_malloc_r>
    23f2:	e919                	bnez	a0,2408 <__smakebuf_r+0x56>
    23f4:	00c41783          	lh	a5,12(s0)
    23f8:	2007f713          	andi	a4,a5,512
    23fc:	fb79                	bnez	a4,23d2 <__smakebuf_r+0x20>
    23fe:	9bf1                	andi	a5,a5,-4
    2400:	0027e793          	ori	a5,a5,2
    2404:	a45e                	sh	a5,12(s0)
    2406:	b7c1                	j	23c6 <__smakebuf_r+0x14>
    2408:	00000797          	auipc	a5,0x0
    240c:	d6e78793          	addi	a5,a5,-658 # 2176 <_cleanup_r>
    2410:	d49c                	sw	a5,40(s1)
    2412:	245e                	lhu	a5,12(s0)
    2414:	c008                	sw	a0,0(s0)
    2416:	c808                	sw	a0,16(s0)
    2418:	0807e793          	ori	a5,a5,128
    241c:	a45e                	sh	a5,12(s0)
    241e:	47b2                	lw	a5,12(sp)
    2420:	01342a23          	sw	s3,20(s0)
    2424:	cb99                	beqz	a5,243a <__smakebuf_r+0x88>
    2426:	00e41583          	lh	a1,14(s0)
    242a:	8526                	mv	a0,s1
    242c:	25ad                	jal	2a96 <_isatty_r>
    242e:	c511                	beqz	a0,243a <__smakebuf_r+0x88>
    2430:	245e                	lhu	a5,12(s0)
    2432:	9bf1                	andi	a5,a5,-4
    2434:	0017e793          	ori	a5,a5,1
    2438:	a45e                	sh	a5,12(s0)
    243a:	245e                	lhu	a5,12(s0)
    243c:	0127e533          	or	a0,a5,s2
    2440:	a44a                	sh	a0,12(s0)
    2442:	bf41                	j	23d2 <__smakebuf_r+0x20>

00002444 <_free_r>:
_free_r():
    2444:	cdd1                	beqz	a1,24e0 <_free_r+0x9c>
    2446:	ffc5a783          	lw	a5,-4(a1)
    244a:	1101                	addi	sp,sp,-32
    244c:	cc22                	sw	s0,24(sp)
    244e:	ce06                	sw	ra,28(sp)
    2450:	ffc58413          	addi	s0,a1,-4
    2454:	0007d363          	bgez	a5,245a <_free_r+0x16>
    2458:	943e                	add	s0,s0,a5
    245a:	c62a                	sw	a0,12(sp)
    245c:	254d                	jal	2afe <__malloc_lock>
    245e:	83818713          	addi	a4,gp,-1992 # 20000e68 <__malloc_free_list>
    2462:	431c                	lw	a5,0(a4)
    2464:	4532                	lw	a0,12(sp)
    2466:	eb81                	bnez	a5,2476 <_free_r+0x32>
    2468:	00042223          	sw	zero,4(s0)
    246c:	c300                	sw	s0,0(a4)
    246e:	4462                	lw	s0,24(sp)
    2470:	40f2                	lw	ra,28(sp)
    2472:	6105                	addi	sp,sp,32
    2474:	ad49                	j	2b06 <__malloc_unlock>
    2476:	00f47d63          	bgeu	s0,a5,2490 <_free_r+0x4c>
    247a:	4010                	lw	a2,0(s0)
    247c:	00c406b3          	add	a3,s0,a2
    2480:	00d79663          	bne	a5,a3,248c <_free_r+0x48>
    2484:	4394                	lw	a3,0(a5)
    2486:	43dc                	lw	a5,4(a5)
    2488:	96b2                	add	a3,a3,a2
    248a:	c014                	sw	a3,0(s0)
    248c:	c05c                	sw	a5,4(s0)
    248e:	bff9                	j	246c <_free_r+0x28>
    2490:	873e                	mv	a4,a5
    2492:	43dc                	lw	a5,4(a5)
    2494:	c399                	beqz	a5,249a <_free_r+0x56>
    2496:	fef47de3          	bgeu	s0,a5,2490 <_free_r+0x4c>
    249a:	4314                	lw	a3,0(a4)
    249c:	00d70633          	add	a2,a4,a3
    24a0:	00861f63          	bne	a2,s0,24be <_free_r+0x7a>
    24a4:	4010                	lw	a2,0(s0)
    24a6:	96b2                	add	a3,a3,a2
    24a8:	c314                	sw	a3,0(a4)
    24aa:	00d70633          	add	a2,a4,a3
    24ae:	fcc790e3          	bne	a5,a2,246e <_free_r+0x2a>
    24b2:	4390                	lw	a2,0(a5)
    24b4:	43dc                	lw	a5,4(a5)
    24b6:	96b2                	add	a3,a3,a2
    24b8:	c314                	sw	a3,0(a4)
    24ba:	c35c                	sw	a5,4(a4)
    24bc:	bf4d                	j	246e <_free_r+0x2a>
    24be:	00c47563          	bgeu	s0,a2,24c8 <_free_r+0x84>
    24c2:	47b1                	li	a5,12
    24c4:	c11c                	sw	a5,0(a0)
    24c6:	b765                	j	246e <_free_r+0x2a>
    24c8:	4010                	lw	a2,0(s0)
    24ca:	00c406b3          	add	a3,s0,a2
    24ce:	00d79663          	bne	a5,a3,24da <_free_r+0x96>
    24d2:	4394                	lw	a3,0(a5)
    24d4:	43dc                	lw	a5,4(a5)
    24d6:	96b2                	add	a3,a3,a2
    24d8:	c014                	sw	a3,0(s0)
    24da:	c05c                	sw	a5,4(s0)
    24dc:	c340                	sw	s0,4(a4)
    24de:	bf41                	j	246e <_free_r+0x2a>
    24e0:	8082                	ret

000024e2 <sbrk_aligned>:
sbrk_aligned():
    24e2:	1141                	addi	sp,sp,-16
    24e4:	c04a                	sw	s2,0(sp)
    24e6:	83418913          	addi	s2,gp,-1996 # 20000e64 <__malloc_sbrk_start>
    24ea:	00092783          	lw	a5,0(s2)
    24ee:	c422                	sw	s0,8(sp)
    24f0:	c226                	sw	s1,4(sp)
    24f2:	c606                	sw	ra,12(sp)
    24f4:	84aa                	mv	s1,a0
    24f6:	842e                	mv	s0,a1
    24f8:	e789                	bnez	a5,2502 <sbrk_aligned+0x20>
    24fa:	4581                	li	a1,0
    24fc:	2991                	jal	2950 <_sbrk_r>
    24fe:	00a92023          	sw	a0,0(s2)
    2502:	85a2                	mv	a1,s0
    2504:	8526                	mv	a0,s1
    2506:	21a9                	jal	2950 <_sbrk_r>
    2508:	597d                	li	s2,-1
    250a:	01251a63          	bne	a0,s2,251e <sbrk_aligned+0x3c>
    250e:	547d                	li	s0,-1
    2510:	40b2                	lw	ra,12(sp)
    2512:	8522                	mv	a0,s0
    2514:	4422                	lw	s0,8(sp)
    2516:	4492                	lw	s1,4(sp)
    2518:	4902                	lw	s2,0(sp)
    251a:	0141                	addi	sp,sp,16
    251c:	8082                	ret
    251e:	00350413          	addi	s0,a0,3
    2522:	9871                	andi	s0,s0,-4
    2524:	fe8506e3          	beq	a0,s0,2510 <sbrk_aligned+0x2e>
    2528:	40a405b3          	sub	a1,s0,a0
    252c:	8526                	mv	a0,s1
    252e:	210d                	jal	2950 <_sbrk_r>
    2530:	ff2510e3          	bne	a0,s2,2510 <sbrk_aligned+0x2e>
    2534:	bfe9                	j	250e <sbrk_aligned+0x2c>

00002536 <_malloc_r>:
_malloc_r():
    2536:	1101                	addi	sp,sp,-32
    2538:	ca26                	sw	s1,20(sp)
    253a:	00358493          	addi	s1,a1,3
    253e:	98f1                	andi	s1,s1,-4
    2540:	c84a                	sw	s2,16(sp)
    2542:	04a1                	addi	s1,s1,8
    2544:	47b1                	li	a5,12
    2546:	ce06                	sw	ra,28(sp)
    2548:	cc22                	sw	s0,24(sp)
    254a:	c64e                	sw	s3,12(sp)
    254c:	892a                	mv	s2,a0
    254e:	0af4f4b3          	maxu	s1,s1,a5
    2552:	0004c463          	bltz	s1,255a <_malloc_r+0x24>
    2556:	00b4fd63          	bgeu	s1,a1,2570 <_malloc_r+0x3a>
    255a:	47b1                	li	a5,12
    255c:	00f92023          	sw	a5,0(s2)
    2560:	4501                	li	a0,0
    2562:	40f2                	lw	ra,28(sp)
    2564:	4462                	lw	s0,24(sp)
    2566:	44d2                	lw	s1,20(sp)
    2568:	4942                	lw	s2,16(sp)
    256a:	49b2                	lw	s3,12(sp)
    256c:	6105                	addi	sp,sp,32
    256e:	8082                	ret
    2570:	2379                	jal	2afe <__malloc_lock>
    2572:	83818993          	addi	s3,gp,-1992 # 20000e68 <__malloc_free_list>
    2576:	0009a783          	lw	a5,0(s3)
    257a:	843e                	mv	s0,a5
    257c:	e431                	bnez	s0,25c8 <_malloc_r+0x92>
    257e:	85a6                	mv	a1,s1
    2580:	854a                	mv	a0,s2
    2582:	3785                	jal	24e2 <sbrk_aligned>
    2584:	57fd                	li	a5,-1
    2586:	842a                	mv	s0,a0
    2588:	0af51663          	bne	a0,a5,2634 <_malloc_r+0xfe>
    258c:	0009a403          	lw	s0,0(s3)
    2590:	87a2                	mv	a5,s0
    2592:	ebc1                	bnez	a5,2622 <_malloc_r+0xec>
    2594:	00042983          	lw	s3,0(s0)
    2598:	4581                	li	a1,0
    259a:	854a                	mv	a0,s2
    259c:	99a2                	add	s3,s3,s0
    259e:	2e4d                	jal	2950 <_sbrk_r>
    25a0:	08a99463          	bne	s3,a0,2628 <_malloc_r+0xf2>
    25a4:	401c                	lw	a5,0(s0)
    25a6:	048d                	addi	s1,s1,3
    25a8:	854a                	mv	a0,s2
    25aa:	8c9d                	sub	s1,s1,a5
    25ac:	98f1                	andi	s1,s1,-4
    25ae:	47b1                	li	a5,12
    25b0:	04a1                	addi	s1,s1,8
    25b2:	0af4f4b3          	maxu	s1,s1,a5
    25b6:	85a6                	mv	a1,s1
    25b8:	372d                	jal	24e2 <sbrk_aligned>
    25ba:	57fd                	li	a5,-1
    25bc:	06f50663          	beq	a0,a5,2628 <_malloc_r+0xf2>
    25c0:	401c                	lw	a5,0(s0)
    25c2:	97a6                	add	a5,a5,s1
    25c4:	c01c                	sw	a5,0(s0)
    25c6:	a015                	j	25ea <_malloc_r+0xb4>
    25c8:	4014                	lw	a3,0(s0)
    25ca:	8e85                	sub	a3,a3,s1
    25cc:	0406c863          	bltz	a3,261c <_malloc_r+0xe6>
    25d0:	472d                	li	a4,11
    25d2:	02d77d63          	bgeu	a4,a3,260c <_malloc_r+0xd6>
    25d6:	c004                	sw	s1,0(s0)
    25d8:	00940733          	add	a4,s0,s1
    25dc:	02879663          	bne	a5,s0,2608 <_malloc_r+0xd2>
    25e0:	00e9a023          	sw	a4,0(s3)
    25e4:	405c                	lw	a5,4(s0)
    25e6:	c314                	sw	a3,0(a4)
    25e8:	c35c                	sw	a5,4(a4)
    25ea:	854a                	mv	a0,s2
    25ec:	2b29                	jal	2b06 <__malloc_unlock>
    25ee:	00b40513          	addi	a0,s0,11
    25f2:	00440793          	addi	a5,s0,4
    25f6:	9961                	andi	a0,a0,-8
    25f8:	40f50733          	sub	a4,a0,a5
    25fc:	f6f503e3          	beq	a0,a5,2562 <_malloc_r+0x2c>
    2600:	943a                	add	s0,s0,a4
    2602:	8f89                	sub	a5,a5,a0
    2604:	c01c                	sw	a5,0(s0)
    2606:	bfb1                	j	2562 <_malloc_r+0x2c>
    2608:	c3d8                	sw	a4,4(a5)
    260a:	bfe9                	j	25e4 <_malloc_r+0xae>
    260c:	4058                	lw	a4,4(s0)
    260e:	00879563          	bne	a5,s0,2618 <_malloc_r+0xe2>
    2612:	00e9a023          	sw	a4,0(s3)
    2616:	bfd1                	j	25ea <_malloc_r+0xb4>
    2618:	c3d8                	sw	a4,4(a5)
    261a:	bfc1                	j	25ea <_malloc_r+0xb4>
    261c:	87a2                	mv	a5,s0
    261e:	4040                	lw	s0,4(s0)
    2620:	bfb1                	j	257c <_malloc_r+0x46>
    2622:	843e                	mv	s0,a5
    2624:	43dc                	lw	a5,4(a5)
    2626:	b7b5                	j	2592 <_malloc_r+0x5c>
    2628:	47b1                	li	a5,12
    262a:	00f92023          	sw	a5,0(s2)
    262e:	854a                	mv	a0,s2
    2630:	29d9                	jal	2b06 <__malloc_unlock>
    2632:	b73d                	j	2560 <_malloc_r+0x2a>
    2634:	c104                	sw	s1,0(a0)
    2636:	bf55                	j	25ea <_malloc_r+0xb4>

00002638 <__sfputc_r>:
__sfputc_r():
    2638:	461c                	lw	a5,8(a2)
    263a:	17fd                	addi	a5,a5,-1
    263c:	c61c                	sw	a5,8(a2)
    263e:	0007da63          	bgez	a5,2652 <__sfputc_r+0x1a>
    2642:	4e18                	lw	a4,24(a2)
    2644:	00e7c563          	blt	a5,a4,264e <__sfputc_r+0x16>
    2648:	47a9                	li	a5,10
    264a:	00f59463          	bne	a1,a5,2652 <__sfputc_r+0x1a>
    264e:	f5cff06f          	j	1daa <__swbuf_r>
    2652:	421c                	lw	a5,0(a2)
    2654:	852e                	mv	a0,a1
    2656:	00178713          	addi	a4,a5,1
    265a:	c218                	sw	a4,0(a2)
    265c:	a38c                	sb	a1,0(a5)
    265e:	8082                	ret

00002660 <__sfputs_r>:
__sfputs_r():
    2660:	1101                	addi	sp,sp,-32
    2662:	cc22                	sw	s0,24(sp)
    2664:	ca26                	sw	s1,20(sp)
    2666:	c84a                	sw	s2,16(sp)
    2668:	c64e                	sw	s3,12(sp)
    266a:	c452                	sw	s4,8(sp)
    266c:	ce06                	sw	ra,28(sp)
    266e:	892a                	mv	s2,a0
    2670:	89ae                	mv	s3,a1
    2672:	8432                	mv	s0,a2
    2674:	00d604b3          	add	s1,a2,a3
    2678:	5a7d                	li	s4,-1
    267a:	00941463          	bne	s0,s1,2682 <__sfputs_r+0x22>
    267e:	4501                	li	a0,0
    2680:	a801                	j	2690 <__sfputs_r+0x30>
    2682:	200c                	lbu	a1,0(s0)
    2684:	864e                	mv	a2,s3
    2686:	854a                	mv	a0,s2
    2688:	3f45                	jal	2638 <__sfputc_r>
    268a:	0405                	addi	s0,s0,1
    268c:	ff4517e3          	bne	a0,s4,267a <__sfputs_r+0x1a>
    2690:	40f2                	lw	ra,28(sp)
    2692:	4462                	lw	s0,24(sp)
    2694:	44d2                	lw	s1,20(sp)
    2696:	4942                	lw	s2,16(sp)
    2698:	49b2                	lw	s3,12(sp)
    269a:	4a22                	lw	s4,8(sp)
    269c:	6105                	addi	sp,sp,32
    269e:	8082                	ret

000026a0 <_vfiprintf_r>:
_vfiprintf_r():
    26a0:	7135                	addi	sp,sp,-160
    26a2:	cd22                	sw	s0,152(sp)
    26a4:	cb26                	sw	s1,148(sp)
    26a6:	c94a                	sw	s2,144(sp)
    26a8:	c74e                	sw	s3,140(sp)
    26aa:	cf06                	sw	ra,156(sp)
    26ac:	c552                	sw	s4,136(sp)
    26ae:	c356                	sw	s5,132(sp)
    26b0:	c15a                	sw	s6,128(sp)
    26b2:	dede                	sw	s7,124(sp)
    26b4:	dce2                	sw	s8,120(sp)
    26b6:	89aa                	mv	s3,a0
    26b8:	842e                	mv	s0,a1
    26ba:	8932                	mv	s2,a2
    26bc:	84b6                	mv	s1,a3
    26be:	c501                	beqz	a0,26c6 <_vfiprintf_r+0x26>
    26c0:	4d1c                	lw	a5,24(a0)
    26c2:	e391                	bnez	a5,26c6 <_vfiprintf_r+0x26>
    26c4:	3e29                	jal	21de <__sinit>
    26c6:	00001797          	auipc	a5,0x1
    26ca:	8b278793          	addi	a5,a5,-1870 # 2f78 <__sf_fake_stdin>
    26ce:	04f41763          	bne	s0,a5,271c <_vfiprintf_r+0x7c>
    26d2:	0049a403          	lw	s0,4(s3)
    26d6:	507c                	lw	a5,100(s0)
    26d8:	8b85                	andi	a5,a5,1
    26da:	e799                	bnez	a5,26e8 <_vfiprintf_r+0x48>
    26dc:	245e                	lhu	a5,12(s0)
    26de:	2007f793          	andi	a5,a5,512
    26e2:	e399                	bnez	a5,26e8 <_vfiprintf_r+0x48>
    26e4:	4c28                	lw	a0,88(s0)
    26e6:	3985                	jal	2356 <__retarget_lock_acquire_recursive>
    26e8:	245e                	lhu	a5,12(s0)
    26ea:	8ba1                	andi	a5,a5,8
    26ec:	c399                	beqz	a5,26f2 <_vfiprintf_r+0x52>
    26ee:	481c                	lw	a5,16(s0)
    26f0:	efb9                	bnez	a5,274e <_vfiprintf_r+0xae>
    26f2:	85a2                	mv	a1,s0
    26f4:	854e                	mv	a0,s3
    26f6:	f70ff0ef          	jal	ra,1e66 <__swsetup_r>
    26fa:	c931                	beqz	a0,274e <_vfiprintf_r+0xae>
    26fc:	507c                	lw	a5,100(s0)
    26fe:	8b85                	andi	a5,a5,1
    2700:	c3a1                	beqz	a5,2740 <_vfiprintf_r+0xa0>
    2702:	557d                	li	a0,-1
    2704:	40fa                	lw	ra,156(sp)
    2706:	446a                	lw	s0,152(sp)
    2708:	44da                	lw	s1,148(sp)
    270a:	494a                	lw	s2,144(sp)
    270c:	49ba                	lw	s3,140(sp)
    270e:	4a2a                	lw	s4,136(sp)
    2710:	4a9a                	lw	s5,132(sp)
    2712:	4b0a                	lw	s6,128(sp)
    2714:	5bf6                	lw	s7,124(sp)
    2716:	5c66                	lw	s8,120(sp)
    2718:	610d                	addi	sp,sp,160
    271a:	8082                	ret
    271c:	00001797          	auipc	a5,0x1
    2720:	83c78793          	addi	a5,a5,-1988 # 2f58 <__sf_fake_stdout>
    2724:	00f41563          	bne	s0,a5,272e <_vfiprintf_r+0x8e>
    2728:	0089a403          	lw	s0,8(s3)
    272c:	b76d                	j	26d6 <_vfiprintf_r+0x36>
    272e:	00001797          	auipc	a5,0x1
    2732:	80a78793          	addi	a5,a5,-2038 # 2f38 <__sf_fake_stderr>
    2736:	faf410e3          	bne	s0,a5,26d6 <_vfiprintf_r+0x36>
    273a:	00c9a403          	lw	s0,12(s3)
    273e:	bf61                	j	26d6 <_vfiprintf_r+0x36>
    2740:	245e                	lhu	a5,12(s0)
    2742:	2007f793          	andi	a5,a5,512
    2746:	ffd5                	bnez	a5,2702 <_vfiprintf_r+0x62>
    2748:	4c28                	lw	a0,88(s0)
    274a:	3139                	jal	2358 <__retarget_lock_release_recursive>
    274c:	bf5d                	j	2702 <_vfiprintf_r+0x62>
    274e:	02000793          	li	a5,32
    2752:	02f104a3          	sb	a5,41(sp)
    2756:	03000793          	li	a5,48
    275a:	d202                	sw	zero,36(sp)
    275c:	02f10523          	sb	a5,42(sp)
    2760:	c626                	sw	s1,12(sp)
    2762:	02500b93          	li	s7,37
    2766:	00001a97          	auipc	s5,0x1
    276a:	832a8a93          	addi	s5,s5,-1998 # 2f98 <__sf_fake_stdin+0x20>
    276e:	4b29                	li	s6,10
    2770:	84ca                	mv	s1,s2
    2772:	209c                	lbu	a5,0(s1)
    2774:	c399                	beqz	a5,277a <_vfiprintf_r+0xda>
    2776:	09779963          	bne	a5,s7,2808 <_vfiprintf_r+0x168>
    277a:	41248c33          	sub	s8,s1,s2
    277e:	01248d63          	beq	s1,s2,2798 <_vfiprintf_r+0xf8>
    2782:	86e2                	mv	a3,s8
    2784:	864a                	mv	a2,s2
    2786:	85a2                	mv	a1,s0
    2788:	854e                	mv	a0,s3
    278a:	3dd9                	jal	2660 <__sfputs_r>
    278c:	57fd                	li	a5,-1
    278e:	18f50663          	beq	a0,a5,291a <_vfiprintf_r+0x27a>
    2792:	5792                	lw	a5,36(sp)
    2794:	97e2                	add	a5,a5,s8
    2796:	d23e                	sw	a5,36(sp)
    2798:	209c                	lbu	a5,0(s1)
    279a:	18078063          	beqz	a5,291a <_vfiprintf_r+0x27a>
    279e:	57fd                	li	a5,-1
    27a0:	00148913          	addi	s2,s1,1
    27a4:	c802                	sw	zero,16(sp)
    27a6:	ce02                	sw	zero,28(sp)
    27a8:	ca3e                	sw	a5,20(sp)
    27aa:	cc02                	sw	zero,24(sp)
    27ac:	040109a3          	sb	zero,83(sp)
    27b0:	d482                	sw	zero,104(sp)
    27b2:	00094583          	lbu	a1,0(s2)
    27b6:	4615                	li	a2,5
    27b8:	8556                	mv	a0,s5
    27ba:	2635                	jal	2ae6 <memchr>
    27bc:	47c2                	lw	a5,16(sp)
    27be:	00190493          	addi	s1,s2,1
    27c2:	e529                	bnez	a0,280c <_vfiprintf_r+0x16c>
    27c4:	0107f713          	andi	a4,a5,16
    27c8:	c709                	beqz	a4,27d2 <_vfiprintf_r+0x132>
    27ca:	02000713          	li	a4,32
    27ce:	04e109a3          	sb	a4,83(sp)
    27d2:	0087f713          	andi	a4,a5,8
    27d6:	c709                	beqz	a4,27e0 <_vfiprintf_r+0x140>
    27d8:	02b00713          	li	a4,43
    27dc:	04e109a3          	sb	a4,83(sp)
    27e0:	00094683          	lbu	a3,0(s2)
    27e4:	02a00713          	li	a4,42
    27e8:	02e68963          	beq	a3,a4,281a <_vfiprintf_r+0x17a>
    27ec:	47f2                	lw	a5,28(sp)
    27ee:	84ca                	mv	s1,s2
    27f0:	4681                	li	a3,0
    27f2:	4625                	li	a2,9
    27f4:	2098                	lbu	a4,0(s1)
    27f6:	00148593          	addi	a1,s1,1
    27fa:	fd070713          	addi	a4,a4,-48 # ffffdfd0 <_eusrstack+0xdfffafd0>
    27fe:	06e67263          	bgeu	a2,a4,2862 <_vfiprintf_r+0x1c2>
    2802:	c685                	beqz	a3,282a <_vfiprintf_r+0x18a>
    2804:	ce3e                	sw	a5,28(sp)
    2806:	a015                	j	282a <_vfiprintf_r+0x18a>
    2808:	0485                	addi	s1,s1,1
    280a:	b7a5                	j	2772 <_vfiprintf_r+0xd2>
    280c:	41550533          	sub	a0,a0,s5
    2810:	28a797b3          	bset	a5,a5,a0
    2814:	8926                	mv	s2,s1
    2816:	c83e                	sw	a5,16(sp)
    2818:	bf69                	j	27b2 <_vfiprintf_r+0x112>
    281a:	4732                	lw	a4,12(sp)
    281c:	00470693          	addi	a3,a4,4
    2820:	4318                	lw	a4,0(a4)
    2822:	c636                	sw	a3,12(sp)
    2824:	02074863          	bltz	a4,2854 <_vfiprintf_r+0x1b4>
    2828:	ce3a                	sw	a4,28(sp)
    282a:	2098                	lbu	a4,0(s1)
    282c:	02e00793          	li	a5,46
    2830:	04f71c63          	bne	a4,a5,2888 <_vfiprintf_r+0x1e8>
    2834:	3098                	lbu	a4,1(s1)
    2836:	02a00793          	li	a5,42
    283a:	02f71a63          	bne	a4,a5,286e <_vfiprintf_r+0x1ce>
    283e:	47b2                	lw	a5,12(sp)
    2840:	0489                	addi	s1,s1,2
    2842:	00478713          	addi	a4,a5,4
    2846:	439c                	lw	a5,0(a5)
    2848:	c63a                	sw	a4,12(sp)
    284a:	577d                	li	a4,-1
    284c:	0ae7e7b3          	max	a5,a5,a4
    2850:	ca3e                	sw	a5,20(sp)
    2852:	a81d                	j	2888 <_vfiprintf_r+0x1e8>
    2854:	40e00733          	neg	a4,a4
    2858:	0027e793          	ori	a5,a5,2
    285c:	ce3a                	sw	a4,28(sp)
    285e:	c83e                	sw	a5,16(sp)
    2860:	b7e9                	j	282a <_vfiprintf_r+0x18a>
    2862:	036787b3          	mul	a5,a5,s6
    2866:	84ae                	mv	s1,a1
    2868:	4685                	li	a3,1
    286a:	97ba                	add	a5,a5,a4
    286c:	b761                	j	27f4 <_vfiprintf_r+0x154>
    286e:	0485                	addi	s1,s1,1
    2870:	ca02                	sw	zero,20(sp)
    2872:	4681                	li	a3,0
    2874:	4781                	li	a5,0
    2876:	4625                	li	a2,9
    2878:	2098                	lbu	a4,0(s1)
    287a:	00148593          	addi	a1,s1,1
    287e:	fd070713          	addi	a4,a4,-48
    2882:	06e67263          	bgeu	a2,a4,28e6 <_vfiprintf_r+0x246>
    2886:	f6e9                	bnez	a3,2850 <_vfiprintf_r+0x1b0>
    2888:	208c                	lbu	a1,0(s1)
    288a:	460d                	li	a2,3
    288c:	00000517          	auipc	a0,0x0
    2890:	71450513          	addi	a0,a0,1812 # 2fa0 <__sf_fake_stdin+0x28>
    2894:	2c89                	jal	2ae6 <memchr>
    2896:	cd11                	beqz	a0,28b2 <_vfiprintf_r+0x212>
    2898:	00000797          	auipc	a5,0x0
    289c:	70878793          	addi	a5,a5,1800 # 2fa0 <__sf_fake_stdin+0x28>
    28a0:	8d1d                	sub	a0,a0,a5
    28a2:	47c2                	lw	a5,16(sp)
    28a4:	04000713          	li	a4,64
    28a8:	00a71733          	sll	a4,a4,a0
    28ac:	8fd9                	or	a5,a5,a4
    28ae:	0485                	addi	s1,s1,1
    28b0:	c83e                	sw	a5,16(sp)
    28b2:	208c                	lbu	a1,0(s1)
    28b4:	4619                	li	a2,6
    28b6:	00000517          	auipc	a0,0x0
    28ba:	6ee50513          	addi	a0,a0,1774 # 2fa4 <__sf_fake_stdin+0x2c>
    28be:	00148913          	addi	s2,s1,1
    28c2:	02b10423          	sb	a1,40(sp)
    28c6:	2405                	jal	2ae6 <memchr>
    28c8:	c935                	beqz	a0,293c <_vfiprintf_r+0x29c>
    28ca:	00000793          	li	a5,0
    28ce:	e795                	bnez	a5,28fa <_vfiprintf_r+0x25a>
    28d0:	4742                	lw	a4,16(sp)
    28d2:	47b2                	lw	a5,12(sp)
    28d4:	10077713          	andi	a4,a4,256
    28d8:	cf09                	beqz	a4,28f2 <_vfiprintf_r+0x252>
    28da:	0791                	addi	a5,a5,4
    28dc:	c63e                	sw	a5,12(sp)
    28de:	5792                	lw	a5,36(sp)
    28e0:	97d2                	add	a5,a5,s4
    28e2:	d23e                	sw	a5,36(sp)
    28e4:	b571                	j	2770 <_vfiprintf_r+0xd0>
    28e6:	036787b3          	mul	a5,a5,s6
    28ea:	84ae                	mv	s1,a1
    28ec:	4685                	li	a3,1
    28ee:	97ba                	add	a5,a5,a4
    28f0:	b761                	j	2878 <_vfiprintf_r+0x1d8>
    28f2:	079d                	addi	a5,a5,7
    28f4:	9be1                	andi	a5,a5,-8
    28f6:	07a1                	addi	a5,a5,8
    28f8:	b7d5                	j	28dc <_vfiprintf_r+0x23c>
    28fa:	0078                	addi	a4,sp,12
    28fc:	00000697          	auipc	a3,0x0
    2900:	d6468693          	addi	a3,a3,-668 # 2660 <__sfputs_r>
    2904:	8622                	mv	a2,s0
    2906:	080c                	addi	a1,sp,16
    2908:	854e                	mv	a0,s3
    290a:	00000097          	auipc	ra,0x0
    290e:	000000e7          	jalr	zero # 0 <_sinit>
    2912:	57fd                	li	a5,-1
    2914:	8a2a                	mv	s4,a0
    2916:	fcf514e3          	bne	a0,a5,28de <_vfiprintf_r+0x23e>
    291a:	507c                	lw	a5,100(s0)
    291c:	8b85                	andi	a5,a5,1
    291e:	eb81                	bnez	a5,292e <_vfiprintf_r+0x28e>
    2920:	245e                	lhu	a5,12(s0)
    2922:	2007f793          	andi	a5,a5,512
    2926:	e781                	bnez	a5,292e <_vfiprintf_r+0x28e>
    2928:	4c28                	lw	a0,88(s0)
    292a:	a2fff0ef          	jal	ra,2358 <__retarget_lock_release_recursive>
    292e:	245e                	lhu	a5,12(s0)
    2930:	0407f793          	andi	a5,a5,64
    2934:	dc0797e3          	bnez	a5,2702 <_vfiprintf_r+0x62>
    2938:	5512                	lw	a0,36(sp)
    293a:	b3e9                	j	2704 <_vfiprintf_r+0x64>
    293c:	0078                	addi	a4,sp,12
    293e:	00000697          	auipc	a3,0x0
    2942:	d2268693          	addi	a3,a3,-734 # 2660 <__sfputs_r>
    2946:	8622                	mv	a2,s0
    2948:	080c                	addi	a1,sp,16
    294a:	854e                	mv	a0,s3
    294c:	24f1                	jal	2c18 <_printf_i>
    294e:	b7d1                	j	2912 <_vfiprintf_r+0x272>

00002950 <_sbrk_r>:
_sbrk_r():
    2950:	1141                	addi	sp,sp,-16
    2952:	c422                	sw	s0,8(sp)
    2954:	842a                	mv	s0,a0
    2956:	852e                	mv	a0,a1
    2958:	8201ae23          	sw	zero,-1988(gp) # 20000e6c <errno>
    295c:	c606                	sw	ra,12(sp)
    295e:	abcff0ef          	jal	ra,1c1a <_sbrk>
    2962:	57fd                	li	a5,-1
    2964:	00f51663          	bne	a0,a5,2970 <_sbrk_r+0x20>
    2968:	83c1a783          	lw	a5,-1988(gp) # 20000e6c <errno>
    296c:	c391                	beqz	a5,2970 <_sbrk_r+0x20>
    296e:	c01c                	sw	a5,0(s0)
    2970:	40b2                	lw	ra,12(sp)
    2972:	4422                	lw	s0,8(sp)
    2974:	0141                	addi	sp,sp,16
    2976:	8082                	ret

00002978 <__sread>:
__sread():
    2978:	1141                	addi	sp,sp,-16
    297a:	c422                	sw	s0,8(sp)
    297c:	842e                	mv	s0,a1
    297e:	00e59583          	lh	a1,14(a1)
    2982:	c606                	sw	ra,12(sp)
    2984:	2331                	jal	2e90 <_read_r>
    2986:	00054963          	bltz	a0,2998 <__sread+0x20>
    298a:	487c                	lw	a5,84(s0)
    298c:	97aa                	add	a5,a5,a0
    298e:	c87c                	sw	a5,84(s0)
    2990:	40b2                	lw	ra,12(sp)
    2992:	4422                	lw	s0,8(sp)
    2994:	0141                	addi	sp,sp,16
    2996:	8082                	ret
    2998:	245e                	lhu	a5,12(s0)
    299a:	48c79793          	bclri	a5,a5,0xc
    299e:	a45e                	sh	a5,12(s0)
    29a0:	bfc5                	j	2990 <__sread+0x18>

000029a2 <__swrite>:
__swrite():
    29a2:	25de                	lhu	a5,12(a1)
    29a4:	1101                	addi	sp,sp,-32
    29a6:	cc22                	sw	s0,24(sp)
    29a8:	ca26                	sw	s1,20(sp)
    29aa:	c84a                	sw	s2,16(sp)
    29ac:	c64e                	sw	s3,12(sp)
    29ae:	ce06                	sw	ra,28(sp)
    29b0:	1007f793          	andi	a5,a5,256
    29b4:	84aa                	mv	s1,a0
    29b6:	842e                	mv	s0,a1
    29b8:	8932                	mv	s2,a2
    29ba:	89b6                	mv	s3,a3
    29bc:	c791                	beqz	a5,29c8 <__swrite+0x26>
    29be:	00e59583          	lh	a1,14(a1)
    29c2:	4689                	li	a3,2
    29c4:	4601                	li	a2,0
    29c6:	28dd                	jal	2abc <_lseek_r>
    29c8:	245e                	lhu	a5,12(s0)
    29ca:	00e41583          	lh	a1,14(s0)
    29ce:	40f2                	lw	ra,28(sp)
    29d0:	48c79793          	bclri	a5,a5,0xc
    29d4:	a45e                	sh	a5,12(s0)
    29d6:	4462                	lw	s0,24(sp)
    29d8:	86ce                	mv	a3,s3
    29da:	864a                	mv	a2,s2
    29dc:	49b2                	lw	s3,12(sp)
    29de:	4942                	lw	s2,16(sp)
    29e0:	8526                	mv	a0,s1
    29e2:	44d2                	lw	s1,20(sp)
    29e4:	6105                	addi	sp,sp,32
    29e6:	a81d                	j	2a1c <_write_r>

000029e8 <__sseek>:
__sseek():
    29e8:	1141                	addi	sp,sp,-16
    29ea:	c422                	sw	s0,8(sp)
    29ec:	842e                	mv	s0,a1
    29ee:	00e59583          	lh	a1,14(a1)
    29f2:	c606                	sw	ra,12(sp)
    29f4:	20e1                	jal	2abc <_lseek_r>
    29f6:	577d                	li	a4,-1
    29f8:	245e                	lhu	a5,12(s0)
    29fa:	00e51963          	bne	a0,a4,2a0c <__sseek+0x24>
    29fe:	48c79793          	bclri	a5,a5,0xc
    2a02:	a45e                	sh	a5,12(s0)
    2a04:	40b2                	lw	ra,12(sp)
    2a06:	4422                	lw	s0,8(sp)
    2a08:	0141                	addi	sp,sp,16
    2a0a:	8082                	ret
    2a0c:	28c79793          	bseti	a5,a5,0xc
    2a10:	c868                	sw	a0,84(s0)
    2a12:	a45e                	sh	a5,12(s0)
    2a14:	bfc5                	j	2a04 <__sseek+0x1c>

00002a16 <__sclose>:
__sclose():
    2a16:	00e59583          	lh	a1,14(a1)
    2a1a:	a03d                	j	2a48 <_close_r>

00002a1c <_write_r>:
_write_r():
    2a1c:	1141                	addi	sp,sp,-16
    2a1e:	c422                	sw	s0,8(sp)
    2a20:	842a                	mv	s0,a0
    2a22:	852e                	mv	a0,a1
    2a24:	85b2                	mv	a1,a2
    2a26:	8636                	mv	a2,a3
    2a28:	8201ae23          	sw	zero,-1988(gp) # 20000e6c <errno>
    2a2c:	c606                	sw	ra,12(sp)
    2a2e:	9c6ff0ef          	jal	ra,1bf4 <_write>
    2a32:	57fd                	li	a5,-1
    2a34:	00f51663          	bne	a0,a5,2a40 <_write_r+0x24>
    2a38:	83c1a783          	lw	a5,-1988(gp) # 20000e6c <errno>
    2a3c:	c391                	beqz	a5,2a40 <_write_r+0x24>
    2a3e:	c01c                	sw	a5,0(s0)
    2a40:	40b2                	lw	ra,12(sp)
    2a42:	4422                	lw	s0,8(sp)
    2a44:	0141                	addi	sp,sp,16
    2a46:	8082                	ret

00002a48 <_close_r>:
_close_r():
    2a48:	1141                	addi	sp,sp,-16
    2a4a:	c422                	sw	s0,8(sp)
    2a4c:	842a                	mv	s0,a0
    2a4e:	852e                	mv	a0,a1
    2a50:	8201ae23          	sw	zero,-1988(gp) # 20000e6c <errno>
    2a54:	c606                	sw	ra,12(sp)
    2a56:	2195                	jal	2eba <_close>
    2a58:	57fd                	li	a5,-1
    2a5a:	00f51663          	bne	a0,a5,2a66 <_close_r+0x1e>
    2a5e:	83c1a783          	lw	a5,-1988(gp) # 20000e6c <errno>
    2a62:	c391                	beqz	a5,2a66 <_close_r+0x1e>
    2a64:	c01c                	sw	a5,0(s0)
    2a66:	40b2                	lw	ra,12(sp)
    2a68:	4422                	lw	s0,8(sp)
    2a6a:	0141                	addi	sp,sp,16
    2a6c:	8082                	ret

00002a6e <_fstat_r>:
_fstat_r():
    2a6e:	1141                	addi	sp,sp,-16
    2a70:	c422                	sw	s0,8(sp)
    2a72:	842a                	mv	s0,a0
    2a74:	852e                	mv	a0,a1
    2a76:	85b2                	mv	a1,a2
    2a78:	8201ae23          	sw	zero,-1988(gp) # 20000e6c <errno>
    2a7c:	c606                	sw	ra,12(sp)
    2a7e:	21a1                	jal	2ec6 <_fstat>
    2a80:	57fd                	li	a5,-1
    2a82:	00f51663          	bne	a0,a5,2a8e <_fstat_r+0x20>
    2a86:	83c1a783          	lw	a5,-1988(gp) # 20000e6c <errno>
    2a8a:	c391                	beqz	a5,2a8e <_fstat_r+0x20>
    2a8c:	c01c                	sw	a5,0(s0)
    2a8e:	40b2                	lw	ra,12(sp)
    2a90:	4422                	lw	s0,8(sp)
    2a92:	0141                	addi	sp,sp,16
    2a94:	8082                	ret

00002a96 <_isatty_r>:
_isatty_r():
    2a96:	1141                	addi	sp,sp,-16
    2a98:	c422                	sw	s0,8(sp)
    2a9a:	842a                	mv	s0,a0
    2a9c:	852e                	mv	a0,a1
    2a9e:	8201ae23          	sw	zero,-1988(gp) # 20000e6c <errno>
    2aa2:	c606                	sw	ra,12(sp)
    2aa4:	213d                	jal	2ed2 <_isatty>
    2aa6:	57fd                	li	a5,-1
    2aa8:	00f51663          	bne	a0,a5,2ab4 <_isatty_r+0x1e>
    2aac:	83c1a783          	lw	a5,-1988(gp) # 20000e6c <errno>
    2ab0:	c391                	beqz	a5,2ab4 <_isatty_r+0x1e>
    2ab2:	c01c                	sw	a5,0(s0)
    2ab4:	40b2                	lw	ra,12(sp)
    2ab6:	4422                	lw	s0,8(sp)
    2ab8:	0141                	addi	sp,sp,16
    2aba:	8082                	ret

00002abc <_lseek_r>:
_lseek_r():
    2abc:	1141                	addi	sp,sp,-16
    2abe:	c422                	sw	s0,8(sp)
    2ac0:	842a                	mv	s0,a0
    2ac2:	852e                	mv	a0,a1
    2ac4:	85b2                	mv	a1,a2
    2ac6:	8636                	mv	a2,a3
    2ac8:	8201ae23          	sw	zero,-1988(gp) # 20000e6c <errno>
    2acc:	c606                	sw	ra,12(sp)
    2ace:	2901                	jal	2ede <_lseek>
    2ad0:	57fd                	li	a5,-1
    2ad2:	00f51663          	bne	a0,a5,2ade <_lseek_r+0x22>
    2ad6:	83c1a783          	lw	a5,-1988(gp) # 20000e6c <errno>
    2ada:	c391                	beqz	a5,2ade <_lseek_r+0x22>
    2adc:	c01c                	sw	a5,0(s0)
    2ade:	40b2                	lw	ra,12(sp)
    2ae0:	4422                	lw	s0,8(sp)
    2ae2:	0141                	addi	sp,sp,16
    2ae4:	8082                	ret

00002ae6 <memchr>:
memchr():
    2ae6:	0ff5f593          	zext.b	a1,a1
    2aea:	962a                	add	a2,a2,a0
    2aec:	00c51463          	bne	a0,a2,2af4 <memchr+0xe>
    2af0:	4501                	li	a0,0
    2af2:	8082                	ret
    2af4:	211c                	lbu	a5,0(a0)
    2af6:	feb78ee3          	beq	a5,a1,2af2 <memchr+0xc>
    2afa:	0505                	addi	a0,a0,1
    2afc:	bfc5                	j	2aec <memchr+0x6>

00002afe <__malloc_lock>:
__malloc_lock():
    2afe:	82818513          	addi	a0,gp,-2008 # 20000e58 <__lock___malloc_recursive_mutex>
    2b02:	855ff06f          	j	2356 <__retarget_lock_acquire_recursive>

00002b06 <__malloc_unlock>:
__malloc_unlock():
    2b06:	82818513          	addi	a0,gp,-2008 # 20000e58 <__lock___malloc_recursive_mutex>
    2b0a:	84fff06f          	j	2358 <__retarget_lock_release_recursive>

00002b0e <_printf_common>:
_printf_common():
    2b0e:	7179                	addi	sp,sp,-48
    2b10:	ca56                	sw	s5,20(sp)
    2b12:	499c                	lw	a5,16(a1)
    2b14:	8aba                	mv	s5,a4
    2b16:	4598                	lw	a4,8(a1)
    2b18:	d422                	sw	s0,40(sp)
    2b1a:	d04a                	sw	s2,32(sp)
    2b1c:	ce4e                	sw	s3,28(sp)
    2b1e:	cc52                	sw	s4,24(sp)
    2b20:	d606                	sw	ra,44(sp)
    2b22:	d226                	sw	s1,36(sp)
    2b24:	c85a                	sw	s6,16(sp)
    2b26:	c65e                	sw	s7,12(sp)
    2b28:	0ae7e7b3          	max	a5,a5,a4
    2b2c:	c21c                	sw	a5,0(a2)
    2b2e:	0435c703          	lbu	a4,67(a1)
    2b32:	89aa                	mv	s3,a0
    2b34:	842e                	mv	s0,a1
    2b36:	8932                	mv	s2,a2
    2b38:	8a36                	mv	s4,a3
    2b3a:	c319                	beqz	a4,2b40 <_printf_common+0x32>
    2b3c:	0785                	addi	a5,a5,1
    2b3e:	c21c                	sw	a5,0(a2)
    2b40:	401c                	lw	a5,0(s0)
    2b42:	0207f793          	andi	a5,a5,32
    2b46:	c791                	beqz	a5,2b52 <_printf_common+0x44>
    2b48:	00092783          	lw	a5,0(s2)
    2b4c:	0789                	addi	a5,a5,2
    2b4e:	00f92023          	sw	a5,0(s2)
    2b52:	4004                	lw	s1,0(s0)
    2b54:	8899                	andi	s1,s1,6
    2b56:	e891                	bnez	s1,2b6a <_printf_common+0x5c>
    2b58:	01940b13          	addi	s6,s0,25
    2b5c:	5bfd                	li	s7,-1
    2b5e:	445c                	lw	a5,12(s0)
    2b60:	00092703          	lw	a4,0(s2)
    2b64:	8f99                	sub	a5,a5,a4
    2b66:	04f4cc63          	blt	s1,a5,2bbe <_printf_common+0xb0>
    2b6a:	04344783          	lbu	a5,67(s0)
    2b6e:	00f036b3          	snez	a3,a5
    2b72:	401c                	lw	a5,0(s0)
    2b74:	0207f793          	andi	a5,a5,32
    2b78:	eba5                	bnez	a5,2be8 <_printf_common+0xda>
    2b7a:	04340613          	addi	a2,s0,67
    2b7e:	85d2                	mv	a1,s4
    2b80:	854e                	mv	a0,s3
    2b82:	9a82                	jalr	s5
    2b84:	57fd                	li	a5,-1
    2b86:	04f50363          	beq	a0,a5,2bcc <_printf_common+0xbe>
    2b8a:	401c                	lw	a5,0(s0)
    2b8c:	4711                	li	a4,4
    2b8e:	4481                	li	s1,0
    2b90:	8b99                	andi	a5,a5,6
    2b92:	00e79963          	bne	a5,a4,2ba4 <_printf_common+0x96>
    2b96:	00092783          	lw	a5,0(s2)
    2b9a:	4444                	lw	s1,12(s0)
    2b9c:	8c9d                	sub	s1,s1,a5
    2b9e:	4781                	li	a5,0
    2ba0:	0af4e4b3          	max	s1,s1,a5
    2ba4:	441c                	lw	a5,8(s0)
    2ba6:	4818                	lw	a4,16(s0)
    2ba8:	00f75463          	bge	a4,a5,2bb0 <_printf_common+0xa2>
    2bac:	8f99                	sub	a5,a5,a4
    2bae:	94be                	add	s1,s1,a5
    2bb0:	4901                	li	s2,0
    2bb2:	0469                	addi	s0,s0,26
    2bb4:	5b7d                	li	s6,-1
    2bb6:	05249863          	bne	s1,s2,2c06 <_printf_common+0xf8>
    2bba:	4501                	li	a0,0
    2bbc:	a809                	j	2bce <_printf_common+0xc0>
    2bbe:	4685                	li	a3,1
    2bc0:	865a                	mv	a2,s6
    2bc2:	85d2                	mv	a1,s4
    2bc4:	854e                	mv	a0,s3
    2bc6:	9a82                	jalr	s5
    2bc8:	01751e63          	bne	a0,s7,2be4 <_printf_common+0xd6>
    2bcc:	557d                	li	a0,-1
    2bce:	50b2                	lw	ra,44(sp)
    2bd0:	5422                	lw	s0,40(sp)
    2bd2:	5492                	lw	s1,36(sp)
    2bd4:	5902                	lw	s2,32(sp)
    2bd6:	49f2                	lw	s3,28(sp)
    2bd8:	4a62                	lw	s4,24(sp)
    2bda:	4ad2                	lw	s5,20(sp)
    2bdc:	4b42                	lw	s6,16(sp)
    2bde:	4bb2                	lw	s7,12(sp)
    2be0:	6145                	addi	sp,sp,48
    2be2:	8082                	ret
    2be4:	0485                	addi	s1,s1,1
    2be6:	bfa5                	j	2b5e <_printf_common+0x50>
    2be8:	00d40733          	add	a4,s0,a3
    2bec:	03000613          	li	a2,48
    2bf0:	04c701a3          	sb	a2,67(a4)
    2bf4:	04544703          	lbu	a4,69(s0)
    2bf8:	00168793          	addi	a5,a3,1
    2bfc:	97a2                	add	a5,a5,s0
    2bfe:	0689                	addi	a3,a3,2
    2c00:	04e781a3          	sb	a4,67(a5)
    2c04:	bf9d                	j	2b7a <_printf_common+0x6c>
    2c06:	4685                	li	a3,1
    2c08:	8622                	mv	a2,s0
    2c0a:	85d2                	mv	a1,s4
    2c0c:	854e                	mv	a0,s3
    2c0e:	9a82                	jalr	s5
    2c10:	fb650ee3          	beq	a0,s6,2bcc <_printf_common+0xbe>
    2c14:	0905                	addi	s2,s2,1
    2c16:	b745                	j	2bb6 <_printf_common+0xa8>

00002c18 <_printf_i>:
_printf_i():
    2c18:	7179                	addi	sp,sp,-48
    2c1a:	d422                	sw	s0,40(sp)
    2c1c:	d04a                	sw	s2,32(sp)
    2c1e:	ce4e                	sw	s3,28(sp)
    2c20:	cc52                	sw	s4,24(sp)
    2c22:	d606                	sw	ra,44(sp)
    2c24:	d226                	sw	s1,36(sp)
    2c26:	ca56                	sw	s5,20(sp)
    2c28:	c85a                	sw	s6,16(sp)
    2c2a:	0185c803          	lbu	a6,24(a1)
    2c2e:	07800793          	li	a5,120
    2c32:	892a                	mv	s2,a0
    2c34:	842e                	mv	s0,a1
    2c36:	89b2                	mv	s3,a2
    2c38:	8a36                	mv	s4,a3
    2c3a:	0307e263          	bltu	a5,a6,2c5e <_printf_i+0x46>
    2c3e:	06200793          	li	a5,98
    2c42:	04358693          	addi	a3,a1,67
    2c46:	0307e163          	bltu	a5,a6,2c68 <_printf_i+0x50>
    2c4a:	1c080b63          	beqz	a6,2e20 <_printf_i+0x208>
    2c4e:	05800793          	li	a5,88
    2c52:	00000617          	auipc	a2,0x0
    2c56:	35a60613          	addi	a2,a2,858 # 2fac <__sf_fake_stdin+0x34>
    2c5a:	14f80763          	beq	a6,a5,2da8 <_printf_i+0x190>
    2c5e:	04240493          	addi	s1,s0,66
    2c62:	05040123          	sb	a6,66(s0)
    2c66:	a815                	j	2c9a <_printf_i+0x82>
    2c68:	f9d80793          	addi	a5,a6,-99
    2c6c:	0ff7f793          	zext.b	a5,a5
    2c70:	4655                	li	a2,21
    2c72:	fef666e3          	bltu	a2,a5,2c5e <_printf_i+0x46>
    2c76:	00000617          	auipc	a2,0x0
    2c7a:	35e60613          	addi	a2,a2,862 # 2fd4 <__sf_fake_stdin+0x5c>
    2c7e:	20c7c7b3          	sh2add	a5,a5,a2
    2c82:	439c                	lw	a5,0(a5)
    2c84:	97b2                	add	a5,a5,a2
    2c86:	8782                	jr	a5
    2c88:	431c                	lw	a5,0(a4)
    2c8a:	04258493          	addi	s1,a1,66
    2c8e:	00478693          	addi	a3,a5,4
    2c92:	439c                	lw	a5,0(a5)
    2c94:	c314                	sw	a3,0(a4)
    2c96:	04f58123          	sb	a5,66(a1)
    2c9a:	4785                	li	a5,1
    2c9c:	a265                	j	2e44 <_printf_i+0x22c>
    2c9e:	4190                	lw	a2,0(a1)
    2ca0:	431c                	lw	a5,0(a4)
    2ca2:	08067513          	andi	a0,a2,128
    2ca6:	00478593          	addi	a1,a5,4
    2caa:	c129                	beqz	a0,2cec <_printf_i+0xd4>
    2cac:	439c                	lw	a5,0(a5)
    2cae:	c30c                	sw	a1,0(a4)
    2cb0:	4058                	lw	a4,4(s0)
    2cb2:	1207de63          	bgez	a5,2dee <_printf_i+0x1d6>
    2cb6:	02d00593          	li	a1,45
    2cba:	04b401a3          	sb	a1,67(s0)
    2cbe:	c418                	sw	a4,8(s0)
    2cc0:	02075e63          	bgez	a4,2cfc <_printf_i+0xe4>
    2cc4:	40f007b3          	neg	a5,a5
    2cc8:	00000617          	auipc	a2,0x0
    2ccc:	2e460613          	addi	a2,a2,740 # 2fac <__sf_fake_stdin+0x34>
    2cd0:	4829                	li	a6,10
    2cd2:	84b6                	mv	s1,a3
    2cd4:	0307f733          	remu	a4,a5,a6
    2cd8:	14fd                	addi	s1,s1,-1
    2cda:	9732                	add	a4,a4,a2
    2cdc:	2318                	lbu	a4,0(a4)
    2cde:	a098                	sb	a4,0(s1)
    2ce0:	873e                	mv	a4,a5
    2ce2:	0307d7b3          	divu	a5,a5,a6
    2ce6:	ff0777e3          	bgeu	a4,a6,2cd4 <_printf_i+0xbc>
    2cea:	a085                	j	2d4a <_printf_i+0x132>
    2cec:	439c                	lw	a5,0(a5)
    2cee:	04067513          	andi	a0,a2,64
    2cf2:	c30c                	sw	a1,0(a4)
    2cf4:	dd55                	beqz	a0,2cb0 <_printf_i+0x98>
    2cf6:	60579793          	sext.h	a5,a5
    2cfa:	bf5d                	j	2cb0 <_printf_i+0x98>
    2cfc:	9a6d                	andi	a2,a2,-5
    2cfe:	c010                	sw	a2,0(s0)
    2d00:	b7d1                	j	2cc4 <_printf_i+0xac>
    2d02:	4190                	lw	a2,0(a1)
    2d04:	431c                	lw	a5,0(a4)
    2d06:	08067513          	andi	a0,a2,128
    2d0a:	00478593          	addi	a1,a5,4
    2d0e:	c501                	beqz	a0,2d16 <_printf_i+0xfe>
    2d10:	c30c                	sw	a1,0(a4)
    2d12:	439c                	lw	a5,0(a5)
    2d14:	a031                	j	2d20 <_printf_i+0x108>
    2d16:	04067613          	andi	a2,a2,64
    2d1a:	c30c                	sw	a1,0(a4)
    2d1c:	da7d                	beqz	a2,2d12 <_printf_i+0xfa>
    2d1e:	239e                	lhu	a5,0(a5)
    2d20:	06f00713          	li	a4,111
    2d24:	00000617          	auipc	a2,0x0
    2d28:	28860613          	addi	a2,a2,648 # 2fac <__sf_fake_stdin+0x34>
    2d2c:	0ae81f63          	bne	a6,a4,2dea <_printf_i+0x1d2>
    2d30:	4821                	li	a6,8
    2d32:	040401a3          	sb	zero,67(s0)
    2d36:	4058                	lw	a4,4(s0)
    2d38:	c418                	sw	a4,8(s0)
    2d3a:	f8074ce3          	bltz	a4,2cd2 <_printf_i+0xba>
    2d3e:	400c                	lw	a1,0(s0)
    2d40:	99ed                	andi	a1,a1,-5
    2d42:	c00c                	sw	a1,0(s0)
    2d44:	f7d9                	bnez	a5,2cd2 <_printf_i+0xba>
    2d46:	84b6                	mv	s1,a3
    2d48:	f749                	bnez	a4,2cd2 <_printf_i+0xba>
    2d4a:	47a1                	li	a5,8
    2d4c:	00f81e63          	bne	a6,a5,2d68 <_printf_i+0x150>
    2d50:	401c                	lw	a5,0(s0)
    2d52:	8b85                	andi	a5,a5,1
    2d54:	cb91                	beqz	a5,2d68 <_printf_i+0x150>
    2d56:	4058                	lw	a4,4(s0)
    2d58:	481c                	lw	a5,16(s0)
    2d5a:	00e7c763          	blt	a5,a4,2d68 <_printf_i+0x150>
    2d5e:	03000793          	li	a5,48
    2d62:	fef48fa3          	sb	a5,-1(s1)
    2d66:	14fd                	addi	s1,s1,-1
    2d68:	8e85                	sub	a3,a3,s1
    2d6a:	c814                	sw	a3,16(s0)
    2d6c:	8752                	mv	a4,s4
    2d6e:	86ce                	mv	a3,s3
    2d70:	0070                	addi	a2,sp,12
    2d72:	85a2                	mv	a1,s0
    2d74:	854a                	mv	a0,s2
    2d76:	3b61                	jal	2b0e <_printf_common>
    2d78:	5afd                	li	s5,-1
    2d7a:	0d551963          	bne	a0,s5,2e4c <_printf_i+0x234>
    2d7e:	557d                	li	a0,-1
    2d80:	50b2                	lw	ra,44(sp)
    2d82:	5422                	lw	s0,40(sp)
    2d84:	5492                	lw	s1,36(sp)
    2d86:	5902                	lw	s2,32(sp)
    2d88:	49f2                	lw	s3,28(sp)
    2d8a:	4a62                	lw	s4,24(sp)
    2d8c:	4ad2                	lw	s5,20(sp)
    2d8e:	4b42                	lw	s6,16(sp)
    2d90:	6145                	addi	sp,sp,48
    2d92:	8082                	ret
    2d94:	419c                	lw	a5,0(a1)
    2d96:	0207e793          	ori	a5,a5,32
    2d9a:	c19c                	sw	a5,0(a1)
    2d9c:	07800813          	li	a6,120
    2da0:	00000617          	auipc	a2,0x0
    2da4:	22060613          	addi	a2,a2,544 # 2fc0 <__sf_fake_stdin+0x48>
    2da8:	050402a3          	sb	a6,69(s0)
    2dac:	400c                	lw	a1,0(s0)
    2dae:	431c                	lw	a5,0(a4)
    2db0:	0805f813          	andi	a6,a1,128
    2db4:	00478513          	addi	a0,a5,4
    2db8:	00080563          	beqz	a6,2dc2 <_printf_i+0x1aa>
    2dbc:	c308                	sw	a0,0(a4)
    2dbe:	439c                	lw	a5,0(a5)
    2dc0:	a039                	j	2dce <_printf_i+0x1b6>
    2dc2:	0405f813          	andi	a6,a1,64
    2dc6:	c308                	sw	a0,0(a4)
    2dc8:	fe080be3          	beqz	a6,2dbe <_printf_i+0x1a6>
    2dcc:	239e                	lhu	a5,0(a5)
    2dce:	0015f713          	andi	a4,a1,1
    2dd2:	c701                	beqz	a4,2dda <_printf_i+0x1c2>
    2dd4:	0205e593          	ori	a1,a1,32
    2dd8:	c00c                	sw	a1,0(s0)
    2dda:	c399                	beqz	a5,2de0 <_printf_i+0x1c8>
    2ddc:	4841                	li	a6,16
    2dde:	bf91                	j	2d32 <_printf_i+0x11a>
    2de0:	4018                	lw	a4,0(s0)
    2de2:	fdf77713          	andi	a4,a4,-33
    2de6:	c018                	sw	a4,0(s0)
    2de8:	bfd5                	j	2ddc <_printf_i+0x1c4>
    2dea:	4829                	li	a6,10
    2dec:	b799                	j	2d32 <_printf_i+0x11a>
    2dee:	00000617          	auipc	a2,0x0
    2df2:	1be60613          	addi	a2,a2,446 # 2fac <__sf_fake_stdin+0x34>
    2df6:	4829                	li	a6,10
    2df8:	bf3d                	j	2d36 <_printf_i+0x11e>
    2dfa:	4190                	lw	a2,0(a1)
    2dfc:	431c                	lw	a5,0(a4)
    2dfe:	49cc                	lw	a1,20(a1)
    2e00:	08067813          	andi	a6,a2,128
    2e04:	00478513          	addi	a0,a5,4
    2e08:	00080663          	beqz	a6,2e14 <_printf_i+0x1fc>
    2e0c:	c308                	sw	a0,0(a4)
    2e0e:	439c                	lw	a5,0(a5)
    2e10:	c38c                	sw	a1,0(a5)
    2e12:	a039                	j	2e20 <_printf_i+0x208>
    2e14:	c308                	sw	a0,0(a4)
    2e16:	04067613          	andi	a2,a2,64
    2e1a:	439c                	lw	a5,0(a5)
    2e1c:	da75                	beqz	a2,2e10 <_printf_i+0x1f8>
    2e1e:	a38e                	sh	a1,0(a5)
    2e20:	00042823          	sw	zero,16(s0)
    2e24:	84b6                	mv	s1,a3
    2e26:	b799                	j	2d6c <_printf_i+0x154>
    2e28:	431c                	lw	a5,0(a4)
    2e2a:	41d0                	lw	a2,4(a1)
    2e2c:	4581                	li	a1,0
    2e2e:	00478693          	addi	a3,a5,4
    2e32:	c314                	sw	a3,0(a4)
    2e34:	4384                	lw	s1,0(a5)
    2e36:	8526                	mv	a0,s1
    2e38:	317d                	jal	2ae6 <memchr>
    2e3a:	c501                	beqz	a0,2e42 <_printf_i+0x22a>
    2e3c:	409507b3          	sub	a5,a0,s1
    2e40:	c05c                	sw	a5,4(s0)
    2e42:	405c                	lw	a5,4(s0)
    2e44:	c81c                	sw	a5,16(s0)
    2e46:	040401a3          	sb	zero,67(s0)
    2e4a:	b70d                	j	2d6c <_printf_i+0x154>
    2e4c:	4814                	lw	a3,16(s0)
    2e4e:	8626                	mv	a2,s1
    2e50:	85ce                	mv	a1,s3
    2e52:	854a                	mv	a0,s2
    2e54:	9a02                	jalr	s4
    2e56:	f35504e3          	beq	a0,s5,2d7e <_printf_i+0x166>
    2e5a:	401c                	lw	a5,0(s0)
    2e5c:	8b89                	andi	a5,a5,2
    2e5e:	e785                	bnez	a5,2e86 <_printf_i+0x26e>
    2e60:	4448                	lw	a0,12(s0)
    2e62:	47b2                	lw	a5,12(sp)
    2e64:	0af56533          	max	a0,a0,a5
    2e68:	bf21                	j	2d80 <_printf_i+0x168>
    2e6a:	4685                	li	a3,1
    2e6c:	8656                	mv	a2,s5
    2e6e:	85ce                	mv	a1,s3
    2e70:	854a                	mv	a0,s2
    2e72:	9a02                	jalr	s4
    2e74:	f16505e3          	beq	a0,s6,2d7e <_printf_i+0x166>
    2e78:	0485                	addi	s1,s1,1
    2e7a:	445c                	lw	a5,12(s0)
    2e7c:	4732                	lw	a4,12(sp)
    2e7e:	8f99                	sub	a5,a5,a4
    2e80:	fef4c5e3          	blt	s1,a5,2e6a <_printf_i+0x252>
    2e84:	bff1                	j	2e60 <_printf_i+0x248>
    2e86:	4481                	li	s1,0
    2e88:	01940a93          	addi	s5,s0,25
    2e8c:	5b7d                	li	s6,-1
    2e8e:	b7f5                	j	2e7a <_printf_i+0x262>

00002e90 <_read_r>:
_read_r():
    2e90:	1141                	addi	sp,sp,-16
    2e92:	c422                	sw	s0,8(sp)
    2e94:	842a                	mv	s0,a0
    2e96:	852e                	mv	a0,a1
    2e98:	85b2                	mv	a1,a2
    2e9a:	8636                	mv	a2,a3
    2e9c:	8201ae23          	sw	zero,-1988(gp) # 20000e6c <errno>
    2ea0:	c606                	sw	ra,12(sp)
    2ea2:	20a1                	jal	2eea <_read>
    2ea4:	57fd                	li	a5,-1
    2ea6:	00f51663          	bne	a0,a5,2eb2 <_read_r+0x22>
    2eaa:	83c1a783          	lw	a5,-1988(gp) # 20000e6c <errno>
    2eae:	c391                	beqz	a5,2eb2 <_read_r+0x22>
    2eb0:	c01c                	sw	a5,0(s0)
    2eb2:	40b2                	lw	ra,12(sp)
    2eb4:	4422                	lw	s0,8(sp)
    2eb6:	0141                	addi	sp,sp,16
    2eb8:	8082                	ret

00002eba <_close>:
_close():
    2eba:	05800793          	li	a5,88
    2ebe:	82f1ae23          	sw	a5,-1988(gp) # 20000e6c <errno>
    2ec2:	557d                	li	a0,-1
    2ec4:	8082                	ret

00002ec6 <_fstat>:
_fstat():
    2ec6:	05800793          	li	a5,88
    2eca:	82f1ae23          	sw	a5,-1988(gp) # 20000e6c <errno>
    2ece:	557d                	li	a0,-1
    2ed0:	8082                	ret

00002ed2 <_isatty>:
_isatty():
    2ed2:	05800793          	li	a5,88
    2ed6:	82f1ae23          	sw	a5,-1988(gp) # 20000e6c <errno>
    2eda:	4501                	li	a0,0
    2edc:	8082                	ret

00002ede <_lseek>:
_lseek():
    2ede:	05800793          	li	a5,88
    2ee2:	82f1ae23          	sw	a5,-1988(gp) # 20000e6c <errno>
    2ee6:	557d                	li	a0,-1
    2ee8:	8082                	ret

00002eea <_read>:
_read():
    2eea:	05800793          	li	a5,88
    2eee:	82f1ae23          	sw	a5,-1988(gp) # 20000e6c <errno>
    2ef2:	557d                	li	a0,-1
    2ef4:	8082                	ret
    2ef6:	0000                	unimp
    2ef8:	3249                	jal	287a <_vfiprintf_r+0x1da>
    2efa:	72572043          	.4byte	0x72572043
    2efe:	7469                	lui	s0,0xffffa
    2f00:	2065                	jal	2fa8 <__sf_fake_stdin+0x30>
    2f02:	7245                	lui	tp,0xffff1
    2f04:	6f72                	.2byte	0x6f72
    2f06:	3a72                	lhu	a2,54(a2)
    2f08:	2520                	lbu	s0,10(a0)
    2f0a:	0a64                	addi	s1,sp,284
    2f0c:	0000                	unimp
    2f0e:	0000                	unimp
    2f10:	3249                	jal	2892 <_vfiprintf_r+0x1f2>
    2f12:	65522043          	.4byte	0x65522043
    2f16:	6461                	lui	s0,0x18
    2f18:	4520                	lw	s0,72(a0)
    2f1a:	7272                	.2byte	0x7272
    2f1c:	203a726f          	jal	tp,aa91e <_data_lma+0xa78ee>
    2f20:	6425                	lui	s0,0x9
    2f22:	000a                	c.slli	zero,0x2
    2f24:	e834                	.2byte	0xe834
    2f26:	ffff                	.2byte	0xffff
    2f28:	e84c                	.2byte	0xe84c
    2f2a:	ffff                	.2byte	0xffff
    2f2c:	e870                	.2byte	0xe870
    2f2e:	ffff                	.2byte	0xffff
    2f30:	e87a                	.2byte	0xe87a
    2f32:	ffff                	.2byte	0xffff
    2f34:	e890                	.2byte	0xe890
    2f36:	ffff                	.2byte	0xffff

00002f38 <__sf_fake_stderr>:
	...

00002f58 <__sf_fake_stdout>:
	...

00002f78 <__sf_fake_stdin>:
	...
    2f98:	2d23 2b30 0020 0000 6c68 004c 6665 4567     #-0+ ...hlL.efgE
    2fa8:	4746 0000 3130 3332 3534 3736 3938 4241     FG..0123456789AB
    2fb8:	4443 4645 0000 0000 3130 3332 3534 3736     CDEF....01234567
    2fc8:	3938 6261 6463 6665 0000 0000 fcb4 ffff     89abcdef........
    2fd8:	fcca ffff fc8a ffff fc8a ffff fc8a ffff     ................
    2fe8:	fc8a ffff fcca ffff fc8a ffff fc8a ffff     ................
    2ff8:	fc8a ffff fc8a ffff fe26 ffff fd2e ffff     ........&.......
    3008:	fdc0 ffff fc8a ffff fc8a ffff fe54 ffff     ............T...
    3018:	fc8a ffff fd2e ffff fc8a ffff fc8a ffff     ................
    3028:	fdc8 ffff                                   ....

Disassembly of section .vector_handler:

0000302c <BB_IRQHandler>:
ENDOCE_IRQHandler():
c:\Users\seanw\mounriver-studio-projects\earth-computar\obj/../Startup/startup_CH572.S:111
	j 1b
    302c:	a001                	j	302c <BB_IRQHandler>
