
EC-reset.elf:     file format elf32-littleriscv
EC-reset.elf
architecture: riscv:rv32, flags 0x00000112:
EXEC_P, HAS_SYMS, D_PAGED
start address 0x00000000

Program Header:
0x70000003 off    0x00018385 vaddr 0x00000000 paddr 0x00000000 align 2**0
         filesz 0x00000051 memsz 0x00000000 flags r--
    LOAD off    0x00001000 vaddr 0x00000000 paddr 0x00000000 align 2**12
         filesz 0x00000004 memsz 0x00000004 flags r-x
    LOAD off    0x00002000 vaddr 0x20000000 paddr 0x00000004 align 2**12
         filesz 0x00000d2c memsz 0x00000d2c flags r-x
    LOAD off    0x00002d30 vaddr 0x00000d30 paddr 0x00000d30 align 2**12
         filesz 0x00001e1a memsz 0x00001e1c flags rwx
    LOAD off    0x00004d2c vaddr 0x20000d2c paddr 0x00002b4c align 2**12
         filesz 0x00000078 memsz 0x0000029c flags rw-

Sections:
Idx Name                 Size      VMA       LMA       File off  Algn  Flags
  0 .init                00000004  00000000  00000000  00001000  2**1  CONTENTS, ALLOC, LOAD, READONLY, CODE
  1 .highcode_initlalign 00000000  00000004  00000004  00004da4  2**0  CONTENTS
  2 .highcodelalign      00000000  00000004  00000004  00004da4  2**0  CONTENTS
  3 .highcode            00000d2c  20000000  00000004  00002000  2**1  CONTENTS, ALLOC, LOAD, READONLY, CODE
  4 .text                00001e18  00000d30  00000d30  00002d30  2**2  CONTENTS, ALLOC, LOAD, READONLY, CODE
  5 .vector_handler      00000002  00002b48  00002b48  00004b48  2**0  CONTENTS, ALLOC, LOAD, READONLY, CODE
  6 .fini                00000002  00002b4a  00002b4a  00004b4a  2**0  ALLOC, CODE
  7 .dlalign             00000000  00002b4c  00002b4c  00004da4  2**0  CONTENTS
  8 .data                00000078  20000d2c  00002b4c  00004d2c  2**2  CONTENTS, ALLOC, LOAD, DATA
  9 .bss                 00000224  20000da4  00002bc4  00004da4  2**2  ALLOC
 10 .stack               00000000  20003000  20003000  00004da4  2**0  CONTENTS
 11 .debug_info          00005dbb  00000000  00000000  00004da4  2**0  CONTENTS, READONLY, DEBUGGING, OCTETS
 12 .debug_abbrev        00001902  00000000  00000000  0000ab5f  2**0  CONTENTS, READONLY, DEBUGGING, OCTETS
 13 .debug_loclists      000023fa  00000000  00000000  0000c461  2**0  CONTENTS, READONLY, DEBUGGING, OCTETS
 14 .debug_aranges       00000430  00000000  00000000  0000e860  2**3  CONTENTS, READONLY, DEBUGGING, OCTETS
 15 .debug_rnglists      0000082a  00000000  00000000  0000ec90  2**0  CONTENTS, READONLY, DEBUGGING, OCTETS
 16 .debug_line          00007271  00000000  00000000  0000f4ba  2**0  CONTENTS, READONLY, DEBUGGING, OCTETS
 17 .debug_str           0000170d  00000000  00000000  0001672b  2**0  CONTENTS, READONLY, DEBUGGING, OCTETS
 18 .debug_line_str      000004e9  00000000  00000000  00017e38  2**0  CONTENTS, READONLY, DEBUGGING, OCTETS
 19 .comment             00000064  00000000  00000000  00018321  2**0  CONTENTS, READONLY
 20 .riscv.attributes    00000051  00000000  00000000  00018385  2**0  CONTENTS, READONLY
 21 .debug_frame         00000a08  00000000  00000000  000183d8  2**2  CONTENTS, READONLY, DEBUGGING, OCTETS
SYMBOL TABLE:
00000000 l    d  .init	00000000 .init
00000004 l    d  .highcode_initlalign	00000000 .highcode_initlalign
00000004 l    d  .highcodelalign	00000000 .highcodelalign
20000000 l    d  .highcode	00000000 .highcode
00000d30 l    d  .text	00000000 .text
00002b48 l    d  .vector_handler	00000000 .vector_handler
00002b4a l    d  .fini	00000000 .fini
00002b4c l    d  .dlalign	00000000 .dlalign
20000d2c l    d  .data	00000000 .data
20000da4 l    d  .bss	00000000 .bss
20003000 l    d  .stack	00000000 .stack
00000000 l    d  .debug_info	00000000 .debug_info
00000000 l    d  .debug_abbrev	00000000 .debug_abbrev
00000000 l    d  .debug_loclists	00000000 .debug_loclists
00000000 l    d  .debug_aranges	00000000 .debug_aranges
00000000 l    d  .debug_rnglists	00000000 .debug_rnglists
00000000 l    d  .debug_line	00000000 .debug_line
00000000 l    d  .debug_str	00000000 .debug_str
00000000 l    d  .debug_line_str	00000000 .debug_line_str
00000000 l    d  .comment	00000000 .comment
00000000 l    d  .riscv.attributes	00000000 .riscv.attributes
00000000 l    d  .debug_frame	00000000 .debug_frame
00000000 l    df *ABS*	00000000 startup_CH572.o
00002b48 l       .vector_handler	00000000 ENDOCE_IRQHandler
00000000 l    df *ABS*	00000000 app_i2c.c
20000db2 l     O .bss	00000001 i2c_state
20000db0 l     O .bss	00000001 i2c_send_stop
20000daf l     O .bss	00000001 i2c_in_repstart
20000da4 l     O .bss	00000004 slave_cb
20000da8 l     O .bss	00000001 i2c_error
20000e1c l     O .bss	00000020 i2c_master_buffer
20000dad l     O .bss	00000001 i2c_master_buffer_length
20000dae l     O .bss	00000001 i2c_master_buffer_index
20000db1 l     O .bss	00000001 i2c_slave_addr_rw
20000da9 l     O .bss	00000001 is_nack_sent
20000dac l     O .bss	00000001 i2c_slave_txbuffer_index
20000dab l     O .bss	00000001 i2c_slave_txbuffer_length
20000dfc l     O .bss	00000020 i2c_slave_txbuffer
20000daa l     O .bss	00000001 i2c_slave_rxbuffer_index
20000ddc l     O .bss	00000020 i2c_slave_rxbuffer
00000000 l    df *ABS*	00000000 Main.c
200004a2 l     F .highcode	00000074 StartFSK
20000dbe l     O .bss	00000002 bit_index
20000dbd l     O .bss	00000001 tx_done
20000f08 l     O .bss	000000c0 pwm_periods
20000e48 l     O .bss	000000c0 bit_counts
20000dba l     O .bss	00000002 period_f0
20000db8 l     O .bss	00000002 period_f1
20000db3 l     O .bss	00000001 seq
20000db6 l     O .bss	00000002 edges_per_bit_f0
20000db4 l     O .bss	00000002 edges_per_bit_f1
20000e3c l     O .bss	0000000c message
20000dbc l     O .bss	00000001 tables_built
00000000 l    df *ABS*	00000000 CH57x_pwr.c
00000000 l    df *ABS*	00000000 CH57x_sys.c
20000d98 l     O .data	00000004 curbrk.0
00000000 l    df *ABS*	00000000 ISP572.c
20000a64 l       .highcode	00000000 .loop52
20000a72 l       .highcode	00000000 .loop63
20000a80 l       .highcode	00000000 .loop74
20000b80 l       .highcode	00000000 .loop247
00000000 l    df *ABS*	00000000 lib_a-memcpy-asm.o
00000000 l    df *ABS*	00000000 lib_a-memset.o
00000000 l    df *ABS*	00000000 mcp9808.c
00000000 l    df *ABS*	00000000 packet_gen.c
20000d2c l     O .data	0000000a packet_hdr
00000000 l    df *ABS*	00000000 utility.c
00000000 l    df *ABS*	00000000 CH57x_clk.c
00000000 l    df *ABS*	00000000 CH57x_gpio.c
00000000 l    df *ABS*	00000000 CH57x_i2c.c
00000000 l    df *ABS*	00000000 lib_a-printf.o
00000000 l    df *ABS*	00000000 lib_a-wbuf.o
00000000 l    df *ABS*	00000000 lib_a-wsetup.o
00000000 l    df *ABS*	00000000 lib_a-fflush.o
00000000 l    df *ABS*	00000000 lib_a-findfp.o
00001c2e l     F .text	00000066 std
00000000 l    df *ABS*	00000000 lib_a-fwalk.o
00000000 l    df *ABS*	00000000 lib_a-lock.o
00000000 l    df *ABS*	00000000 lib_a-makebuf.o
00000000 l    df *ABS*	00000000 lib_a-nano-freer.o
00000000 l    df *ABS*	00000000 lib_a-nano-mallocr.o
00002000 l     F .text	00000054 sbrk_aligned
00000000 l    df *ABS*	00000000 lib_a-nano-vfprintf.o
00002156 l     F .text	00000028 __sfputc_r
00000000 l    df *ABS*	00000000 lib_a-sbrkr.o
00000000 l    df *ABS*	00000000 lib_a-stdio.o
00000000 l    df *ABS*	00000000 lib_a-writer.o
00000000 l    df *ABS*	00000000 lib_a-closer.o
00000000 l    df *ABS*	00000000 lib_a-fstatr.o
00000000 l    df *ABS*	00000000 lib_a-isattyr.o
00000000 l    df *ABS*	00000000 lib_a-lseekr.o
00000000 l    df *ABS*	00000000 lib_a-memchr.o
00000000 l    df *ABS*	00000000 lib_a-mlock.o
00000000 l    df *ABS*	00000000 lib_a-nano-vfprintf_i.o
00000000 l    df *ABS*	00000000 lib_a-readr.o
00000000 l    df *ABS*	00000000 close.o
00000000 l    df *ABS*	00000000 fstat.o
00000000 l    df *ABS*	00000000 isatty.o
00000000 l    df *ABS*	00000000 lseek.o
00000000 l    df *ABS*	00000000 read.o
00000000 l    df *ABS*	00000000 lib_a-impure.o
20000d38 l     O .data	00000060 impure_data
000025b2 g     F .text	00000026 _isatty_r
000025d8 g     F .text	0000002a _lseek_r
20000a80 g     F .highcode	0000000e FLASH_ROM_OUT
00002b48  w      .vector_handler	00000000 CMP_IRQHandler
0000188a g     F .text	0000003e printf
20001598 g       .data	00000000 __global_pointer$
000014ca g     F .text	0000000e I2C_ReceiveData
00002504 g     F .text	0000002e __sseek
00001cfc g     F .text	00000068 __sinit
000018c8 g     F .text	000000bc __swbuf_r
200009f0 g     F .highcode	0000000e mDelayuS
2000096a  w    F .highcode	00000084 HardFault_Handler
00001c9e g     F .text	00000046 __sfmoreglue
00001654 g     F .text	00000016 I2C_GetLastEvent
00002622 g     F .text	00000008 __malloc_unlock
200005c2 g     F .highcode	00000010 GPIOA_IRQHandler
00002b48  w      .vector_handler	00000000 SysTick_Handler
200009ee  w    F .highcode	00000002 NMI_Handler
00002b48  w      .vector_handler	00000000 UART_IRQHandler
000012f4 g     F .text	00000022 add_header
0000258a g     F .text	00000028 _fstat_r
20000dd8 g     O .bss	00000004 errno
20000b44 g     F .highcode	00000060 FLASH_CMD_ROM_WRITE
20000da4 g       .bss	00000000 _sbss
20000a72 g     F .highcode	0000000e FLASH_ROM_IN
00001326 g     F .text	00000050 HSECFG_Capacitance
00001498 g     F .text	00000028 I2C_ITConfig
00000de2 g     F .text	00000016 memcpy
00001c94 g     F .text	0000000a _cleanup_r
00002b48  w      .vector_handler	00000000 SWI_Handler
000029e2 g     F .text	0000000c _fstat
00000004 g       .init	00000000 _einit
00001376 g     F .text	0000001a RTC_GetITFlag
00002b48  w      .vector_handler	00000000 BB_IRQHandler
00001760 g     F .text	0000012a FLASH_EEPROM_CMD
00002b48  w      .vector_handler	00000000 Break_Point_Handler
20000b0e g     F .highcode	00000036 FLASH_START
0000246c g     F .text	00000028 _sbrk_r
000029ac g     F .text	0000002a _read_r
20000a50 g     F .highcode	00000014 FLASH_ROM_BEG
20000ba4 g     F .highcode	00000072 FLASH_CMD_ROM_ERASE
200009fe g     F .highcode	0000001e mDelaymS
00002b48  w      .vector_handler	00000000 Ecall_M_Mode_Handler
000029ee g     F .text	0000000c _isatty
20000dcc g     O .bss	00000001 __lock___sinit_recursive_mutex
20000da0 g     O .data	00000004 _global_impure_ptr
20000a8e g     F .highcode	00000048 FLASH_ROM_ADDR
00000f2e g     F .text	000000fc i2c_read_from
000014c0 g     F .text	0000000a I2C_SendData
00001738 g     F .text	00000028 _sbrk
00001316 g     F .text	00000010 Is_PLL_Clock
000014f2 g     F .text	00000162 I2C_Init
200005a8 g     F .highcode	0000001a RTC_IRQHandler
20000fc8 g       .bss	00000000 _ebss
00002b48  w      .vector_handler	00000000 SPI_IRQHandler
20000dc4 g     O .bss	00000001 __lock___malloc_recursive_mutex
20000ad6 g     F .highcode	00000038 FLASH_ROM_WAIT
00001432 g     F .text	00000022 I2C_GenerateSTART
00002a54 g     O .text	00000020 __sf_fake_stderr
20000000 g       .highcode	00000000 _vector_base
00001e76 g     F .text	00000002 __retarget_lock_release_recursive
00002b48  w      .vector_handler	00000000 PWMX_IRQHandler
0000217e g     F .text	00000040 __sfputs_r
00001ce4 g     F .text	00000006 __sfp_lock_acquire
00002602 g     F .text	00000018 memchr
00001f62 g     F .text	0000009e _free_r
00000000 g       .init	00000000 _start
0000166a g     F .text	0000003c I2C_GetFlagStatus
000029fa g     F .text	0000000c _lseek
20000000 g       .highcode	00000000 _highcode_vma_start
00000e08 g     F .text	0000005e i2c_app_init
00002564 g     F .text	00000026 _close_r
000016a6 g     F .text	00000012 I2C_ClearFlag
00002b48  w      .vector_handler	00000000 KEYSCAN_IRQHandler
20000d2c g       .data	00000000 _data_vma
2000071a g     F .highcode	00000250 SetSysClock
00002b48  w      .vector_handler	00000000 USB_IRQHandler
00001984 g     F .text	000000f2 __swsetup_r
20000cd2 g     F .highcode	0000003e FLASH_CMD_GET_UNIQUE_ID
00001d64 g     F .text	000000a6 __sfp
20000c66 g     F .highcode	00000012 FLASH_CMD_ROM_PWR
00001cf6 g     F .text	00000006 __sinit_lock_release
00002494 g     F .text	0000002a __sread
0000261a g     F .text	00000008 __malloc_lock
00001ba8 g     F .text	00000086 _fflush_r
00002a94 g     O .text	00000020 __sf_fake_stdin
00001e74 g     F .text	00000002 __retarget_lock_acquire_recursive
20000090 g     F .highcode	00000412 I2C_IRQHandler
00000df8 g     F .text	00000010 memset
000010ea g     F .text	00000200 main
00001e72 g     F .text	00000002 __retarget_lock_init_recursive
00002532 g     F .text	00000006 __sclose
00002054 g     F .text	00000102 _malloc_r
00000004 g       .highcodelalign	00000000 _highcode_lma
000014d8 g     F .text	0000001a I2C_SoftwareResetCmd
0000188a g     F .text	0000003e iprintf
00002b48  w      .vector_handler	00000000 LLE_IRQHandler
00000000 g       .init	00000000 _sinit
00002538 g     F .text	0000002c _write_r
20000d10 g     F .highcode	0000001a FLASH_CMD_ROM_SW_RESET
20000516 g     F .highcode	00000092 TMR_IRQHandler
0000262a g     F .text	0000010a _printf_common
20000d9c g     O .data	00000004 _impure_ptr
00001a76 g     F .text	00000132 __sflush_r
20000dc0 g     O .bss	00000004 Freq_LSI
00002b48  w      .vector_handler	00000000 WDOG_BAT_IRQHandler
00002b48  w      .vector_handler	00000000 Ecall_U_Mode_Handler
20003000 g       .stack	00000000 _eusrstack
000013b0 g     F .text	00000082 GPIOA_ModeCfg
00001e78 g     F .text	00000058 __swhatbuf_r
000016b8 g     F .text	0000005a GetSysClock
00001390 g     F .text	00000020 RTC_ClearITFlag
20000a1c g     F .highcode	00000034 FLASH_ROM_BEG_FF
20000c78 g     F .highcode	0000005a FLASH_CMD_GET_ROM_INFO
00001712 g     F .text	00000026 _write
20000da4 g       .data	00000000 _edata
20000fc8 g       .bss	00000000 _end
20000d2c g       .highcode	00000000 _highcode_vma_end
00002b4c g       .dlalign	00000000 _data_lma
000024be g     F .text	00000046 __swrite
00000e66 g     F .text	000000c8 i2c_write_to
000021be g     F .text	000002ae _vfiprintf_r
00001e0a g     F .text	00000068 _fwalk_reent
00001cea g     F .text	00000006 __sfp_lock_release
0000102a g     F .text	00000066 MCP9808_ReadRawTemperature
00002a74 g     O .text	00000020 __sf_fake_stdout
00002a06 g     F .text	0000000c _read
00000d30  w      .text	00000000 handle_reset
200005d2 g     F .highcode	00000148 LowPower_Shutdown
00001ed0 g     F .text	00000092 __smakebuf_r
00001476 g     F .text	00000022 I2C_AcknowledgeConfig
000012ea g     F .text	0000000a packet_hdr_template
00001090 g     F .text	0000005a I2C_setup
00002734 g     F .text	00000278 _printf_i
20000dd0 g     O .bss	00000004 __malloc_sbrk_start
00001454 g     F .text	00000022 I2C_GenerateSTOP
20000a64 g     F .highcode	0000000e FLASH_ROM_END
20000dd4 g     O .bss	00000004 __malloc_free_list
000021be g     F .text	000002ae _vfprintf_r
20000c16 g     F .highcode	00000050 FLASH_CMD_ROM_VERIFY
20000dc8 g     O .bss	00000001 __lock___sfp_recursive_mutex
000029d6 g     F .text	0000000c _close
00001cf0 g     F .text	00000006 __sinit_lock_acquire



Disassembly of section .init:

00000000 <_sinit>:
_start():
c:\Users\seanw\mounriver-studio-projects\EC-reset\obj/../Startup/startup_CH572.S:18
	.section	.init,"ax",@progbits
	.global	_start
 	.global	_vector_base
	.align	1
_start:
	j	handle_reset
   0:	5310006f          	j	d30 <handle_reset>

Disassembly of section .highcode:

20000000 <_highcode_vma_start>:
	...
_vector_base():
20000008:	200009ee          	.word	0x200009ee
2000000c:	2000096a          	.word	0x2000096a
20000010:	f3f9bda9          	.word	0xf3f9bda9
20000014:	00002b48          	.word	0x00002b48
	...
20000020:	00002b48          	.word	0x00002b48
20000024:	00002b48          	.word	0x00002b48
	...
20000030:	00002b48          	.word	0x00002b48
20000034:	00000000          	.word	0x00000000
20000038:	00002b48          	.word	0x00002b48
	...
20000044:	200005c2          	.word	0x200005c2
20000048:	00000000          	.word	0x00000000
2000004c:	00002b48          	.word	0x00002b48
20000050:	00002b48          	.word	0x00002b48
20000054:	00002b48          	.word	0x00002b48
20000058:	00002b48          	.word	0x00002b48
2000005c:	00000000          	.word	0x00000000
20000060:	20000516          	.word	0x20000516
	...
2000006c:	00002b48          	.word	0x00002b48
20000070:	200005a8          	.word	0x200005a8
20000074:	00002b48          	.word	0x00002b48
20000078:	20000090          	.word	0x20000090
2000007c:	00002b48          	.word	0x00002b48
20000080:	00000000          	.word	0x00000000
20000084:	00002b48          	.word	0x00002b48
20000088:	00000000          	.word	0x00000000
2000008c:	00002b48          	.word	0x00002b48

20000090 <I2C_IRQHandler>:
I2C_IRQHandler():
c:\Users\seanw\mounriver-studio-projects\EC-reset\obj/../src/I2C/app_i2c.c:258
#endif

__INTERRUPT
__HIGH_CODE
void I2C_IRQHandler(void)
{
20000090:	1141                	addi	sp,sp,-16
20000092:	c622                	sw	s0,12(sp)
20000094:	c426                	sw	s1,8(sp)
20000096:	c24a                	sw	s2,4(sp)
c:\Users\seanw\mounriver-studio-projects\EC-reset\obj/../src/I2C/app_i2c.c:259
    uint32_t event = I2C_GetLastEvent();
20000098:	e0001097          	auipc	ra,0xe0001
2000009c:	5bc080e7          	jalr	1468(ra) # 1654 <I2C_GetLastEvent>
c:\Users\seanw\mounriver-studio-projects\EC-reset\obj/../src/I2C/app_i2c.c:263
    print_i2c_irq_sta(event);

    /* I2C Master */
    if (event & (RB_I2C_MSL << 16)) {
200000a0:	67c1                	lui	a5,0x10
200000a2:	8fe9                	and	a5,a5,a0
c:\Users\seanw\mounriver-studio-projects\EC-reset\obj/../src/I2C/app_i2c.c:259
    uint32_t event = I2C_GetLastEvent();
200000a4:	842a                	mv	s0,a0
c:\Users\seanw\mounriver-studio-projects\EC-reset\obj/../src/I2C/app_i2c.c:263
    if (event & (RB_I2C_MSL << 16)) {
200000a6:	40057493          	andi	s1,a0,1024
200000aa:	26078863          	beqz	a5,2000031a <I2C_IRQHandler+0x28a>
c:\Users\seanw\mounriver-studio-projects\EC-reset\obj/../src/I2C/app_i2c.c:264
        if (event & RB_I2C_SB) {
200000ae:	00157793          	andi	a5,a0,1
200000b2:	c799                	beqz	a5,200000c0 <I2C_IRQHandler+0x30>
c:\Users\seanw\mounriver-studio-projects\EC-reset\obj/../src/I2C/app_i2c.c:266
            /* Start condition sent, send address */
            I2C_SendData(i2c_slave_addr_rw);
200000b4:	8191c503          	lbu	a0,-2023(gp) # 20000db1 <i2c_slave_addr_rw>
200000b8:	e0001097          	auipc	ra,0xe0001
200000bc:	408080e7          	jalr	1032(ra) # 14c0 <I2C_SendData>
c:\Users\seanw\mounriver-studio-projects\EC-reset\obj/../src/I2C/app_i2c.c:271
            I2C_DBG("Master selected, send address\n");
        }

        /* I2C Master transmitter */
        if (event & (RB_I2C_TRA << 16)) {
200000c0:	000407b7          	lui	a5,0x40
200000c4:	00f47733          	and	a4,s0,a5
200000c8:	10070663          	beqz	a4,200001d4 <I2C_IRQHandler+0x144>
c:\Users\seanw\mounriver-studio-projects\EC-reset\obj/../src/I2C/app_i2c.c:274
            I2C_DBG("Master transmitter:\n");
            /* Slave receiver acked address or sent bit */
            if (event & (RB_I2C_ADDR | RB_I2C_BTF | RB_I2C_TxE | (RB_I2C_TRA << 16))) {
200000cc:	08678793          	addi	a5,a5,134 # 40086 <_data_lma+0x3d53a>
200000d0:	8fe1                	and	a5,a5,s0
200000d2:	c79d                	beqz	a5,20000100 <I2C_IRQHandler+0x70>
c:\Users\seanw\mounriver-studio-projects\EC-reset\obj/../src/I2C/app_i2c.c:276
                /* if there is data to send, send it, otherwise stop */
                if (i2c_master_buffer_index < i2c_master_buffer_length) {
200000d4:	8161c783          	lbu	a5,-2026(gp) # 20000dae <i2c_master_buffer_index>
200000d8:	8151c703          	lbu	a4,-2027(gp) # 20000dad <i2c_master_buffer_length>
200000dc:	81618693          	addi	a3,gp,-2026 # 20000dae <i2c_master_buffer_index>
200000e0:	08e7ff63          	bgeu	a5,a4,2000017e <I2C_IRQHandler+0xee>
c:\Users\seanw\mounriver-studio-projects\EC-reset\obj/../src/I2C/app_i2c.c:277
                    I2C_SendData(i2c_master_buffer[i2c_master_buffer_index++]);
200000e4:	2298                	lbu	a4,0(a3)
200000e6:	00170793          	addi	a5,a4,1
200000ea:	0ff7f793          	zext.b	a5,a5
200000ee:	a29c                	sb	a5,0(a3)
200000f0:	88418793          	addi	a5,gp,-1916 # 20000e1c <i2c_master_buffer>
200000f4:	97ba                	add	a5,a5,a4
200000f6:	2388                	lbu	a0,0(a5)
200000f8:	e0001097          	auipc	ra,0xe0001
200000fc:	3c8080e7          	jalr	968(ra) # 14c0 <I2C_SendData>
c:\Users\seanw\mounriver-studio-projects\EC-reset\obj/../src/I2C/app_i2c.c:299
                    }
                }
            }

            /* Address or data sent, nack received */
            if (event & RB_I2C_AF) {
20000100:	c09d                	beqz	s1,20000126 <I2C_IRQHandler+0x96>
c:\Users\seanw\mounriver-studio-projects\EC-reset\obj/../src/I2C/app_i2c.c:300
                I2C_ClearFlag(I2C_FLAG_AF);
20000102:	10000537          	lui	a0,0x10000
20000106:	40050513          	addi	a0,a0,1024 # 10000400 <_data_lma+0xfffd8b4>
2000010a:	e0001097          	auipc	ra,0xe0001
2000010e:	59c080e7          	jalr	1436(ra) # 16a6 <I2C_ClearFlag>
c:\Users\seanw\mounriver-studio-projects\EC-reset\obj/../src/I2C/app_i2c.c:302

                i2c_error = I2C_MT_NACK;
20000112:	478d                	li	a5,3
20000114:	80f18823          	sb	a5,-2032(gp) # 20000da8 <i2c_error>
c:\Users\seanw\mounriver-studio-projects\EC-reset\obj/../src/I2C/app_i2c.c:375
                /* put final byte into buffer */
                i2c_master_buffer[i2c_master_buffer_index++] = I2C_ReceiveData();

                if (i2c_send_stop) {
                    i2c_state = I2C_READY;
                    I2C_GenerateSTOP(ENABLE);
20000118:	4505                	li	a0,1
c:\Users\seanw\mounriver-studio-projects\EC-reset\obj/../src/I2C/app_i2c.c:374
                    i2c_state = I2C_READY;
2000011a:	80018d23          	sb	zero,-2022(gp) # 20000db2 <i2c_state>
c:\Users\seanw\mounriver-studio-projects\EC-reset\obj/../src/I2C/app_i2c.c:375
                    I2C_GenerateSTOP(ENABLE);
2000011e:	e0001097          	auipc	ra,0xe0001
20000122:	336080e7          	jalr	822(ra) # 1454 <I2C_GenerateSTOP>
c:\Users\seanw\mounriver-studio-projects\EC-reset\obj/../src/I2C/app_i2c.c:483
                I2C_AcknowledgeConfig(ENABLE);
            }
        }
    }

    if (event & RB_I2C_BERR) {
20000126:	10047793          	andi	a5,s0,256
2000012a:	cf99                	beqz	a5,20000148 <I2C_IRQHandler+0xb8>
c:\Users\seanw\mounriver-studio-projects\EC-reset\obj/../src/I2C/app_i2c.c:484
        I2C_ClearFlag(RB_I2C_BERR);
2000012c:	10000513          	li	a0,256
20000130:	e0001097          	auipc	ra,0xe0001
20000134:	576080e7          	jalr	1398(ra) # 16a6 <I2C_ClearFlag>
c:\Users\seanw\mounriver-studio-projects\EC-reset\obj/../src/I2C/app_i2c.c:485
        I2C_GenerateSTOP(ENABLE);
20000138:	4505                	li	a0,1
2000013a:	e0001097          	auipc	ra,0xe0001
2000013e:	31a080e7          	jalr	794(ra) # 1454 <I2C_GenerateSTOP>
c:\Users\seanw\mounriver-studio-projects\EC-reset\obj/../src/I2C/app_i2c.c:487

        i2c_error = I2C_BUS_ERROR;
20000142:	4795                	li	a5,5
20000144:	80f18823          	sb	a5,-2032(gp) # 20000da8 <i2c_error>
c:\Users\seanw\mounriver-studio-projects\EC-reset\obj/../src/I2C/app_i2c.c:491
        I2C_DBG("RB_I2C_BERR\n");
    }

    if (event & RB_I2C_ARLO) {
20000148:	20047793          	andi	a5,s0,512
2000014c:	cb91                	beqz	a5,20000160 <I2C_IRQHandler+0xd0>
c:\Users\seanw\mounriver-studio-projects\EC-reset\obj/../src/I2C/app_i2c.c:492
        I2C_ClearFlag(RB_I2C_ARLO);
2000014e:	20000513          	li	a0,512
20000152:	e0001097          	auipc	ra,0xe0001
20000156:	554080e7          	jalr	1364(ra) # 16a6 <I2C_ClearFlag>
c:\Users\seanw\mounriver-studio-projects\EC-reset\obj/../src/I2C/app_i2c.c:494
        
        i2c_error = I2C_ARB_LOST;
2000015a:	4791                	li	a5,4
2000015c:	80f18823          	sb	a5,-2032(gp) # 20000da8 <i2c_error>
c:\Users\seanw\mounriver-studio-projects\EC-reset\obj/../src/I2C/app_i2c.c:498
        I2C_DBG("RB_I2C_ARLO\n");
    }

    if (event & RB_I2C_OVR) {
20000160:	28b01793          	bseti	a5,zero,0xb
20000164:	8fe1                	and	a5,a5,s0
20000166:	20078f63          	beqz	a5,20000384 <I2C_IRQHandler+0x2f4>
c:\Users\seanw\mounriver-studio-projects\EC-reset\obj/../src/I2C/app_i2c.c:499
        I2C_ClearFlag(RB_I2C_OVR);
2000016a:	28b01513          	bseti	a0,zero,0xb
2000016e:	e0001097          	auipc	ra,0xe0001
20000172:	538080e7          	jalr	1336(ra) # 16a6 <I2C_ClearFlag>
c:\Users\seanw\mounriver-studio-projects\EC-reset\obj/../src/I2C/app_i2c.c:501
        
        i2c_error = I2C_OVR;
20000176:	4799                	li	a5,6
20000178:	80f18823          	sb	a5,-2032(gp) # 20000da8 <i2c_error>
2000017c:	a421                	j	20000384 <I2C_IRQHandler+0x2f4>
c:\Users\seanw\mounriver-studio-projects\EC-reset\obj/../src/I2C/app_i2c.c:281
                    if (i2c_send_stop) {
2000017e:	8181c783          	lbu	a5,-2024(gp) # 20000db0 <i2c_send_stop>
20000182:	cb89                	beqz	a5,20000194 <I2C_IRQHandler+0x104>
c:\Users\seanw\mounriver-studio-projects\EC-reset\obj/../src/I2C/app_i2c.c:283
                        I2C_GenerateSTOP(ENABLE);
20000184:	4505                	li	a0,1
c:\Users\seanw\mounriver-studio-projects\EC-reset\obj/../src/I2C/app_i2c.c:282
                        i2c_state = I2C_READY;
20000186:	80018d23          	sb	zero,-2022(gp) # 20000db2 <i2c_state>
c:\Users\seanw\mounriver-studio-projects\EC-reset\obj/../src/I2C/app_i2c.c:283
                        I2C_GenerateSTOP(ENABLE);
2000018a:	e0001097          	auipc	ra,0xe0001
2000018e:	2ca080e7          	jalr	714(ra) # 1454 <I2C_GenerateSTOP>
c:\Users\seanw\mounriver-studio-projects\EC-reset\obj/../src/I2C/app_i2c.c:284
                        I2C_DBG("  send STOP\n");
20000192:	b7bd                	j	20000100 <I2C_IRQHandler+0x70>
c:\Users\seanw\mounriver-studio-projects\EC-reset\obj/../src/I2C/app_i2c.c:286
                        i2c_in_repstart = true;
20000194:	4785                	li	a5,1
c:\Users\seanw\mounriver-studio-projects\EC-reset\obj/../src/I2C/app_i2c.c:288
                        I2C_ITConfig(I2C_IT_BUF, DISABLE);
20000196:	4581                	li	a1,0
20000198:	40000513          	li	a0,1024
c:\Users\seanw\mounriver-studio-projects\EC-reset\obj/../src/I2C/app_i2c.c:286
                        i2c_in_repstart = true;
2000019c:	80f18ba3          	sb	a5,-2025(gp) # 20000daf <i2c_in_repstart>
c:\Users\seanw\mounriver-studio-projects\EC-reset\obj/../src/I2C/app_i2c.c:288
                        I2C_ITConfig(I2C_IT_BUF, DISABLE);
200001a0:	e0001097          	auipc	ra,0xe0001
200001a4:	2f8080e7          	jalr	760(ra) # 1498 <I2C_ITConfig>
c:\Users\seanw\mounriver-studio-projects\EC-reset\obj/../src/I2C/app_i2c.c:289
                        I2C_ITConfig(I2C_IT_EVT, DISABLE);
200001a8:	4581                	li	a1,0
200001aa:	20000513          	li	a0,512
200001ae:	e0001097          	auipc	ra,0xe0001
200001b2:	2ea080e7          	jalr	746(ra) # 1498 <I2C_ITConfig>
c:\Users\seanw\mounriver-studio-projects\EC-reset\obj/../src/I2C/app_i2c.c:290
                        I2C_ITConfig(I2C_IT_ERR, DISABLE);
200001b6:	4581                	li	a1,0
200001b8:	10000513          	li	a0,256
200001bc:	e0001097          	auipc	ra,0xe0001
200001c0:	2dc080e7          	jalr	732(ra) # 1498 <I2C_ITConfig>
c:\Users\seanw\mounriver-studio-projects\EC-reset\obj/../src/I2C/app_i2c.c:291
                        I2C_GenerateSTART(ENABLE);
200001c4:	4505                	li	a0,1
200001c6:	e0001097          	auipc	ra,0xe0001
200001ca:	26c080e7          	jalr	620(ra) # 1432 <I2C_GenerateSTART>
c:\Users\seanw\mounriver-studio-projects\EC-reset\obj/../src/I2C/app_i2c.c:292
                        i2c_state = I2C_READY;
200001ce:	80018d23          	sb	zero,-2022(gp) # 20000db2 <i2c_state>
200001d2:	b73d                	j	20000100 <I2C_IRQHandler+0x70>
c:\Users\seanw\mounriver-studio-projects\EC-reset\obj/../src/I2C/app_i2c.c:312
            if(event & RB_I2C_ADDR) { 
200001d4:	00247793          	andi	a5,s0,2
200001d8:	cb89                	beqz	a5,200001ea <I2C_IRQHandler+0x15a>
c:\Users\seanw\mounriver-studio-projects\EC-reset\obj/../src/I2C/app_i2c.c:314
                if (i2c_master_buffer_length) {
200001da:	8151c783          	lbu	a5,-2027(gp) # 20000dad <i2c_master_buffer_length>
200001de:	cfd5                	beqz	a5,2000029a <I2C_IRQHandler+0x20a>
c:\Users\seanw\mounriver-studio-projects\EC-reset\obj/../src/I2C/app_i2c.c:315
                    I2C_AcknowledgeConfig(ENABLE);
200001e0:	4505                	li	a0,1
200001e2:	e0001097          	auipc	ra,0xe0001
200001e6:	294080e7          	jalr	660(ra) # 1476 <I2C_AcknowledgeConfig>
c:\Users\seanw\mounriver-studio-projects\EC-reset\obj/../src/I2C/app_i2c.c:328
            if (event & (RB_I2C_RxNE)) {
200001ea:	04047793          	andi	a5,s0,64
200001ee:	cb95                	beqz	a5,20000222 <I2C_IRQHandler+0x192>
c:\Users\seanw\mounriver-studio-projects\EC-reset\obj/../src/I2C/app_i2c.c:330
                i2c_master_buffer[i2c_master_buffer_index++] = I2C_ReceiveData();
200001f0:	8161c903          	lbu	s2,-2026(gp) # 20000dae <i2c_master_buffer_index>
200001f4:	00190793          	addi	a5,s2,1
200001f8:	80f18b23          	sb	a5,-2026(gp) # 20000dae <i2c_master_buffer_index>
200001fc:	e0001097          	auipc	ra,0xe0001
20000200:	2ce080e7          	jalr	718(ra) # 14ca <I2C_ReceiveData>
20000204:	88418793          	addi	a5,gp,-1916 # 20000e1c <i2c_master_buffer>
20000208:	97ca                	add	a5,a5,s2
2000020a:	a388                	sb	a0,0(a5)
c:\Users\seanw\mounriver-studio-projects\EC-reset\obj/../src/I2C/app_i2c.c:332
                if (i2c_master_buffer_index < i2c_master_buffer_length) {
2000020c:	8151c703          	lbu	a4,-2027(gp) # 20000dad <i2c_master_buffer_length>
20000210:	8161c783          	lbu	a5,-2026(gp) # 20000dae <i2c_master_buffer_index>
20000214:	08e7fc63          	bgeu	a5,a4,200002ac <I2C_IRQHandler+0x21c>
c:\Users\seanw\mounriver-studio-projects\EC-reset\obj/../src/I2C/app_i2c.c:333
                    I2C_AcknowledgeConfig(ENABLE);
20000218:	4505                	li	a0,1
2000021a:	e0001097          	auipc	ra,0xe0001
2000021e:	25c080e7          	jalr	604(ra) # 1476 <I2C_AcknowledgeConfig>
c:\Users\seanw\mounriver-studio-projects\EC-reset\obj/../src/I2C/app_i2c.c:368
            if (event & RB_I2C_AF) {
20000222:	f00482e3          	beqz	s1,20000126 <I2C_IRQHandler+0x96>
c:\Users\seanw\mounriver-studio-projects\EC-reset\obj/../src/I2C/app_i2c.c:369
                I2C_ClearFlag(I2C_FLAG_AF);
20000226:	10000537          	lui	a0,0x10000
2000022a:	40050513          	addi	a0,a0,1024 # 10000400 <_data_lma+0xfffd8b4>
2000022e:	e0001097          	auipc	ra,0xe0001
20000232:	478080e7          	jalr	1144(ra) # 16a6 <I2C_ClearFlag>
c:\Users\seanw\mounriver-studio-projects\EC-reset\obj/../src/I2C/app_i2c.c:371
                i2c_master_buffer[i2c_master_buffer_index++] = I2C_ReceiveData();
20000236:	8161c483          	lbu	s1,-2026(gp) # 20000dae <i2c_master_buffer_index>
2000023a:	00148793          	addi	a5,s1,1
2000023e:	80f18b23          	sb	a5,-2026(gp) # 20000dae <i2c_master_buffer_index>
20000242:	e0001097          	auipc	ra,0xe0001
20000246:	288080e7          	jalr	648(ra) # 14ca <I2C_ReceiveData>
2000024a:	88418793          	addi	a5,gp,-1916 # 20000e1c <i2c_master_buffer>
2000024e:	97a6                	add	a5,a5,s1
20000250:	a388                	sb	a0,0(a5)
c:\Users\seanw\mounriver-studio-projects\EC-reset\obj/../src/I2C/app_i2c.c:373
                if (i2c_send_stop) {
20000252:	8181c783          	lbu	a5,-2024(gp) # 20000db0 <i2c_send_stop>
20000256:	ec0791e3          	bnez	a5,20000118 <I2C_IRQHandler+0x88>
c:\Users\seanw\mounriver-studio-projects\EC-reset\obj/../src/I2C/app_i2c.c:378
                    i2c_in_repstart = true;
2000025a:	4785                	li	a5,1
c:\Users\seanw\mounriver-studio-projects\EC-reset\obj/../src/I2C/app_i2c.c:380
                    I2C_ITConfig(I2C_IT_BUF, DISABLE);
2000025c:	4581                	li	a1,0
2000025e:	40000513          	li	a0,1024
c:\Users\seanw\mounriver-studio-projects\EC-reset\obj/../src/I2C/app_i2c.c:378
                    i2c_in_repstart = true;
20000262:	80f18ba3          	sb	a5,-2025(gp) # 20000daf <i2c_in_repstart>
c:\Users\seanw\mounriver-studio-projects\EC-reset\obj/../src/I2C/app_i2c.c:380
                    I2C_ITConfig(I2C_IT_BUF, DISABLE);
20000266:	e0001097          	auipc	ra,0xe0001
2000026a:	232080e7          	jalr	562(ra) # 1498 <I2C_ITConfig>
c:\Users\seanw\mounriver-studio-projects\EC-reset\obj/../src/I2C/app_i2c.c:381
                    I2C_ITConfig(I2C_IT_EVT, DISABLE);
2000026e:	4581                	li	a1,0
20000270:	20000513          	li	a0,512
20000274:	e0001097          	auipc	ra,0xe0001
20000278:	224080e7          	jalr	548(ra) # 1498 <I2C_ITConfig>
c:\Users\seanw\mounriver-studio-projects\EC-reset\obj/../src/I2C/app_i2c.c:382
                    I2C_ITConfig(I2C_IT_ERR, DISABLE);
2000027c:	4581                	li	a1,0
2000027e:	10000513          	li	a0,256
20000282:	e0001097          	auipc	ra,0xe0001
20000286:	216080e7          	jalr	534(ra) # 1498 <I2C_ITConfig>
c:\Users\seanw\mounriver-studio-projects\EC-reset\obj/../src/I2C/app_i2c.c:383
                    I2C_GenerateSTART(ENABLE);
2000028a:	4505                	li	a0,1
2000028c:	e0001097          	auipc	ra,0xe0001
20000290:	1a6080e7          	jalr	422(ra) # 1432 <I2C_GenerateSTART>
c:\Users\seanw\mounriver-studio-projects\EC-reset\obj/../src/I2C/app_i2c.c:384
                    i2c_state = I2C_READY;
20000294:	80018d23          	sb	zero,-2022(gp) # 20000db2 <i2c_state>
20000298:	b579                	j	20000126 <I2C_IRQHandler+0x96>
c:\Users\seanw\mounriver-studio-projects\EC-reset\obj/../src/I2C/app_i2c.c:320
                    I2C_AcknowledgeConfig(DISABLE);
2000029a:	4501                	li	a0,0
2000029c:	e0001097          	auipc	ra,0xe0001
200002a0:	1da080e7          	jalr	474(ra) # 1476 <I2C_AcknowledgeConfig>
c:\Users\seanw\mounriver-studio-projects\EC-reset\obj/../src/I2C/app_i2c.c:321
                    is_nack_sent = true;
200002a4:	4785                	li	a5,1
200002a6:	80f188a3          	sb	a5,-2031(gp) # 20000da9 <is_nack_sent>
200002aa:	b781                	j	200001ea <I2C_IRQHandler+0x15a>
c:\Users\seanw\mounriver-studio-projects\EC-reset\obj/../src/I2C/app_i2c.c:337
                    I2C_AcknowledgeConfig(DISABLE);
200002ac:	4501                	li	a0,0
200002ae:	e0001097          	auipc	ra,0xe0001
200002b2:	1c8080e7          	jalr	456(ra) # 1476 <I2C_AcknowledgeConfig>
c:\Users\seanw\mounriver-studio-projects\EC-reset\obj/../src/I2C/app_i2c.c:340
                    if (is_nack_sent) {
200002b6:	81118793          	addi	a5,gp,-2031 # 20000da9 <is_nack_sent>
200002ba:	2398                	lbu	a4,0(a5)
200002bc:	cf21                	beqz	a4,20000314 <I2C_IRQHandler+0x284>
c:\Users\seanw\mounriver-studio-projects\EC-reset\obj/../src/I2C/app_i2c.c:341
                        is_nack_sent = false;
200002be:	800188a3          	sb	zero,-2031(gp) # 20000da9 <is_nack_sent>
c:\Users\seanw\mounriver-studio-projects\EC-reset\obj/../src/I2C/app_i2c.c:342
                        if (i2c_send_stop) {
200002c2:	8181c783          	lbu	a5,-2024(gp) # 20000db0 <i2c_send_stop>
200002c6:	cb89                	beqz	a5,200002d8 <I2C_IRQHandler+0x248>
c:\Users\seanw\mounriver-studio-projects\EC-reset\obj/../src/I2C/app_i2c.c:343
                            I2C_GenerateSTOP(ENABLE);
200002c8:	4505                	li	a0,1
200002ca:	e0001097          	auipc	ra,0xe0001
200002ce:	18a080e7          	jalr	394(ra) # 1454 <I2C_GenerateSTOP>
c:\Users\seanw\mounriver-studio-projects\EC-reset\obj/../src/I2C/app_i2c.c:353
                            i2c_state = I2C_READY;
200002d2:	80018d23          	sb	zero,-2022(gp) # 20000db2 <i2c_state>
200002d6:	b7b1                	j	20000222 <I2C_IRQHandler+0x192>
c:\Users\seanw\mounriver-studio-projects\EC-reset\obj/../src/I2C/app_i2c.c:347
                            i2c_in_repstart = true;
200002d8:	4785                	li	a5,1
c:\Users\seanw\mounriver-studio-projects\EC-reset\obj/../src/I2C/app_i2c.c:349
                            I2C_ITConfig(I2C_IT_BUF, DISABLE);
200002da:	4581                	li	a1,0
200002dc:	40000513          	li	a0,1024
c:\Users\seanw\mounriver-studio-projects\EC-reset\obj/../src/I2C/app_i2c.c:347
                            i2c_in_repstart = true;
200002e0:	80f18ba3          	sb	a5,-2025(gp) # 20000daf <i2c_in_repstart>
c:\Users\seanw\mounriver-studio-projects\EC-reset\obj/../src/I2C/app_i2c.c:349
                            I2C_ITConfig(I2C_IT_BUF, DISABLE);
200002e4:	e0001097          	auipc	ra,0xe0001
200002e8:	1b4080e7          	jalr	436(ra) # 1498 <I2C_ITConfig>
c:\Users\seanw\mounriver-studio-projects\EC-reset\obj/../src/I2C/app_i2c.c:350
                            I2C_ITConfig(I2C_IT_EVT, DISABLE);
200002ec:	4581                	li	a1,0
200002ee:	20000513          	li	a0,512
200002f2:	e0001097          	auipc	ra,0xe0001
200002f6:	1a6080e7          	jalr	422(ra) # 1498 <I2C_ITConfig>
c:\Users\seanw\mounriver-studio-projects\EC-reset\obj/../src/I2C/app_i2c.c:351
                            I2C_ITConfig(I2C_IT_ERR, DISABLE);
200002fa:	4581                	li	a1,0
200002fc:	10000513          	li	a0,256
20000300:	e0001097          	auipc	ra,0xe0001
20000304:	198080e7          	jalr	408(ra) # 1498 <I2C_ITConfig>
c:\Users\seanw\mounriver-studio-projects\EC-reset\obj/../src/I2C/app_i2c.c:352
                            I2C_GenerateSTART(ENABLE);
20000308:	4505                	li	a0,1
2000030a:	e0001097          	auipc	ra,0xe0001
2000030e:	128080e7          	jalr	296(ra) # 1432 <I2C_GenerateSTART>
20000312:	b7c1                	j	200002d2 <I2C_IRQHandler+0x242>
c:\Users\seanw\mounriver-studio-projects\EC-reset\obj/../src/I2C/app_i2c.c:358
                        is_nack_sent = true;
20000314:	4705                	li	a4,1
20000316:	a398                	sb	a4,0(a5)
20000318:	b729                	j	20000222 <I2C_IRQHandler+0x192>
c:\Users\seanw\mounriver-studio-projects\EC-reset\obj/../src/I2C/app_i2c.c:393
        if (event & RB_I2C_ADDR) {
2000031a:	00257793          	andi	a5,a0,2
2000031e:	cb8d                	beqz	a5,20000350 <I2C_IRQHandler+0x2c0>
c:\Users\seanw\mounriver-studio-projects\EC-reset\obj/../src/I2C/app_i2c.c:395
            if (event & ((RB_I2C_TRA << 16) | RB_I2C_TxE)) {
20000320:	000407b7          	lui	a5,0x40
20000324:	08078793          	addi	a5,a5,128 # 40080 <_data_lma+0x3d534>
20000328:	8fe9                	and	a5,a5,a0
2000032a:	81a18713          	addi	a4,gp,-2022 # 20000db2 <i2c_state>
2000032e:	c3d5                	beqz	a5,200003d2 <I2C_IRQHandler+0x342>
c:\Users\seanw\mounriver-studio-projects\EC-reset\obj/../src/I2C/app_i2c.c:398
                i2c_state = I2C_STX;
20000330:	4791                	li	a5,4
20000332:	a31c                	sb	a5,0(a4)
c:\Users\seanw\mounriver-studio-projects\EC-reset\obj/../src/I2C/app_i2c.c:399
                i2c_slave_txbuffer_index = 0;
20000334:	80018a23          	sb	zero,-2028(gp) # 20000dac <i2c_slave_txbuffer_index>
c:\Users\seanw\mounriver-studio-projects\EC-reset\obj/../src/I2C/app_i2c.c:400
                i2c_slave_txbuffer_length = 0;
20000338:	800189a3          	sb	zero,-2029(gp) # 20000dab <i2c_slave_txbuffer_length>
c:\Users\seanw\mounriver-studio-projects\EC-reset\obj/../src/I2C/app_i2c.c:402
                if (slave_cb && slave_cb->on_transmit) {
2000033c:	80c1a783          	lw	a5,-2036(gp) # 20000da4 <slave_cb>
20000340:	cb81                	beqz	a5,20000350 <I2C_IRQHandler+0x2c0>
c:\Users\seanw\mounriver-studio-projects\EC-reset\obj/../src/I2C/app_i2c.c:402 (discriminator 1)
20000342:	439c                	lw	a5,0(a5)
20000344:	c791                	beqz	a5,20000350 <I2C_IRQHandler+0x2c0>
c:\Users\seanw\mounriver-studio-projects\EC-reset\obj/../src/I2C/app_i2c.c:403
                    slave_cb->on_transmit(i2c_slave_txbuffer, &i2c_slave_txbuffer_length);
20000346:	81318593          	addi	a1,gp,-2029 # 20000dab <i2c_slave_txbuffer_length>
2000034a:	86418513          	addi	a0,gp,-1948 # 20000dfc <i2c_slave_txbuffer>
2000034e:	9782                	jalr	a5
c:\Users\seanw\mounriver-studio-projects\EC-reset\obj/../src/I2C/app_i2c.c:413
        if (event & (RB_I2C_TRA << 16)) { //TODO: STOP?
20000350:	000407b7          	lui	a5,0x40
20000354:	8fe1                	and	a5,a5,s0
20000356:	c3e1                	beqz	a5,20000416 <I2C_IRQHandler+0x386>
c:\Users\seanw\mounriver-studio-projects\EC-reset\obj/../src/I2C/app_i2c.c:415
            I2C_AcknowledgeConfig(ENABLE);
20000358:	4505                	li	a0,1
2000035a:	e0001097          	auipc	ra,0xe0001
2000035e:	11c080e7          	jalr	284(ra) # 1476 <I2C_AcknowledgeConfig>
c:\Users\seanw\mounriver-studio-projects\EC-reset\obj/../src/I2C/app_i2c.c:418
            if (event & RB_I2C_AF) {
20000362:	ccad                	beqz	s1,200003dc <I2C_IRQHandler+0x34c>
c:\Users\seanw\mounriver-studio-projects\EC-reset\obj/../src/I2C/app_i2c.c:420
                I2C_ClearFlag(I2C_FLAG_AF);
20000364:	10000537          	lui	a0,0x10000
20000368:	40050513          	addi	a0,a0,1024 # 10000400 <_data_lma+0xfffd8b4>
2000036c:	e0001097          	auipc	ra,0xe0001
20000370:	33a080e7          	jalr	826(ra) # 16a6 <I2C_ClearFlag>
c:\Users\seanw\mounriver-studio-projects\EC-reset\obj/../src/I2C/app_i2c.c:421
                I2C_AcknowledgeConfig(ENABLE);
20000374:	4505                	li	a0,1
20000376:	e0001097          	auipc	ra,0xe0001
2000037a:	100080e7          	jalr	256(ra) # 1476 <I2C_AcknowledgeConfig>
c:\Users\seanw\mounriver-studio-projects\EC-reset\obj/../src/I2C/app_i2c.c:427
                event = 0;
2000037e:	4401                	li	s0,0
c:\Users\seanw\mounriver-studio-projects\EC-reset\obj/../src/I2C/app_i2c.c:425
                i2c_state = I2C_READY;
20000380:	80018d23          	sb	zero,-2022(gp) # 20000db2 <i2c_state>
c:\Users\seanw\mounriver-studio-projects\EC-reset\obj/../src/I2C/app_i2c.c:505
        I2C_DBG("RB_I2C_OVR\n");
    }

    if (event & RB_I2C_PECERR) {
20000384:	6785                	lui	a5,0x1
20000386:	8fe1                	and	a5,a5,s0
20000388:	cb89                	beqz	a5,2000039a <I2C_IRQHandler+0x30a>
c:\Users\seanw\mounriver-studio-projects\EC-reset\obj/../src/I2C/app_i2c.c:506
        I2C_ClearFlag(RB_I2C_PECERR);
2000038a:	6505                	lui	a0,0x1
2000038c:	e0001097          	auipc	ra,0xe0001
20000390:	31a080e7          	jalr	794(ra) # 16a6 <I2C_ClearFlag>
c:\Users\seanw\mounriver-studio-projects\EC-reset\obj/../src/I2C/app_i2c.c:508
        
        i2c_error = I2C_PECERR;
20000394:	479d                	li	a5,7
20000396:	80f18823          	sb	a5,-2032(gp) # 20000da8 <i2c_error>
c:\Users\seanw\mounriver-studio-projects\EC-reset\obj/../src/I2C/app_i2c.c:512
        I2C_DBG("RB_I2C_PECERR\n");
    }

    if (event & RB_I2C_TIMEOUT) {
2000039a:	6791                	lui	a5,0x4
2000039c:	8fe1                	and	a5,a5,s0
2000039e:	cb89                	beqz	a5,200003b0 <I2C_IRQHandler+0x320>
c:\Users\seanw\mounriver-studio-projects\EC-reset\obj/../src/I2C/app_i2c.c:513
        I2C_ClearFlag(RB_I2C_TIMEOUT);
200003a0:	6511                	lui	a0,0x4
200003a2:	e0001097          	auipc	ra,0xe0001
200003a6:	304080e7          	jalr	772(ra) # 16a6 <I2C_ClearFlag>
c:\Users\seanw\mounriver-studio-projects\EC-reset\obj/../src/I2C/app_i2c.c:515
        
        i2c_error = I2C_TIMEOUT;
200003aa:	47a1                	li	a5,8
200003ac:	80f18823          	sb	a5,-2032(gp) # 20000da8 <i2c_error>
c:\Users\seanw\mounriver-studio-projects\EC-reset\obj/../src/I2C/app_i2c.c:519
        I2C_DBG("RB_I2C_TIMEOUT\n");
    }

    if (event & RB_I2C_SMBALERT) {
200003b0:	67a1                	lui	a5,0x8
200003b2:	8c7d                	and	s0,s0,a5
200003b4:	c809                	beqz	s0,200003c6 <I2C_IRQHandler+0x336>
c:\Users\seanw\mounriver-studio-projects\EC-reset\obj/../src/I2C/app_i2c.c:520
        I2C_ClearFlag(RB_I2C_SMBALERT);
200003b6:	6521                	lui	a0,0x8
200003b8:	e0001097          	auipc	ra,0xe0001
200003bc:	2ee080e7          	jalr	750(ra) # 16a6 <I2C_ClearFlag>
c:\Users\seanw\mounriver-studio-projects\EC-reset\obj/../src/I2C/app_i2c.c:522
        
        i2c_error = I2C_SMBALERT;
200003c0:	47a5                	li	a5,9
200003c2:	80f18823          	sb	a5,-2032(gp) # 20000da8 <i2c_error>
c:\Users\seanw\mounriver-studio-projects\EC-reset\obj/../src/I2C/app_i2c.c:527
        I2C_DBG("RB_I2C_SMBALERT\n");
    }

    I2C_DBG("\n");
}
200003c6:	4432                	lw	s0,12(sp)
200003c8:	44a2                	lw	s1,8(sp)
200003ca:	4912                	lw	s2,4(sp)
200003cc:	0141                	addi	sp,sp,16
200003ce:	30200073          	mret
c:\Users\seanw\mounriver-studio-projects\EC-reset\obj/../src/I2C/app_i2c.c:408
                i2c_state = I2C_SRX;
200003d2:	478d                	li	a5,3
200003d4:	a31c                	sb	a5,0(a4)
c:\Users\seanw\mounriver-studio-projects\EC-reset\obj/../src/I2C/app_i2c.c:409
                i2c_slave_rxbuffer_index = 0;
200003d6:	80018923          	sb	zero,-2030(gp) # 20000daa <i2c_slave_rxbuffer_index>
200003da:	bf9d                	j	20000350 <I2C_IRQHandler+0x2c0>
c:\Users\seanw\mounriver-studio-projects\EC-reset\obj/../src/I2C/app_i2c.c:430
            if (event & (RB_I2C_BTF | RB_I2C_TxE)) {
200003dc:	08447793          	andi	a5,s0,132
200003e0:	d40783e3          	beqz	a5,20000126 <I2C_IRQHandler+0x96>
c:\Users\seanw\mounriver-studio-projects\EC-reset\obj/../src/I2C/app_i2c.c:432
                if (i2c_slave_txbuffer_index < i2c_slave_txbuffer_length) {
200003e4:	8141c783          	lbu	a5,-2028(gp) # 20000dac <i2c_slave_txbuffer_index>
200003e8:	8131c703          	lbu	a4,-2029(gp) # 20000dab <i2c_slave_txbuffer_length>
200003ec:	81418693          	addi	a3,gp,-2028 # 20000dac <i2c_slave_txbuffer_index>
c:\Users\seanw\mounriver-studio-projects\EC-reset\obj/../src/I2C/app_i2c.c:438
                    I2C_SendData(0xff);
200003f0:	0ff00513          	li	a0,255
c:\Users\seanw\mounriver-studio-projects\EC-reset\obj/../src/I2C/app_i2c.c:432
                if (i2c_slave_txbuffer_index < i2c_slave_txbuffer_length) {
200003f4:	00e7fc63          	bgeu	a5,a4,2000040c <I2C_IRQHandler+0x37c>
c:\Users\seanw\mounriver-studio-projects\EC-reset\obj/../src/I2C/app_i2c.c:434
                    I2C_SendData(i2c_slave_txbuffer[i2c_slave_txbuffer_index++]);
200003f8:	2298                	lbu	a4,0(a3)
200003fa:	00170793          	addi	a5,a4,1
200003fe:	0ff7f793          	zext.b	a5,a5
20000402:	a29c                	sb	a5,0(a3)
20000404:	86418793          	addi	a5,gp,-1948 # 20000dfc <i2c_slave_txbuffer>
20000408:	97ba                	add	a5,a5,a4
2000040a:	2388                	lbu	a0,0(a5)
c:\Users\seanw\mounriver-studio-projects\EC-reset\obj/../src/I2C/app_i2c.c:438
                    I2C_SendData(0xff);
2000040c:	e0001097          	auipc	ra,0xe0001
20000410:	0b4080e7          	jalr	180(ra) # 14c0 <I2C_SendData>
20000414:	bb09                	j	20000126 <I2C_IRQHandler+0x96>
c:\Users\seanw\mounriver-studio-projects\EC-reset\obj/../src/I2C/app_i2c.c:446
            if (event & RB_I2C_RxNE) {
20000416:	04047793          	andi	a5,s0,64
2000041a:	cf8d                	beqz	a5,20000454 <I2C_IRQHandler+0x3c4>
c:\Users\seanw\mounriver-studio-projects\EC-reset\obj/../src/I2C/app_i2c.c:448
                if (i2c_slave_rxbuffer_index < I2C_BUFFER_LENGTH) {
2000041c:	8121c683          	lbu	a3,-2030(gp) # 20000daa <i2c_slave_rxbuffer_index>
20000420:	47fd                	li	a5,31
20000422:	81218713          	addi	a4,gp,-2030 # 20000daa <i2c_slave_rxbuffer_index>
c:\Users\seanw\mounriver-studio-projects\EC-reset\obj/../src/I2C/app_i2c.c:456
                    I2C_AcknowledgeConfig(DISABLE);
20000426:	4501                	li	a0,0
c:\Users\seanw\mounriver-studio-projects\EC-reset\obj/../src/I2C/app_i2c.c:448
                if (i2c_slave_rxbuffer_index < I2C_BUFFER_LENGTH) {
20000428:	02d7e263          	bltu	a5,a3,2000044c <I2C_IRQHandler+0x3bc>
c:\Users\seanw\mounriver-studio-projects\EC-reset\obj/../src/I2C/app_i2c.c:450
                    i2c_slave_rxbuffer[i2c_slave_rxbuffer_index++] = I2C_ReceiveData();
2000042c:	231c                	lbu	a5,0(a4)
2000042e:	0ff7f913          	zext.b	s2,a5
20000432:	0785                	addi	a5,a5,1 # 8001 <_data_lma+0x54b5>
20000434:	0ff7f793          	zext.b	a5,a5
20000438:	a31c                	sb	a5,0(a4)
2000043a:	e0001097          	auipc	ra,0xe0001
2000043e:	090080e7          	jalr	144(ra) # 14ca <I2C_ReceiveData>
20000442:	84418793          	addi	a5,gp,-1980 # 20000ddc <i2c_slave_rxbuffer>
20000446:	97ca                	add	a5,a5,s2
20000448:	a388                	sb	a0,0(a5)
c:\Users\seanw\mounriver-studio-projects\EC-reset\obj/../src/I2C/app_i2c.c:451
                    I2C_AcknowledgeConfig(ENABLE);
2000044a:	4505                	li	a0,1
c:\Users\seanw\mounriver-studio-projects\EC-reset\obj/../src/I2C/app_i2c.c:456
                    I2C_AcknowledgeConfig(DISABLE);
2000044c:	e0001097          	auipc	ra,0xe0001
20000450:	02a080e7          	jalr	42(ra) # 1476 <I2C_AcknowledgeConfig>
c:\Users\seanw\mounriver-studio-projects\EC-reset\obj/../src/I2C/app_i2c.c:460
            if (event & RB_I2C_STOPF) {
20000454:	01047793          	andi	a5,s0,16
20000458:	c78d                	beqz	a5,20000482 <I2C_IRQHandler+0x3f2>
c:\Users\seanw\mounriver-studio-projects\EC-reset\obj/../src/I2C/app_i2c.c:462
                R16_I2C_CTRL1 |= RB_I2C_PE; //clear flag
2000045a:	40005737          	lui	a4,0x40005
2000045e:	80075783          	lhu	a5,-2048(a4) # 40004800 <_eusrstack+0x20001800>
20000462:	0017e793          	ori	a5,a5,1
20000466:	80f71023          	sh	a5,-2048(a4)
c:\Users\seanw\mounriver-studio-projects\EC-reset\obj/../src/I2C/app_i2c.c:467
                if (slave_cb && slave_cb->on_receive) {
2000046a:	80c1a783          	lw	a5,-2036(gp) # 20000da4 <slave_cb>
2000046e:	cb81                	beqz	a5,2000047e <I2C_IRQHandler+0x3ee>
c:\Users\seanw\mounriver-studio-projects\EC-reset\obj/../src/I2C/app_i2c.c:467 (discriminator 1)
20000470:	43dc                	lw	a5,4(a5)
20000472:	c791                	beqz	a5,2000047e <I2C_IRQHandler+0x3ee>
c:\Users\seanw\mounriver-studio-projects\EC-reset\obj/../src/I2C/app_i2c.c:468
                    slave_cb->on_receive(i2c_slave_rxbuffer, i2c_slave_rxbuffer_index);
20000474:	8121c583          	lbu	a1,-2030(gp) # 20000daa <i2c_slave_rxbuffer_index>
20000478:	84418513          	addi	a0,gp,-1980 # 20000ddc <i2c_slave_rxbuffer>
2000047c:	9782                	jalr	a5
c:\Users\seanw\mounriver-studio-projects\EC-reset\obj/../src/I2C/app_i2c.c:471
                i2c_slave_rxbuffer_index = 0;
2000047e:	80018923          	sb	zero,-2030(gp) # 20000daa <i2c_slave_rxbuffer_index>
c:\Users\seanw\mounriver-studio-projects\EC-reset\obj/../src/I2C/app_i2c.c:474
            if (event & RB_I2C_AF) {  
20000482:	ca0482e3          	beqz	s1,20000126 <I2C_IRQHandler+0x96>
c:\Users\seanw\mounriver-studio-projects\EC-reset\obj/../src/I2C/app_i2c.c:475
                I2C_ClearFlag(I2C_FLAG_AF);
20000486:	10000537          	lui	a0,0x10000
2000048a:	40050513          	addi	a0,a0,1024 # 10000400 <_data_lma+0xfffd8b4>
2000048e:	e0001097          	auipc	ra,0xe0001
20000492:	218080e7          	jalr	536(ra) # 16a6 <I2C_ClearFlag>
c:\Users\seanw\mounriver-studio-projects\EC-reset\obj/../src/I2C/app_i2c.c:478
                I2C_AcknowledgeConfig(ENABLE);
20000496:	4505                	li	a0,1
20000498:	e0001097          	auipc	ra,0xe0001
2000049c:	fde080e7          	jalr	-34(ra) # 1476 <I2C_AcknowledgeConfig>
200004a0:	b159                	j	20000126 <I2C_IRQHandler+0x96>

200004a2 <StartFSK>:
StartFSK():
c:\Users\seanw\mounriver-studio-projects\EC-reset\obj/../src/Main.c:239
 * @param len   Number of bytes.
 */
__HIGH_CODE
static void StartFSK(void)
{
    bit_index = 0;
200004a2:	82019323          	sh	zero,-2010(gp) # 20000dbe <bit_index>
c:\Users\seanw\mounriver-studio-projects\EC-reset\obj/../src/Main.c:240
    tx_done   = 0;
200004a6:	820182a3          	sb	zero,-2011(gp) # 20000dbd <tx_done>
PFIC_EnableIRQ():
c:/Users/seanw/mounriver-studio-projects/EC-reset/RVMSIS/core_riscv.h:173
 *
 * @param   IRQn    - Interrupt Numbers
 */
__attribute__((always_inline)) RV_STATIC_INLINE void PFIC_EnableIRQ(IRQn_Type IRQn)
{
    PFIC->IENR[((uint32_t)(IRQn) >> 5)] = (1 << ((uint32_t)(IRQn) & 0x1F));
200004aa:	e000e7b7          	lui	a5,0xe000e
200004ae:	01000737          	lui	a4,0x1000
200004b2:	10e7a023          	sw	a4,256(a5) # e000e100 <_eusrstack+0xc000b100>
StartFSK():
c:\Users\seanw\mounriver-studio-projects\EC-reset\obj/../src/Main.c:245

    PFIC_EnableIRQ(TMR_IRQn);

    /* Configure PWM2 for the first bit */
    R16_PWM_CYC_VALUE = pwm_periods[0];
200004b6:	9701d783          	lhu	a5,-1680(gp) # 20000f08 <pwm_periods>
200004ba:	40005737          	lui	a4,0x40005
200004be:	ab5e                	sh	a5,20(a4)
c:\Users\seanw\mounriver-studio-projects\EC-reset\obj/../src/Main.c:246
    R16_PWM2_DATA     = pwm_periods[0] >> 1;
200004c0:	8385                	srli	a5,a5,0x1
200004c2:	a37e                	sh	a5,6(a4)
c:\Users\seanw\mounriver-studio-projects\EC-reset\obj/../src/Main.c:249

    /* Programme timer endpoint for the first bit */
    R32_TMR_CNT_END = bit_counts[0];
200004c4:	400027b7          	lui	a5,0x40002
200004c8:	00001617          	auipc	a2,0x1
200004cc:	98065603          	lhu	a2,-1664(a2) # 20000e48 <bit_counts>
200004d0:	40c78693          	addi	a3,a5,1036 # 4000240c <_eusrstack+0x1ffff40c>
200004d4:	c290                	sw	a2,0(a3)
c:\Users\seanw\mounriver-studio-projects\EC-reset\obj/../src/Main.c:252

    /* Clear and start the edge counter */
    R8_TMR_CTRL_MOD |=  RB_TMR_ALL_CLEAR;
200004d6:	4007c683          	lbu	a3,1024(a5)
200004da:	0026e693          	ori	a3,a3,2
200004de:	40d78023          	sb	a3,1024(a5)
c:\Users\seanw\mounriver-studio-projects\EC-reset\obj/../src/Main.c:253
    R8_TMR_CTRL_MOD &= ~RB_TMR_ALL_CLEAR;
200004e2:	4007c683          	lbu	a3,1024(a5)
200004e6:	0fd6f693          	andi	a3,a3,253
200004ea:	40d78023          	sb	a3,1024(a5)
c:\Users\seanw\mounriver-studio-projects\EC-reset\obj/../src/Main.c:254
    R8_TMR_CTRL_MOD |=  RB_TMR_COUNT_EN;
200004ee:	4007c683          	lbu	a3,1024(a5)
200004f2:	0046e693          	ori	a3,a3,4
200004f6:	40d78023          	sb	a3,1024(a5)
c:\Users\seanw\mounriver-studio-projects\EC-reset\obj/../src/Main.c:257

    /* Enable PWM2 output, active-high polarity */
    R8_PWM_POLAR  |= RB_PWM2_POLAR;
200004fa:	331c                	lbu	a5,1(a4)
200004fc:	0027e793          	ori	a5,a5,2
20000500:	b31c                	sb	a5,1(a4)
c:\Users\seanw\mounriver-studio-projects\EC-reset\obj/../src/Main.c:258
    R8_PWM_OUT_EN |= RB_PWM2_OUT_EN;
20000502:	231c                	lbu	a5,0(a4)
20000504:	0027e793          	ori	a5,a5,2
20000508:	a31c                	sb	a5,0(a4)
c:\Users\seanw\mounriver-studio-projects\EC-reset\obj/../src/Main.c:263

    do
    {
        __nop();        
    }while(!tx_done);
2000050a:	82518713          	addi	a4,gp,-2011 # 20000dbd <tx_done>
c:\Users\seanw\mounriver-studio-projects\EC-reset\obj/../src/Main.c:262 (discriminator 1)
        __nop();        
2000050e:	0001                	nop
c:\Users\seanw\mounriver-studio-projects\EC-reset\obj/../src/Main.c:263 (discriminator 1)
    }while(!tx_done);
20000510:	231c                	lbu	a5,0(a4)
20000512:	dff5                	beqz	a5,2000050e <StartFSK+0x6c>
c:\Users\seanw\mounriver-studio-projects\EC-reset\obj/../src/Main.c:264
}
20000514:	8082                	ret

20000516 <TMR_IRQHandler>:
TMR_IRQHandler():
c:\Users\seanw\mounriver-studio-projects\EC-reset\obj/../src/Main.c:367
 */
__INTERRUPT
__HIGH_CODE
void TMR_IRQHandler(void)
{
    if (R8_TMR_INT_FLAG & RB_TMR_IF_CYC_END) {
20000516:	400027b7          	lui	a5,0x40002
2000051a:	4067c703          	lbu	a4,1030(a5) # 40002406 <_eusrstack+0x1ffff406>
2000051e:	8b05                	andi	a4,a4,1
20000520:	c739                	beqz	a4,2000056e <TMR_IRQHandler+0x58>
c:\Users\seanw\mounriver-studio-projects\EC-reset\obj/../src/Main.c:368
        R8_TMR_INT_FLAG = RB_TMR_IF_CYC_END;       /* clear flag */
20000522:	4685                	li	a3,1
20000524:	40d78323          	sb	a3,1030(a5)
c:\Users\seanw\mounriver-studio-projects\EC-reset\obj/../src/Main.c:370

        bit_index++;
20000528:	8261d703          	lhu	a4,-2010(gp) # 20000dbe <bit_index>
2000052c:	0705                	addi	a4,a4,1 # 40005001 <_eusrstack+0x20002001>
2000052e:	82e19323          	sh	a4,-2010(gp) # 20000dbe <bit_index>
c:\Users\seanw\mounriver-studio-projects\EC-reset\obj/../src/Main.c:371
        if (bit_index >= TOTAL_BITS) {
20000532:	8261d583          	lhu	a1,-2010(gp) # 20000dbe <bit_index>
20000536:	05f00613          	li	a2,95
2000053a:	82618713          	addi	a4,gp,-2010 # 20000dbe <bit_index>
2000053e:	02b67a63          	bgeu	a2,a1,20000572 <TMR_IRQHandler+0x5c>
c:\Users\seanw\mounriver-studio-projects\EC-reset\obj/../src/Main.c:373
            /* Packet complete -- shut down */
            R8_TMR_CTRL_MOD &= ~RB_TMR_COUNT_EN;
20000542:	4007c703          	lbu	a4,1024(a5)
20000546:	0fb77713          	andi	a4,a4,251
2000054a:	40e78023          	sb	a4,1024(a5)
c:\Users\seanw\mounriver-studio-projects\EC-reset\obj/../src/Main.c:374
            R8_PWM_OUT_EN   &= ~RB_PWM2_OUT_EN;
2000054e:	40005737          	lui	a4,0x40005
20000552:	231c                	lbu	a5,0(a4)
20000554:	0fd7f793          	andi	a5,a5,253
20000558:	a31c                	sb	a5,0(a4)
PFIC_DisableIRQ():
c:/Users/seanw/mounriver-studio-projects/EC-reset/RVMSIS/core_riscv.h:185
 *
 * @param   IRQn    - Interrupt Numbers
 */
__attribute__((always_inline)) RV_STATIC_INLINE void PFIC_DisableIRQ(IRQn_Type IRQn)
{
    PFIC->IRER[((uint32_t)(IRQn) >> 5)] = (1 << ((uint32_t)(IRQn) & 0x1F));
2000055a:	e000e7b7          	lui	a5,0xe000e
2000055e:	01000737          	lui	a4,0x1000
20000562:	18e7a023          	sw	a4,384(a5) # e000e180 <_eusrstack+0xc000b180>
c:/Users/seanw/mounriver-studio-projects/EC-reset/RVMSIS/core_riscv.h:186
    asm volatile("fence.i");
20000566:	0000100f          	fence.i
TMR_IRQHandler():
c:\Users\seanw\mounriver-studio-projects\EC-reset\obj/../src/Main.c:376
            PFIC_DisableIRQ(TMR_IRQn);
            tx_done = 1;
2000056a:	82d182a3          	sb	a3,-2011(gp) # 20000dbd <tx_done>
c:\Users\seanw\mounriver-studio-projects\EC-reset\obj/../src/Main.c:387

        /* Load next bit's PWM period (50 % duty) */
        R16_PWM_CYC_VALUE = pwm_periods[bit_index];
        R16_PWM2_DATA     = pwm_periods[bit_index] >> 1;
    }
}
2000056e:	30200073          	mret
c:\Users\seanw\mounriver-studio-projects\EC-reset\obj/../src/Main.c:381
        R32_TMR_CNT_END = bit_counts[bit_index];
20000572:	2316                	lhu	a3,0(a4)
20000574:	00001617          	auipc	a2,0x1
20000578:	8d460613          	addi	a2,a2,-1836 # 20000e48 <bit_counts>
2000057c:	40c78793          	addi	a5,a5,1036
20000580:	20c6a6b3          	sh1add	a3,a3,a2
20000584:	2296                	lhu	a3,0(a3)
c:\Users\seanw\mounriver-studio-projects\EC-reset\obj/../src/Main.c:384
        R16_PWM_CYC_VALUE = pwm_periods[bit_index];
20000586:	97018613          	addi	a2,gp,-1680 # 20000f08 <pwm_periods>
c:\Users\seanw\mounriver-studio-projects\EC-reset\obj/../src/Main.c:381
        R32_TMR_CNT_END = bit_counts[bit_index];
2000058a:	c394                	sw	a3,0(a5)
c:\Users\seanw\mounriver-studio-projects\EC-reset\obj/../src/Main.c:384
        R16_PWM_CYC_VALUE = pwm_periods[bit_index];
2000058c:	231e                	lhu	a5,0(a4)
2000058e:	400056b7          	lui	a3,0x40005
20000592:	20c7a7b3          	sh1add	a5,a5,a2
20000596:	239e                	lhu	a5,0(a5)
20000598:	aade                	sh	a5,20(a3)
c:\Users\seanw\mounriver-studio-projects\EC-reset\obj/../src/Main.c:385
        R16_PWM2_DATA     = pwm_periods[bit_index] >> 1;
2000059a:	231e                	lhu	a5,0(a4)
2000059c:	20c7a7b3          	sh1add	a5,a5,a2
200005a0:	239e                	lhu	a5,0(a5)
200005a2:	8385                	srli	a5,a5,0x1
200005a4:	a2fe                	sh	a5,6(a3)
200005a6:	b7e1                	j	2000056e <TMR_IRQHandler+0x58>

200005a8 <RTC_IRQHandler>:
RTC_IRQHandler():
c:\Users\seanw\mounriver-studio-projects\EC-reset\obj/../src/Main.c:396
 */
__INTERRUPT
__HIGH_CODE
void RTC_IRQHandler(void)
{
    if (RTC_GetITFlag(RTC_TRIG_EVENT)) {
200005a8:	4501                	li	a0,0
200005aa:	e0001097          	auipc	ra,0xe0001
200005ae:	dcc080e7          	jalr	-564(ra) # 1376 <RTC_GetITFlag>
200005b2:	c511                	beqz	a0,200005be <RTC_IRQHandler+0x16>
c:\Users\seanw\mounriver-studio-projects\EC-reset\obj/../src/Main.c:397
        RTC_ClearITFlag(RTC_TRIG_EVENT);
200005b4:	4501                	li	a0,0
200005b6:	e0001097          	auipc	ra,0xe0001
200005ba:	dda080e7          	jalr	-550(ra) # 1390 <RTC_ClearITFlag>
c:\Users\seanw\mounriver-studio-projects\EC-reset\obj/../src/Main.c:399
    }
}
200005be:	30200073          	mret

200005c2 <GPIOA_IRQHandler>:
GPIOA_IRQHandler():
c:\Users\seanw\mounriver-studio-projects\EC-reset\obj/../src/Main.c:412
 */
__INTERRUPT
__HIGH_CODE
void GPIOA_IRQHandler(void)
{
    GPIOA_ClearITFlagBit(V_OK_PIN);
200005c2:	400017b7          	lui	a5,0x40001
200005c6:	02000713          	li	a4,32
200005ca:	08e79e23          	sh	a4,156(a5) # 4000109c <_eusrstack+0x1fffe09c>
c:\Users\seanw\mounriver-studio-projects\EC-reset\obj/../src/Main.c:413
}
200005ce:	30200073          	mret

200005d2 <LowPower_Shutdown>:
LowPower_Shutdown():
c:\Users\seanw\mounriver-studio-projects\EC-reset\obj/../StdPeriphDriver/CH57x_pwr.c:264
 *
 * @return  none
 */
__HIGH_CODE
void LowPower_Shutdown(uint16_t rm)
{
200005d2:	7179                	addi	sp,sp,-48
200005d4:	ce4e                	sw	s3,28(sp)
c:\Users\seanw\mounriver-studio-projects\EC-reset\obj/../StdPeriphDriver/CH57x_pwr.c:267
    uint8_t x32Mpw;

    FLASH_ROM_SW_RESET();
200005d6:	4681                	li	a3,0
c:\Users\seanw\mounriver-studio-projects\EC-reset\obj/../StdPeriphDriver/CH57x_pwr.c:264
{
200005d8:	89aa                	mv	s3,a0
c:\Users\seanw\mounriver-studio-projects\EC-reset\obj/../StdPeriphDriver/CH57x_pwr.c:267
    FLASH_ROM_SW_RESET();
200005da:	4601                	li	a2,0
200005dc:	4581                	li	a1,0
200005de:	4511                	li	a0,4
c:\Users\seanw\mounriver-studio-projects\EC-reset\obj/../StdPeriphDriver/CH57x_pwr.c:264
{
200005e0:	d422                	sw	s0,40(sp)
200005e2:	d226                	sw	s1,36(sp)
200005e4:	d606                	sw	ra,44(sp)
200005e6:	d04a                	sw	s2,32(sp)
200005e8:	cc52                	sw	s4,24(sp)
200005ea:	ca56                	sw	s5,20(sp)
c:\Users\seanw\mounriver-studio-projects\EC-reset\obj/../StdPeriphDriver/CH57x_pwr.c:268
    x32Mpw = R8_XT32M_TUNE;
200005ec:	40001437          	lui	s0,0x40001
c:\Users\seanw\mounriver-studio-projects\EC-reset\obj/../StdPeriphDriver/CH57x_pwr.c:267
    FLASH_ROM_SW_RESET();
200005f0:	e0001097          	auipc	ra,0xe0001
200005f4:	170080e7          	jalr	368(ra) # 1760 <FLASH_EEPROM_CMD>
c:\Users\seanw\mounriver-studio-projects\EC-reset\obj/../StdPeriphDriver/CH57x_pwr.c:268
    x32Mpw = R8_XT32M_TUNE;
200005f8:	04e44783          	lbu	a5,78(s0) # 4000104e <_eusrstack+0x1fffe04e>
__risc_v_disable_irq():
c:/Users/seanw/mounriver-studio-projects/EC-reset/RVMSIS/core_riscv.h:154
    __asm volatile("csrrc %0, 0x800, %1" : \
200005fc:	08800493          	li	s1,136
LowPower_Shutdown():
c:\Users\seanw\mounriver-studio-projects\EC-reset\obj/../StdPeriphDriver/CH57x_pwr.c:269
    x32Mpw = (x32Mpw & 0xfc) | 0x03; // 150%额定电流
20000600:	0037e793          	ori	a5,a5,3
__risc_v_disable_irq():
c:/Users/seanw/mounriver-studio-projects/EC-reset/RVMSIS/core_riscv.h:154
20000604:	8004b773          	csrrc	a4,0x800,s1
c:/Users/seanw/mounriver-studio-projects/EC-reset/RVMSIS/core_riscv.h:156
    return result & 0x88;
20000608:	08877713          	andi	a4,a4,136
LowPower_Shutdown():
c:\Users\seanw\mounriver-studio-projects\EC-reset\obj/../StdPeriphDriver/CH57x_pwr.c:271

    sys_safe_access_enable();
2000060c:	c03a                	sw	a4,0(sp)
2000060e:	0000100f          	fence.i
20000612:	05700a93          	li	s5,87
20000616:	05540023          	sb	s5,64(s0)
2000061a:	fa800a13          	li	s4,-88
2000061e:	05440023          	sb	s4,64(s0)
20000622:	0000100f          	fence.i
c:\Users\seanw\mounriver-studio-projects\EC-reset\obj/../StdPeriphDriver/CH57x_pwr.c:272
    R8_BAT_DET_CTRL = 0; // 关闭电压监控
20000626:	02040223          	sb	zero,36(s0)
c:\Users\seanw\mounriver-studio-projects\EC-reset\obj/../StdPeriphDriver/CH57x_pwr.c:273
    sys_safe_access_disable();
2000062a:	04040023          	sb	zero,64(s0)
2000062e:	4702                	lw	a4,0(sp)
__risc_v_enable_irq():
c:/Users/seanw/mounriver-studio-projects/EC-reset/RVMSIS/core_riscv.h:138
    __asm volatile("csrrs %0, 0x800, %1" : \
20000630:	80072773          	csrrs	a4,0x800,a4
LowPower_Shutdown():
c:\Users\seanw\mounriver-studio-projects\EC-reset\obj/../StdPeriphDriver/CH57x_pwr.c:273
20000634:	0000100f          	fence.i
__risc_v_disable_irq():
c:/Users/seanw/mounriver-studio-projects/EC-reset/RVMSIS/core_riscv.h:154
    __asm volatile("csrrc %0, 0x800, %1" : \
20000638:	8004b773          	csrrc	a4,0x800,s1
c:/Users/seanw/mounriver-studio-projects/EC-reset/RVMSIS/core_riscv.h:156
    return result & 0x88;
2000063c:	08877713          	andi	a4,a4,136
LowPower_Shutdown():
c:\Users\seanw\mounriver-studio-projects\EC-reset\obj/../StdPeriphDriver/CH57x_pwr.c:274
    sys_safe_access_enable();
20000640:	c23a                	sw	a4,4(sp)
20000642:	0000100f          	fence.i
20000646:	05540023          	sb	s5,64(s0)
2000064a:	05440023          	sb	s4,64(s0)
2000064e:	0000100f          	fence.i
c:\Users\seanw\mounriver-studio-projects\EC-reset\obj/../StdPeriphDriver/CH57x_pwr.c:275
    R8_XT32M_TUNE = x32Mpw;
20000652:	04f40723          	sb	a5,78(s0)
c:\Users\seanw\mounriver-studio-projects\EC-reset\obj/../StdPeriphDriver/CH57x_pwr.c:276
    sys_safe_access_disable();
20000656:	04040023          	sb	zero,64(s0)
2000065a:	4792                	lw	a5,4(sp)
__risc_v_enable_irq():
c:/Users/seanw/mounriver-studio-projects/EC-reset/RVMSIS/core_riscv.h:138
    __asm volatile("csrrs %0, 0x800, %1" : \
2000065c:	8007a7f3          	csrrs	a5,0x800,a5
LowPower_Shutdown():
c:\Users\seanw\mounriver-studio-projects\EC-reset\obj/../StdPeriphDriver/CH57x_pwr.c:276
20000660:	0000100f          	fence.i
c:\Users\seanw\mounriver-studio-projects\EC-reset\obj/../StdPeriphDriver/CH57x_pwr.c:278

    PFIC->SCTLR |= (1 << 2); //deep sleep
20000664:	e000f937          	lui	s2,0xe000f
20000668:	d1092783          	lw	a5,-752(s2) # e000ed10 <_eusrstack+0xc000bd10>
c:\Users\seanw\mounriver-studio-projects\EC-reset\obj/../StdPeriphDriver/CH57x_pwr.c:280

    SetSysClock(CLK_SOURCE_HSE_PLL_24MHz);
2000066c:	05900513          	li	a0,89
c:\Users\seanw\mounriver-studio-projects\EC-reset\obj/../StdPeriphDriver/CH57x_pwr.c:278
    PFIC->SCTLR |= (1 << 2); //deep sleep
20000670:	d0090913          	addi	s2,s2,-768
20000674:	0047e793          	ori	a5,a5,4
20000678:	00f92823          	sw	a5,16(s2)
c:\Users\seanw\mounriver-studio-projects\EC-reset\obj/../StdPeriphDriver/CH57x_pwr.c:280
    SetSysClock(CLK_SOURCE_HSE_PLL_24MHz);
2000067c:	2879                	jal	2000071a <SetSysClock>
__risc_v_disable_irq():
c:/Users/seanw/mounriver-studio-projects/EC-reset/RVMSIS/core_riscv.h:154
    __asm volatile("csrrc %0, 0x800, %1" : \
2000067e:	8004b7f3          	csrrc	a5,0x800,s1
c:/Users/seanw/mounriver-studio-projects/EC-reset/RVMSIS/core_riscv.h:156
    return result & 0x88;
20000682:	0887f793          	andi	a5,a5,136
LowPower_Shutdown():
c:\Users\seanw\mounriver-studio-projects\EC-reset\obj/../StdPeriphDriver/CH57x_pwr.c:281
    sys_safe_access_enable();
20000686:	c43e                	sw	a5,8(sp)
20000688:	0000100f          	fence.i
2000068c:	05540023          	sb	s5,64(s0)
20000690:	05440023          	sb	s4,64(s0)
20000694:	0000100f          	fence.i
c:\Users\seanw\mounriver-studio-projects\EC-reset\obj/../StdPeriphDriver/CH57x_pwr.c:282
    R16_POWER_PLAN = RB_PWR_PLAN_EN | rm;
20000698:	28f99993          	bseti	s3,s3,0xf
2000069c:	03341023          	sh	s3,32(s0)
c:\Users\seanw\mounriver-studio-projects\EC-reset\obj/../StdPeriphDriver/CH57x_pwr.c:283
    sys_safe_access_disable();
200006a0:	04040023          	sb	zero,64(s0)
200006a4:	47a2                	lw	a5,8(sp)
__risc_v_enable_irq():
c:/Users/seanw/mounriver-studio-projects/EC-reset/RVMSIS/core_riscv.h:138
    __asm volatile("csrrs %0, 0x800, %1" : \
200006a6:	8007a7f3          	csrrs	a5,0x800,a5
LowPower_Shutdown():
c:\Users\seanw\mounriver-studio-projects\EC-reset\obj/../StdPeriphDriver/CH57x_pwr.c:283
200006aa:	0000100f          	fence.i
__WFI():
c:/Users/seanw/mounriver-studio-projects/EC-reset/RVMSIS/core_riscv.h:348
 *
 * @brief   Wait for Interrupt
 */
__attribute__((always_inline)) RV_STATIC_INLINE void __WFI(void)
{
    PFIC->SCTLR &= ~(1 << 3); // wfi
200006ae:	01092783          	lw	a5,16(s2)
200006b2:	9bdd                	andi	a5,a5,-9
200006b4:	00f92823          	sw	a5,16(s2)
c:/Users/seanw/mounriver-studio-projects/EC-reset/RVMSIS/core_riscv.h:349
    __asm__ volatile("wfi");
200006b8:	10500073          	wfi
LowPower_Shutdown():
c:\Users\seanw\mounriver-studio-projects\EC-reset\obj/../StdPeriphDriver/CH57x_pwr.c:285
    __WFI();
    __nop();
200006bc:	0001                	nop
c:\Users\seanw\mounriver-studio-projects\EC-reset\obj/../StdPeriphDriver/CH57x_pwr.c:286
    __nop();
200006be:	0001                	nop
c:\Users\seanw\mounriver-studio-projects\EC-reset\obj/../StdPeriphDriver/CH57x_pwr.c:287
    FLASH_ROM_SW_RESET();
200006c0:	4681                	li	a3,0
200006c2:	4601                	li	a2,0
200006c4:	4581                	li	a1,0
200006c6:	4511                	li	a0,4
200006c8:	e0001097          	auipc	ra,0xe0001
200006cc:	098080e7          	jalr	152(ra) # 1760 <FLASH_EEPROM_CMD>
__risc_v_disable_irq():
c:/Users/seanw/mounriver-studio-projects/EC-reset/RVMSIS/core_riscv.h:154
    __asm volatile("csrrc %0, 0x800, %1" : \
200006d0:	8004b4f3          	csrrc	s1,0x800,s1
c:/Users/seanw/mounriver-studio-projects/EC-reset/RVMSIS/core_riscv.h:156
    return result & 0x88;
200006d4:	0884f493          	andi	s1,s1,136
LowPower_Shutdown():
c:\Users\seanw\mounriver-studio-projects\EC-reset\obj/../StdPeriphDriver/CH57x_pwr.c:288
    sys_safe_access_enable();
200006d8:	c626                	sw	s1,12(sp)
200006da:	0000100f          	fence.i
200006de:	05540023          	sb	s5,64(s0)
200006e2:	05440023          	sb	s4,64(s0)
200006e6:	0000100f          	fence.i
c:\Users\seanw\mounriver-studio-projects\EC-reset\obj/../StdPeriphDriver/CH57x_pwr.c:289
    R16_INT_LSI_TUNE = 0xFFFF;
200006ea:	57fd                	li	a5,-1
200006ec:	b45e                	sh	a5,44(s0)
c:\Users\seanw\mounriver-studio-projects\EC-reset\obj/../StdPeriphDriver/CH57x_pwr.c:290
    R8_RST_WDOG_CTRL |= RB_SOFTWARE_RESET;
200006ee:	04644783          	lbu	a5,70(s0)
200006f2:	0017e793          	ori	a5,a5,1
200006f6:	04f40323          	sb	a5,70(s0)
c:\Users\seanw\mounriver-studio-projects\EC-reset\obj/../StdPeriphDriver/CH57x_pwr.c:291
    sys_safe_access_disable();
200006fa:	04040023          	sb	zero,64(s0)
200006fe:	47b2                	lw	a5,12(sp)
__risc_v_enable_irq():
c:/Users/seanw/mounriver-studio-projects/EC-reset/RVMSIS/core_riscv.h:138
    __asm volatile("csrrs %0, 0x800, %1" : \
20000700:	8007a7f3          	csrrs	a5,0x800,a5
LowPower_Shutdown():
c:\Users\seanw\mounriver-studio-projects\EC-reset\obj/../StdPeriphDriver/CH57x_pwr.c:291
20000704:	0000100f          	fence.i
c:\Users\seanw\mounriver-studio-projects\EC-reset\obj/../StdPeriphDriver/CH57x_pwr.c:292
}
20000708:	50b2                	lw	ra,44(sp)
2000070a:	5422                	lw	s0,40(sp)
2000070c:	5492                	lw	s1,36(sp)
2000070e:	5902                	lw	s2,32(sp)
20000710:	49f2                	lw	s3,28(sp)
20000712:	4a62                	lw	s4,24(sp)
20000714:	4ad2                	lw	s5,20(sp)
20000716:	6145                	addi	sp,sp,48
20000718:	8082                	ret

2000071a <SetSysClock>:
SetSysClock():
c:\Users\seanw\mounriver-studio-projects\EC-reset\obj/../StdPeriphDriver/CH57x_sys.c:31
{
    uint16_t clk_sys_cfg;
    uint8_t i;
    uint8_t x32M_c;

    if(sc == RB_CLK_SYS_MOD)  // LSI
2000071a:	0c000793          	li	a5,192
c:\Users\seanw\mounriver-studio-projects\EC-reset\obj/../StdPeriphDriver/CH57x_sys.c:26
{
2000071e:	1101                	addi	sp,sp,-32
c:\Users\seanw\mounriver-studio-projects\EC-reset\obj/../StdPeriphDriver/CH57x_sys.c:31
    if(sc == RB_CLK_SYS_MOD)  // LSI
20000720:	04f51863          	bne	a0,a5,20000770 <SetSysClock+0x56>
__risc_v_disable_irq():
c:/Users/seanw/mounriver-studio-projects/EC-reset/RVMSIS/core_riscv.h:154
    __asm volatile("csrrc %0, 0x800, %1" : \
20000724:	08800793          	li	a5,136
20000728:	8007b7f3          	csrrc	a5,0x800,a5
c:/Users/seanw/mounriver-studio-projects/EC-reset/RVMSIS/core_riscv.h:156
    return result & 0x88;
2000072c:	0887f793          	andi	a5,a5,136
SetSysClock():
c:\Users\seanw\mounriver-studio-projects\EC-reset\obj/../StdPeriphDriver/CH57x_sys.c:33
    {
        sys_safe_access_enable();
20000730:	c03e                	sw	a5,0(sp)
20000732:	0000100f          	fence.i
20000736:	400017b7          	lui	a5,0x40001
2000073a:	05700713          	li	a4,87
2000073e:	04e78023          	sb	a4,64(a5) # 40001040 <_eusrstack+0x1fffe040>
20000742:	fa800713          	li	a4,-88
20000746:	04e78023          	sb	a4,64(a5)
2000074a:	0000100f          	fence.i
c:\Users\seanw\mounriver-studio-projects\EC-reset\obj/../StdPeriphDriver/CH57x_sys.c:34
        R8_SLP_POWER_CTRL |= 0x40;
2000074e:	37f8                	lbu	a4,15(a5)
20000750:	04076713          	ori	a4,a4,64
20000754:	b7f8                	sb	a4,15(a5)
c:\Users\seanw\mounriver-studio-projects\EC-reset\obj/../StdPeriphDriver/CH57x_sys.c:35
        R8_CLK_SYS_CFG |= RB_CLK_SYS_MOD;
20000756:	2798                	lbu	a4,8(a5)
20000758:	0c076713          	ori	a4,a4,192
2000075c:	a798                	sb	a4,8(a5)
c:\Users\seanw\mounriver-studio-projects\EC-reset\obj/../StdPeriphDriver/CH57x_sys.c:36
        sys_safe_access_disable();
2000075e:	04078023          	sb	zero,64(a5)
20000762:	4782                	lw	a5,0(sp)
__risc_v_enable_irq():
c:/Users/seanw/mounriver-studio-projects/EC-reset/RVMSIS/core_riscv.h:138
    __asm volatile("csrrs %0, 0x800, %1" : \
20000764:	8007a7f3          	csrrs	a5,0x800,a5
SetSysClock():
c:\Users\seanw\mounriver-studio-projects\EC-reset\obj/../StdPeriphDriver/CH57x_sys.c:88
        }

        sys_safe_access_enable();
        R8_SLP_POWER_CTRL |= 0x40;
        R8_CLK_SYS_CFG = sc;
        sys_safe_access_disable();
20000768:	0000100f          	fence.i
c:\Users\seanw\mounriver-studio-projects\EC-reset\obj/../StdPeriphDriver/CH57x_sys.c:90
    }
}
2000076c:	6105                	addi	sp,sp,32
2000076e:	8082                	ret
c:\Users\seanw\mounriver-studio-projects\EC-reset\obj/../StdPeriphDriver/CH57x_sys.c:40
        if(!(R8_HFCK_PWR_CTRL & RB_CLK_XT32M_PON))
20000770:	400017b7          	lui	a5,0x40001
20000774:	27b8                	lbu	a4,10(a5)
20000776:	8b11                	andi	a4,a4,4
20000778:	eb69                	bnez	a4,2000084a <SetSysClock+0x130>
c:\Users\seanw\mounriver-studio-projects\EC-reset\obj/../StdPeriphDriver/CH57x_sys.c:42
            x32M_c = R8_XT32M_TUNE;
2000077a:	04e7c683          	lbu	a3,78(a5) # 4000104e <_eusrstack+0x1fffe04e>
__risc_v_disable_irq():
c:/Users/seanw/mounriver-studio-projects/EC-reset/RVMSIS/core_riscv.h:154
    __asm volatile("csrrc %0, 0x800, %1" : \
2000077e:	08800713          	li	a4,136
SetSysClock():
c:\Users\seanw\mounriver-studio-projects\EC-reset\obj/../StdPeriphDriver/CH57x_sys.c:42
20000782:	0ff6f693          	zext.b	a3,a3
__risc_v_disable_irq():
c:/Users/seanw/mounriver-studio-projects/EC-reset/RVMSIS/core_riscv.h:154
20000786:	80073673          	csrrc	a2,0x800,a4
c:/Users/seanw/mounriver-studio-projects/EC-reset/RVMSIS/core_riscv.h:156
    return result & 0x88;
2000078a:	08867613          	andi	a2,a2,136
SetSysClock():
c:\Users\seanw\mounriver-studio-projects\EC-reset\obj/../StdPeriphDriver/CH57x_sys.c:43
            sys_safe_access_enable();
2000078e:	c232                	sw	a2,4(sp)
20000790:	0000100f          	fence.i
20000794:	05700813          	li	a6,87
20000798:	05078023          	sb	a6,64(a5)
2000079c:	fa800593          	li	a1,-88
200007a0:	04b78023          	sb	a1,64(a5)
200007a4:	0000100f          	fence.i
c:\Users\seanw\mounriver-studio-projects\EC-reset\obj/../StdPeriphDriver/CH57x_sys.c:44
            R8_XT32M_TUNE |= 0x03;
200007a8:	04e7c603          	lbu	a2,78(a5)
200007ac:	00366613          	ori	a2,a2,3
200007b0:	04c78723          	sb	a2,78(a5)
c:\Users\seanw\mounriver-studio-projects\EC-reset\obj/../StdPeriphDriver/CH57x_sys.c:45
            R8_HFCK_PWR_CTRL |= RB_CLK_XT32M_PON;
200007b4:	27b0                	lbu	a2,10(a5)
200007b6:	00466613          	ori	a2,a2,4
200007ba:	a7b0                	sb	a2,10(a5)
c:\Users\seanw\mounriver-studio-projects\EC-reset\obj/../StdPeriphDriver/CH57x_sys.c:46
            sys_safe_access_disable();
200007bc:	04078023          	sb	zero,64(a5)
200007c0:	4612                	lw	a2,4(sp)
__risc_v_enable_irq():
c:/Users/seanw/mounriver-studio-projects/EC-reset/RVMSIS/core_riscv.h:138
    __asm volatile("csrrs %0, 0x800, %1" : \
200007c2:	80062673          	csrrs	a2,0x800,a2
SetSysClock():
c:\Users\seanw\mounriver-studio-projects\EC-reset\obj/../StdPeriphDriver/CH57x_sys.c:46
200007c6:	0000100f          	fence.i
c:\Users\seanw\mounriver-studio-projects\EC-reset\obj/../StdPeriphDriver/CH57x_sys.c:47
            clk_sys_cfg = R8_CLK_SYS_CFG;
200007ca:	2790                	lbu	a2,8(a5)
200007cc:	0ff67613          	zext.b	a2,a2
__risc_v_disable_irq():
c:/Users/seanw/mounriver-studio-projects/EC-reset/RVMSIS/core_riscv.h:154
    __asm volatile("csrrc %0, 0x800, %1" : \
200007d0:	80073773          	csrrc	a4,0x800,a4
c:/Users/seanw/mounriver-studio-projects/EC-reset/RVMSIS/core_riscv.h:156
    return result & 0x88;
200007d4:	08877713          	andi	a4,a4,136
SetSysClock():
c:\Users\seanw\mounriver-studio-projects\EC-reset\obj/../StdPeriphDriver/CH57x_sys.c:48
            sys_safe_access_enable();
200007d8:	c43a                	sw	a4,8(sp)
200007da:	0000100f          	fence.i
200007de:	05078023          	sb	a6,64(a5)
200007e2:	04b78023          	sb	a1,64(a5)
200007e6:	0000100f          	fence.i
c:\Users\seanw\mounriver-studio-projects\EC-reset\obj/../StdPeriphDriver/CH57x_sys.c:49
            R8_CLK_SYS_CFG |= 0xC0;
200007ea:	2798                	lbu	a4,8(a5)
200007ec:	0c076713          	ori	a4,a4,192
200007f0:	a798                	sb	a4,8(a5)
c:\Users\seanw\mounriver-studio-projects\EC-reset\obj/../StdPeriphDriver/CH57x_sys.c:50
            sys_safe_access_disable();
200007f2:	04078023          	sb	zero,64(a5)
200007f6:	47a2                	lw	a5,8(sp)
__risc_v_enable_irq():
c:/Users/seanw/mounriver-studio-projects/EC-reset/RVMSIS/core_riscv.h:138
    __asm volatile("csrrs %0, 0x800, %1" : \
200007f8:	8007a7f3          	csrrs	a5,0x800,a5
SetSysClock():
c:\Users\seanw\mounriver-studio-projects\EC-reset\obj/../StdPeriphDriver/CH57x_sys.c:50
200007fc:	0000100f          	fence.i
20000800:	47a5                	li	a5,9
c:\Users\seanw\mounriver-studio-projects\EC-reset\obj/../StdPeriphDriver/CH57x_sys.c:53 (discriminator 3)
                __nop();
20000802:	0001                	nop
c:\Users\seanw\mounriver-studio-projects\EC-reset\obj/../StdPeriphDriver/CH57x_sys.c:51 (discriminator 3)
            for(i=0; i<9; i++)
20000804:	17fd                	addi	a5,a5,-1
20000806:	0ff7f793          	zext.b	a5,a5
2000080a:	ffe5                	bnez	a5,20000802 <SetSysClock+0xe8>
__risc_v_disable_irq():
c:/Users/seanw/mounriver-studio-projects/EC-reset/RVMSIS/core_riscv.h:154
    __asm volatile("csrrc %0, 0x800, %1" : \
2000080c:	08800793          	li	a5,136
20000810:	8007b7f3          	csrrc	a5,0x800,a5
c:/Users/seanw/mounriver-studio-projects/EC-reset/RVMSIS/core_riscv.h:156
    return result & 0x88;
20000814:	0887f793          	andi	a5,a5,136
SetSysClock():
c:\Users\seanw\mounriver-studio-projects\EC-reset\obj/../StdPeriphDriver/CH57x_sys.c:55
            sys_safe_access_enable();
20000818:	c63e                	sw	a5,12(sp)
2000081a:	0000100f          	fence.i
2000081e:	400017b7          	lui	a5,0x40001
20000822:	05700713          	li	a4,87
20000826:	04e78023          	sb	a4,64(a5) # 40001040 <_eusrstack+0x1fffe040>
2000082a:	fa800713          	li	a4,-88
2000082e:	04e78023          	sb	a4,64(a5)
20000832:	0000100f          	fence.i
c:\Users\seanw\mounriver-studio-projects\EC-reset\obj/../StdPeriphDriver/CH57x_sys.c:56
            R8_CLK_SYS_CFG = clk_sys_cfg;
20000836:	a790                	sb	a2,8(a5)
c:\Users\seanw\mounriver-studio-projects\EC-reset\obj/../StdPeriphDriver/CH57x_sys.c:57
            R8_XT32M_TUNE = x32M_c;
20000838:	04d78723          	sb	a3,78(a5)
c:\Users\seanw\mounriver-studio-projects\EC-reset\obj/../StdPeriphDriver/CH57x_sys.c:58
            sys_safe_access_disable();
2000083c:	04078023          	sb	zero,64(a5)
20000840:	47b2                	lw	a5,12(sp)
__risc_v_enable_irq():
c:/Users/seanw/mounriver-studio-projects/EC-reset/RVMSIS/core_riscv.h:138
    __asm volatile("csrrs %0, 0x800, %1" : \
20000842:	8007a7f3          	csrrs	a5,0x800,a5
SetSysClock():
c:\Users\seanw\mounriver-studio-projects\EC-reset\obj/../StdPeriphDriver/CH57x_sys.c:58
20000846:	0000100f          	fence.i
c:\Users\seanw\mounriver-studio-projects\EC-reset\obj/../StdPeriphDriver/CH57x_sys.c:61
        if((sc & RB_CLK_SYS_MOD) == 0x40) // PLL div
2000084a:	0c057793          	andi	a5,a0,192
2000084e:	04000713          	li	a4,64
20000852:	08e79d63          	bne	a5,a4,200008ec <SetSysClock+0x1d2>
__risc_v_disable_irq():
c:/Users/seanw/mounriver-studio-projects/EC-reset/RVMSIS/core_riscv.h:154
    __asm volatile("csrrc %0, 0x800, %1" : \
20000856:	08800793          	li	a5,136
2000085a:	8007b7f3          	csrrc	a5,0x800,a5
c:/Users/seanw/mounriver-studio-projects/EC-reset/RVMSIS/core_riscv.h:156
    return result & 0x88;
2000085e:	0887f793          	andi	a5,a5,136
SetSysClock():
c:\Users\seanw\mounriver-studio-projects\EC-reset\obj/../StdPeriphDriver/CH57x_sys.c:63
            sys_safe_access_enable();
20000862:	c83e                	sw	a5,16(sp)
20000864:	0000100f          	fence.i
20000868:	400017b7          	lui	a5,0x40001
2000086c:	05700713          	li	a4,87
20000870:	04e78023          	sb	a4,64(a5) # 40001040 <_eusrstack+0x1fffe040>
20000874:	fa800713          	li	a4,-88
20000878:	04e78023          	sb	a4,64(a5)
2000087c:	0000100f          	fence.i
c:\Users\seanw\mounriver-studio-projects\EC-reset\obj/../StdPeriphDriver/CH57x_sys.c:64
            R8_HFCK_PWR_CTRL |= RB_CLK_PLL_PON;
20000880:	27b8                	lbu	a4,10(a5)
c:\Users\seanw\mounriver-studio-projects\EC-reset\obj/../StdPeriphDriver/CH57x_sys.c:65
            R8_FLASH_CFG = 0X01;
20000882:	4685                	li	a3,1
c:\Users\seanw\mounriver-studio-projects\EC-reset\obj/../StdPeriphDriver/CH57x_sys.c:64
            R8_HFCK_PWR_CTRL |= RB_CLK_PLL_PON;
20000884:	01076713          	ori	a4,a4,16
20000888:	a7b8                	sb	a4,10(a5)
c:\Users\seanw\mounriver-studio-projects\EC-reset\obj/../StdPeriphDriver/CH57x_sys.c:65
            R8_FLASH_CFG = 0X01;
2000088a:	40002737          	lui	a4,0x40002
2000088e:	80d703a3          	sb	a3,-2041(a4) # 40001807 <_eusrstack+0x1fffe807>
c:\Users\seanw\mounriver-studio-projects\EC-reset\obj/../StdPeriphDriver/CH57x_sys.c:66
            R8_FLASH_SCK |= 1<<4; //50M
20000892:	80574683          	lbu	a3,-2043(a4)
20000896:	0106e693          	ori	a3,a3,16
2000089a:	80d702a3          	sb	a3,-2043(a4)
c:\Users\seanw\mounriver-studio-projects\EC-reset\obj/../StdPeriphDriver/CH57x_sys.c:67
            sys_safe_access_disable();
2000089e:	04078023          	sb	zero,64(a5)
200008a2:	47c2                	lw	a5,16(sp)
__risc_v_enable_irq():
c:/Users/seanw/mounriver-studio-projects/EC-reset/RVMSIS/core_riscv.h:138
    __asm volatile("csrrs %0, 0x800, %1" : \
200008a4:	8007a7f3          	csrrs	a5,0x800,a5
SetSysClock():
c:\Users\seanw\mounriver-studio-projects\EC-reset\obj/../StdPeriphDriver/CH57x_sys.c:81
                sys_safe_access_disable();
200008a8:	0000100f          	fence.i
__risc_v_disable_irq():
c:/Users/seanw/mounriver-studio-projects/EC-reset/RVMSIS/core_riscv.h:154
    __asm volatile("csrrc %0, 0x800, %1" : \
200008ac:	08800793          	li	a5,136
200008b0:	8007b7f3          	csrrc	a5,0x800,a5
c:/Users/seanw/mounriver-studio-projects/EC-reset/RVMSIS/core_riscv.h:156
    return result & 0x88;
200008b4:	0887f793          	andi	a5,a5,136
SetSysClock():
c:\Users\seanw\mounriver-studio-projects\EC-reset\obj/../StdPeriphDriver/CH57x_sys.c:85
        sys_safe_access_enable();
200008b8:	ce3e                	sw	a5,28(sp)
200008ba:	0000100f          	fence.i
200008be:	400017b7          	lui	a5,0x40001
200008c2:	05700713          	li	a4,87
200008c6:	04e78023          	sb	a4,64(a5) # 40001040 <_eusrstack+0x1fffe040>
200008ca:	fa800713          	li	a4,-88
200008ce:	04e78023          	sb	a4,64(a5)
200008d2:	0000100f          	fence.i
c:\Users\seanw\mounriver-studio-projects\EC-reset\obj/../StdPeriphDriver/CH57x_sys.c:86
        R8_SLP_POWER_CTRL |= 0x40;
200008d6:	37f8                	lbu	a4,15(a5)
c:\Users\seanw\mounriver-studio-projects\EC-reset\obj/../StdPeriphDriver/CH57x_sys.c:87
        R8_CLK_SYS_CFG = sc;
200008d8:	0ff57513          	zext.b	a0,a0
c:\Users\seanw\mounriver-studio-projects\EC-reset\obj/../StdPeriphDriver/CH57x_sys.c:86
        R8_SLP_POWER_CTRL |= 0x40;
200008dc:	04076713          	ori	a4,a4,64
200008e0:	b7f8                	sb	a4,15(a5)
c:\Users\seanw\mounriver-studio-projects\EC-reset\obj/../StdPeriphDriver/CH57x_sys.c:87
        R8_CLK_SYS_CFG = sc;
200008e2:	a788                	sb	a0,8(a5)
c:\Users\seanw\mounriver-studio-projects\EC-reset\obj/../StdPeriphDriver/CH57x_sys.c:88
        sys_safe_access_disable();
200008e4:	04078023          	sb	zero,64(a5)
200008e8:	47f2                	lw	a5,28(sp)
200008ea:	bdad                	j	20000764 <SetSysClock+0x4a>
c:\Users\seanw\mounriver-studio-projects\EC-reset\obj/../StdPeriphDriver/CH57x_sys.c:71
            if((sc&0x1F) )
200008ec:	01f57793          	andi	a5,a0,31
200008f0:	cf9d                	beqz	a5,2000092e <SetSysClock+0x214>
__risc_v_disable_irq():
c:/Users/seanw/mounriver-studio-projects/EC-reset/RVMSIS/core_riscv.h:154
    __asm volatile("csrrc %0, 0x800, %1" : \
200008f2:	08800793          	li	a5,136
200008f6:	8007b7f3          	csrrc	a5,0x800,a5
c:/Users/seanw/mounriver-studio-projects/EC-reset/RVMSIS/core_riscv.h:156
    return result & 0x88;
200008fa:	0887f793          	andi	a5,a5,136
SetSysClock():
c:\Users\seanw\mounriver-studio-projects\EC-reset\obj/../StdPeriphDriver/CH57x_sys.c:73
                sys_safe_access_enable();
200008fe:	ca3e                	sw	a5,20(sp)
20000900:	0000100f          	fence.i
20000904:	400017b7          	lui	a5,0x40001
20000908:	05700713          	li	a4,87
2000090c:	04e78023          	sb	a4,64(a5) # 40001040 <_eusrstack+0x1fffe040>
20000910:	fa800713          	li	a4,-88
20000914:	04e78023          	sb	a4,64(a5)
20000918:	0000100f          	fence.i
c:\Users\seanw\mounriver-studio-projects\EC-reset\obj/../StdPeriphDriver/CH57x_sys.c:74
                R8_FLASH_CFG = 0X02;
2000091c:	40002737          	lui	a4,0x40002
20000920:	4689                	li	a3,2
20000922:	80d703a3          	sb	a3,-2041(a4) # 40001807 <_eusrstack+0x1fffe807>
c:\Users\seanw\mounriver-studio-projects\EC-reset\obj/../StdPeriphDriver/CH57x_sys.c:75
                sys_safe_access_disable();
20000926:	04078023          	sb	zero,64(a5)
2000092a:	47d2                	lw	a5,20(sp)
__risc_v_enable_irq():
c:/Users/seanw/mounriver-studio-projects/EC-reset/RVMSIS/core_riscv.h:138
    __asm volatile("csrrs %0, 0x800, %1" : \
2000092c:	bfa5                	j	200008a4 <SetSysClock+0x18a>
__risc_v_disable_irq():
c:/Users/seanw/mounriver-studio-projects/EC-reset/RVMSIS/core_riscv.h:154
    __asm volatile("csrrc %0, 0x800, %1" : \
2000092e:	08800793          	li	a5,136
20000932:	8007b7f3          	csrrc	a5,0x800,a5
c:/Users/seanw/mounriver-studio-projects/EC-reset/RVMSIS/core_riscv.h:156
    return result & 0x88;
20000936:	0887f793          	andi	a5,a5,136
SetSysClock():
c:\Users\seanw\mounriver-studio-projects\EC-reset\obj/../StdPeriphDriver/CH57x_sys.c:79
                sys_safe_access_enable();
2000093a:	cc3e                	sw	a5,24(sp)
2000093c:	0000100f          	fence.i
20000940:	400017b7          	lui	a5,0x40001
20000944:	05700713          	li	a4,87
20000948:	04e78023          	sb	a4,64(a5) # 40001040 <_eusrstack+0x1fffe040>
2000094c:	fa800713          	li	a4,-88
20000950:	04e78023          	sb	a4,64(a5)
20000954:	0000100f          	fence.i
c:\Users\seanw\mounriver-studio-projects\EC-reset\obj/../StdPeriphDriver/CH57x_sys.c:80
                R8_FLASH_CFG = 0X07;
20000958:	40002737          	lui	a4,0x40002
2000095c:	469d                	li	a3,7
2000095e:	80d703a3          	sb	a3,-2041(a4) # 40001807 <_eusrstack+0x1fffe807>
c:\Users\seanw\mounriver-studio-projects\EC-reset\obj/../StdPeriphDriver/CH57x_sys.c:81
                sys_safe_access_disable();
20000962:	04078023          	sb	zero,64(a5)
20000966:	47e2                	lw	a5,24(sp)
20000968:	bf35                	j	200008a4 <SetSysClock+0x18a>

2000096a <HardFault_Handler>:
HardFault_Handler():
c:\Users\seanw\mounriver-studio-projects\EC-reset\obj/../StdPeriphDriver/CH57x_sys.c:285
 */
__INTERRUPT
__HIGH_CODE
__attribute__((weak))
void HardFault_Handler(void)
{
2000096a:	1141                	addi	sp,sp,-16
c:\Users\seanw\mounriver-studio-projects\EC-reset\obj/../StdPeriphDriver/CH57x_sys.c:286
    FLASH_ROM_SW_RESET();
2000096c:	4681                	li	a3,0
2000096e:	4601                	li	a2,0
20000970:	4581                	li	a1,0
20000972:	4511                	li	a0,4
20000974:	e0001097          	auipc	ra,0xe0001
20000978:	dec080e7          	jalr	-532(ra) # 1760 <FLASH_EEPROM_CMD>
__risc_v_disable_irq():
c:/Users/seanw/mounriver-studio-projects/EC-reset/RVMSIS/core_riscv.h:154
    __asm volatile("csrrc %0, 0x800, %1" : \
2000097c:	08800713          	li	a4,136
20000980:	800737f3          	csrrc	a5,0x800,a4
c:/Users/seanw/mounriver-studio-projects/EC-reset/RVMSIS/core_riscv.h:156
    return result & 0x88;
20000984:	0887f793          	andi	a5,a5,136
HardFault_Handler():
c:\Users\seanw\mounriver-studio-projects\EC-reset\obj/../StdPeriphDriver/CH57x_sys.c:287
    sys_safe_access_enable();
20000988:	c43e                	sw	a5,8(sp)
2000098a:	0000100f          	fence.i
2000098e:	400017b7          	lui	a5,0x40001
20000992:	05700613          	li	a2,87
20000996:	04c78023          	sb	a2,64(a5) # 40001040 <_eusrstack+0x1fffe040>
2000099a:	fa800693          	li	a3,-88
2000099e:	04d78023          	sb	a3,64(a5)
200009a2:	0000100f          	fence.i
c:\Users\seanw\mounriver-studio-projects\EC-reset\obj/../StdPeriphDriver/CH57x_sys.c:288
    R16_INT_LSI_TUNE = 0xFFFF;
200009a6:	55fd                	li	a1,-1
200009a8:	b7ce                	sh	a1,44(a5)
c:\Users\seanw\mounriver-studio-projects\EC-reset\obj/../StdPeriphDriver/CH57x_sys.c:289
    sys_safe_access_disable();
200009aa:	04078023          	sb	zero,64(a5)
200009ae:	45a2                	lw	a1,8(sp)
__risc_v_enable_irq():
c:/Users/seanw/mounriver-studio-projects/EC-reset/RVMSIS/core_riscv.h:138
    __asm volatile("csrrs %0, 0x800, %1" : \
200009b0:	8005a5f3          	csrrs	a1,0x800,a1
HardFault_Handler():
c:\Users\seanw\mounriver-studio-projects\EC-reset\obj/../StdPeriphDriver/CH57x_sys.c:289
200009b4:	0000100f          	fence.i
__risc_v_disable_irq():
c:/Users/seanw/mounriver-studio-projects/EC-reset/RVMSIS/core_riscv.h:154
    __asm volatile("csrrc %0, 0x800, %1" : \
200009b8:	80073773          	csrrc	a4,0x800,a4
c:/Users/seanw/mounriver-studio-projects/EC-reset/RVMSIS/core_riscv.h:156
    return result & 0x88;
200009bc:	08877713          	andi	a4,a4,136
HardFault_Handler():
c:\Users\seanw\mounriver-studio-projects\EC-reset\obj/../StdPeriphDriver/CH57x_sys.c:290
    sys_safe_access_enable();
200009c0:	c63a                	sw	a4,12(sp)
200009c2:	0000100f          	fence.i
200009c6:	04c78023          	sb	a2,64(a5)
200009ca:	04d78023          	sb	a3,64(a5)
200009ce:	0000100f          	fence.i
c:\Users\seanw\mounriver-studio-projects\EC-reset\obj/../StdPeriphDriver/CH57x_sys.c:291
    R8_RST_WDOG_CTRL |= RB_SOFTWARE_RESET;
200009d2:	0467c703          	lbu	a4,70(a5)
200009d6:	00176713          	ori	a4,a4,1
200009da:	04e78323          	sb	a4,70(a5)
c:\Users\seanw\mounriver-studio-projects\EC-reset\obj/../StdPeriphDriver/CH57x_sys.c:292
    sys_safe_access_disable();
200009de:	04078023          	sb	zero,64(a5)
200009e2:	47b2                	lw	a5,12(sp)
__risc_v_enable_irq():
c:/Users/seanw/mounriver-studio-projects/EC-reset/RVMSIS/core_riscv.h:138
    __asm volatile("csrrs %0, 0x800, %1" : \
200009e4:	8007a7f3          	csrrs	a5,0x800,a5
HardFault_Handler():
c:\Users\seanw\mounriver-studio-projects\EC-reset\obj/../StdPeriphDriver/CH57x_sys.c:292
200009e8:	0000100f          	fence.i
c:\Users\seanw\mounriver-studio-projects\EC-reset\obj/../StdPeriphDriver/CH57x_sys.c:293 (discriminator 1)
    while(1);
200009ec:	a001                	j	200009ec <HardFault_Handler+0x82>

200009ee <NMI_Handler>:
NMI_Handler():
c:\Users\seanw\mounriver-studio-projects\EC-reset\obj/../StdPeriphDriver/CH57x_sys.c:310 (discriminator 1)
__INTERRUPT
__HIGH_CODE
__attribute__((weak))
void NMI_Handler(void)
{
    while(1);
200009ee:	a001                	j	200009ee <NMI_Handler>

200009f0 <mDelayuS>:
mDelayuS():
c:\Users\seanw\mounriver-studio-projects\EC-reset\obj/../StdPeriphDriver/CH57x_sys.c:327
__HIGH_CODE
void mDelayuS(uint16_t t)
{
    uint32_t i;
#if(FREQ_SYS == 100000000)
    i = t * 25;
200009f0:	47e5                	li	a5,25
200009f2:	02f50533          	mul	a0,a0,a5
c:\Users\seanw\mounriver-studio-projects\EC-reset\obj/../StdPeriphDriver/CH57x_sys.c:370 (discriminator 1)
        __nop();
    };
#else
    do
    {
        __nop();
200009f6:	0001                	nop
c:\Users\seanw\mounriver-studio-projects\EC-reset\obj/../StdPeriphDriver/CH57x_sys.c:371 (discriminator 1)
    }while(--i);
200009f8:	157d                	addi	a0,a0,-1
200009fa:	fd75                	bnez	a0,200009f6 <mDelayuS+0x6>
c:\Users\seanw\mounriver-studio-projects\EC-reset\obj/../StdPeriphDriver/CH57x_sys.c:373
#endif
}
200009fc:	8082                	ret

200009fe <mDelaymS>:
mDelaymS():
c:\Users\seanw\mounriver-studio-projects\EC-reset\obj/../StdPeriphDriver/CH57x_sys.c:386
 *
 * @return  none
 */
__HIGH_CODE
void mDelaymS(uint16_t t)
{
200009fe:	1141                	addi	sp,sp,-16
20000a00:	c422                	sw	s0,8(sp)
20000a02:	c606                	sw	ra,12(sp)
20000a04:	842a                	mv	s0,a0
c:\Users\seanw\mounriver-studio-projects\EC-reset\obj/../StdPeriphDriver/CH57x_sys.c:389 (discriminator 1)
    do
    {
        mDelayuS(1000);
20000a06:	3e800513          	li	a0,1000
c:\Users\seanw\mounriver-studio-projects\EC-reset\obj/../StdPeriphDriver/CH57x_sys.c:390 (discriminator 1)
    }while(--t);
20000a0a:	147d                	addi	s0,s0,-1
c:\Users\seanw\mounriver-studio-projects\EC-reset\obj/../StdPeriphDriver/CH57x_sys.c:389 (discriminator 1)
        mDelayuS(1000);
20000a0c:	37d5                	jal	200009f0 <mDelayuS>
c:\Users\seanw\mounriver-studio-projects\EC-reset\obj/../StdPeriphDriver/CH57x_sys.c:390 (discriminator 1)
    }while(--t);
20000a0e:	08044433          	zext.h	s0,s0
20000a12:	f875                	bnez	s0,20000a06 <mDelaymS+0x8>
c:\Users\seanw\mounriver-studio-projects\EC-reset\obj/../StdPeriphDriver/CH57x_sys.c:391
}
20000a14:	40b2                	lw	ra,12(sp)
20000a16:	4422                	lw	s0,8(sp)
20000a18:	0141                	addi	sp,sp,16
20000a1a:	8082                	ret

20000a1c <FLASH_ROM_BEG_FF>:
FLASH_ROM_BEG_FF():
20000a1c:	80040323          	sb	zero,-2042(s0)
20000a20:	4715                	li	a4,5
20000a22:	87a2                	mv	a5,s0
20000a24:	80e40323          	sb	a4,-2042(s0)
20000a28:	0001                	nop
20000a2a:	0001                	nop
20000a2c:	80a40223          	sb	a0,-2044(s0)
20000a30:	8067c703          	lbu	a4,-2042(a5)
20000a34:	0762                	slli	a4,a4,0x18
20000a36:	8761                	srai	a4,a4,0x18
20000a38:	fe074ce3          	bltz	a4,20000a30 <FLASH_ROM_BEG_FF+0x14>
20000a3c:	80a78223          	sb	a0,-2044(a5)
20000a40:	8722                	mv	a4,s0
20000a42:	80674783          	lbu	a5,-2042(a4)
20000a46:	07e2                	slli	a5,a5,0x18
20000a48:	87e1                	srai	a5,a5,0x18
20000a4a:	fe07cce3          	bltz	a5,20000a42 <FLASH_ROM_BEG_FF+0x26>
20000a4e:	8082                	ret

20000a50 <FLASH_ROM_BEG>:
FLASH_ROM_BEG():
20000a50:	80040323          	sb	zero,-2042(s0)
20000a54:	4715                	li	a4,5
20000a56:	80e40323          	sb	a4,-2042(s0)
20000a5a:	0001                	nop
20000a5c:	0001                	nop
20000a5e:	80a40223          	sb	a0,-2044(s0)
20000a62:	8082                	ret

20000a64 <FLASH_ROM_END>:
FLASH_ROM_END():
20000a64:	80640783          	lb	a5,-2042(s0)
20000a68:	fe07cee3          	bltz	a5,20000a64 <FLASH_ROM_END>
20000a6c:	80040323          	sb	zero,-2042(s0)
20000a70:	8082                	ret

20000a72 <FLASH_ROM_IN>:
FLASH_ROM_IN():
20000a72:	80640783          	lb	a5,-2042(s0)
20000a76:	fe07cee3          	bltz	a5,20000a72 <FLASH_ROM_IN>
20000a7a:	80444503          	lbu	a0,-2044(s0)
20000a7e:	8082                	ret

20000a80 <FLASH_ROM_OUT>:
FLASH_ROM_OUT():
20000a80:	80640783          	lb	a5,-2042(s0)
20000a84:	fe07cee3          	bltz	a5,20000a80 <FLASH_ROM_OUT>
20000a88:	80a40223          	sb	a0,-2044(s0)
20000a8c:	8082                	ret

20000a8e <FLASH_ROM_ADDR>:
FLASH_ROM_ADDR():
20000a8e:	1141                	addi	sp,sp,-16
20000a90:	c426                	sw	s1,8(sp)
20000a92:	c24a                	sw	s2,4(sp)
20000a94:	c04e                	sw	s3,0(sp)
20000a96:	c606                	sw	ra,12(sp)
20000a98:	0bf57713          	andi	a4,a0,191
20000a9c:	47ad                	li	a5,11
20000a9e:	89aa                	mv	s3,a0
20000aa0:	892e                	mv	s2,a1
20000aa2:	4495                	li	s1,5
20000aa4:	00f70663          	beq	a4,a5,20000ab0 <FLASH_ROM_ADDR+0x22>
20000aa8:	4519                	li	a0,6
20000aaa:	375d                	jal	20000a50 <FLASH_ROM_BEG>
20000aac:	3f65                	jal	20000a64 <FLASH_ROM_END>
20000aae:	448d                	li	s1,3
20000ab0:	854e                	mv	a0,s3
20000ab2:	3f79                	jal	20000a50 <FLASH_ROM_BEG>
20000ab4:	59fd                	li	s3,-1
20000ab6:	14fd                	addi	s1,s1,-1
20000ab8:	01349863          	bne	s1,s3,20000ac8 <FLASH_ROM_ADDR+0x3a>
20000abc:	40b2                	lw	ra,12(sp)
20000abe:	44a2                	lw	s1,8(sp)
20000ac0:	4912                	lw	s2,4(sp)
20000ac2:	4982                	lw	s3,0(sp)
20000ac4:	0141                	addi	sp,sp,16
20000ac6:	8082                	ret
20000ac8:	01095513          	srli	a0,s2,0x10
20000acc:	0ff57513          	zext.b	a0,a0
20000ad0:	3f45                	jal	20000a80 <FLASH_ROM_OUT>
20000ad2:	0922                	slli	s2,s2,0x8
20000ad4:	b7cd                	j	20000ab6 <FLASH_ROM_ADDR+0x28>

20000ad6 <FLASH_ROM_WAIT>:
FLASH_ROM_WAIT():
20000ad6:	1101                	addi	sp,sp,-32
20000ad8:	cc26                	sw	s1,24(sp)
20000ada:	ce06                	sw	ra,28(sp)
20000adc:	000804b7          	lui	s1,0x80
20000ae0:	3751                	jal	20000a64 <FLASH_ROM_END>
20000ae2:	4515                	li	a0,5
20000ae4:	37b5                	jal	20000a50 <FLASH_ROM_BEG>
20000ae6:	3771                	jal	20000a72 <FLASH_ROM_IN>
20000ae8:	3769                	jal	20000a72 <FLASH_ROM_IN>
20000aea:	c62a                	sw	a0,12(sp)
20000aec:	3fa5                	jal	20000a64 <FLASH_ROM_END>
20000aee:	4532                	lw	a0,12(sp)
20000af0:	00157793          	andi	a5,a0,1
20000af4:	eb89                	bnez	a5,20000b06 <FLASH_ROM_WAIT+0x30>
20000af6:	00156513          	ori	a0,a0,1
20000afa:	0ff57513          	zext.b	a0,a0
20000afe:	40f2                	lw	ra,28(sp)
20000b00:	44e2                	lw	s1,24(sp)
20000b02:	6105                	addi	sp,sp,32
20000b04:	8082                	ret
20000b06:	14fd                	addi	s1,s1,-1 # 7ffff <_data_lma+0x7d4b3>
20000b08:	fce9                	bnez	s1,20000ae2 <FLASH_ROM_WAIT+0xc>
20000b0a:	4501                	li	a0,0
20000b0c:	bfcd                	j	20000afe <FLASH_ROM_WAIT+0x28>

20000b0e <FLASH_START>:
FLASH_START():
20000b0e:	1141                	addi	sp,sp,-16
20000b10:	c606                	sw	ra,12(sp)
20000b12:	400017b7          	lui	a5,0x40001
20000b16:	05700713          	li	a4,87
20000b1a:	04e78023          	sb	a4,64(a5) # 40001040 <_eusrstack+0x1fffe040>
20000b1e:	fa800713          	li	a4,-88
20000b22:	04e78023          	sb	a4,64(a5)
20000b26:	0447c703          	lbu	a4,68(a5)
20000b2a:	0ff00513          	li	a0,255
20000b2e:	0e076713          	ori	a4,a4,224
20000b32:	04e78223          	sb	a4,68(a5)
20000b36:	4791                	li	a5,4
20000b38:	80f40323          	sb	a5,-2042(s0)
20000b3c:	35c5                	jal	20000a1c <FLASH_ROM_BEG_FF>
20000b3e:	40b2                	lw	ra,12(sp)
20000b40:	0141                	addi	sp,sp,16
20000b42:	b70d                	j	20000a64 <FLASH_ROM_END>

20000b44 <FLASH_CMD_ROM_WRITE>:
FLASH_CMD_ROM_WRITE():
20000b44:	1101                	addi	sp,sp,-32
20000b46:	cc26                	sw	s1,24(sp)
20000b48:	ca4a                	sw	s2,20(sp)
20000b4a:	c84e                	sw	s3,16(sp)
20000b4c:	c652                	sw	s4,12(sp)
20000b4e:	ce06                	sw	ra,28(sp)
20000b50:	892a                	mv	s2,a0
20000b52:	89ae                	mv	s3,a1
20000b54:	84b2                	mv	s1,a2
20000b56:	4a55                	li	s4,21
20000b58:	3f5d                	jal	20000b0e <FLASH_START>
20000b5a:	e891                	bnez	s1,20000b6e <FLASH_CMD_ROM_WRITE+0x2a>
20000b5c:	3721                	jal	20000a64 <FLASH_ROM_END>
20000b5e:	40f2                	lw	ra,28(sp)
20000b60:	8526                	mv	a0,s1
20000b62:	4952                	lw	s2,20(sp)
20000b64:	44e2                	lw	s1,24(sp)
20000b66:	49c2                	lw	s3,16(sp)
20000b68:	4a32                	lw	s4,12(sp)
20000b6a:	6105                	addi	sp,sp,32
20000b6c:	8082                	ret
20000b6e:	85ca                	mv	a1,s2
20000b70:	4509                	li	a0,2
20000b72:	3f31                	jal	20000a8e <FLASH_ROM_ADDR>
20000b74:	0991                	addi	s3,s3,4
20000b76:	ffc9a703          	lw	a4,-4(s3)
20000b7a:	4791                	li	a5,4
20000b7c:	80e42023          	sw	a4,-2048(s0)

20000b80 <.loop247>:
20000b80:	80640703          	lb	a4,-2042(s0)
20000b84:	fe074ee3          	bltz	a4,20000b80 <.loop247>
20000b88:	81440323          	sb	s4,-2042(s0)
20000b8c:	17fd                	addi	a5,a5,-1
20000b8e:	fbed                	bnez	a5,20000b80 <.loop247>
20000b90:	14fd                	addi	s1,s1,-1
20000b92:	0911                	addi	s2,s2,4
20000b94:	c481                	beqz	s1,20000b9c <.loop247+0x1c>
20000b96:	0ff97793          	zext.b	a5,s2
20000b9a:	ffe9                	bnez	a5,20000b74 <FLASH_CMD_ROM_WRITE+0x30>
20000b9c:	3f2d                	jal	20000ad6 <FLASH_ROM_WAIT>
20000b9e:	fd55                	bnez	a0,20000b5a <FLASH_CMD_ROM_WRITE+0x16>
20000ba0:	54fd                	li	s1,-1
20000ba2:	bf75                	j	20000b5e <FLASH_CMD_ROM_WRITE+0x1a>

20000ba4 <FLASH_CMD_ROM_ERASE>:
FLASH_CMD_ROM_ERASE():
20000ba4:	1101                	addi	sp,sp,-32
20000ba6:	cc26                	sw	s1,24(sp)
20000ba8:	ca4a                	sw	s2,20(sp)
20000baa:	c84e                	sw	s3,16(sp)
20000bac:	c652                	sw	s4,12(sp)
20000bae:	c456                	sw	s5,8(sp)
20000bb0:	c25a                	sw	s6,4(sp)
20000bb2:	ce06                	sw	ra,28(sp)
20000bb4:	892a                	mv	s2,a0
20000bb6:	8a32                	mv	s4,a2
20000bb8:	498d                	li	s3,3
20000bba:	3f91                	jal	20000b0e <FLASH_START>
20000bbc:	64c1                	lui	s1,0x10
20000bbe:	6ac1                	lui	s5,0x10
20000bc0:	6b05                	lui	s6,0x1
20000bc2:	fff48793          	addi	a5,s1,-1 # ffff <_data_lma+0xd4b3>
20000bc6:	0127f7b3          	and	a5,a5,s2
20000bca:	e399                	bnez	a5,20000bd0 <FLASH_CMD_ROM_ERASE+0x2c>
20000bcc:	029a7163          	bgeu	s4,s1,20000bee <FLASH_CMD_ROM_ERASE+0x4a>
20000bd0:	19fd                	addi	s3,s3,-1
20000bd2:	8091                	srli	s1,s1,0x4
20000bd4:	fe0997e3          	bnez	s3,20000bc2 <FLASH_CMD_ROM_ERASE+0x1e>
20000bd8:	3571                	jal	20000a64 <FLASH_ROM_END>
20000bda:	4501                	li	a0,0
20000bdc:	40f2                	lw	ra,28(sp)
20000bde:	44e2                	lw	s1,24(sp)
20000be0:	4952                	lw	s2,20(sp)
20000be2:	49c2                	lw	s3,16(sp)
20000be4:	4a32                	lw	s4,12(sp)
20000be6:	4aa2                	lw	s5,8(sp)
20000be8:	4b12                	lw	s6,4(sp)
20000bea:	6105                	addi	sp,sp,32
20000bec:	8082                	ret
20000bee:	0d800513          	li	a0,216
20000bf2:	01548863          	beq	s1,s5,20000c02 <FLASH_CMD_ROM_ERASE+0x5e>
20000bf6:	02000513          	li	a0,32
20000bfa:	01648463          	beq	s1,s6,20000c02 <FLASH_CMD_ROM_ERASE+0x5e>
20000bfe:	08100513          	li	a0,129
20000c02:	85ca                	mv	a1,s2
20000c04:	3569                	jal	20000a8e <FLASH_ROM_ADDR>
20000c06:	3dc1                	jal	20000ad6 <FLASH_ROM_WAIT>
20000c08:	c509                	beqz	a0,20000c12 <FLASH_CMD_ROM_ERASE+0x6e>
20000c0a:	9926                	add	s2,s2,s1
20000c0c:	409a0a33          	sub	s4,s4,s1
20000c10:	bf75                	j	20000bcc <FLASH_CMD_ROM_ERASE+0x28>
20000c12:	557d                	li	a0,-1
20000c14:	b7e1                	j	20000bdc <FLASH_CMD_ROM_ERASE+0x38>

20000c16 <FLASH_CMD_ROM_VERIFY>:
FLASH_CMD_ROM_VERIFY():
20000c16:	1101                	addi	sp,sp,-32
20000c18:	ce06                	sw	ra,28(sp)
20000c1a:	cc26                	sw	s1,24(sp)
20000c1c:	ca4a                	sw	s2,20(sp)
20000c1e:	84b2                	mv	s1,a2
20000c20:	c84e                	sw	s3,16(sp)
20000c22:	c62a                	sw	a0,12(sp)
20000c24:	892e                	mv	s2,a1
20000c26:	35e5                	jal	20000b0e <FLASH_START>
20000c28:	4532                	lw	a0,12(sp)
20000c2a:	14fd                	addi	s1,s1,-1
20000c2c:	59fd                	li	s3,-1
20000c2e:	85aa                	mv	a1,a0
20000c30:	452d                	li	a0,11
20000c32:	3db1                	jal	20000a8e <FLASH_ROM_ADDR>
20000c34:	01349a63          	bne	s1,s3,20000c48 <FLASH_CMD_ROM_VERIFY+0x32>
20000c38:	3535                	jal	20000a64 <FLASH_ROM_END>
20000c3a:	40f2                	lw	ra,28(sp)
20000c3c:	8526                	mv	a0,s1
20000c3e:	4952                	lw	s2,20(sp)
20000c40:	44e2                	lw	s1,24(sp)
20000c42:	49c2                	lw	s3,16(sp)
20000c44:	6105                	addi	sp,sp,32
20000c46:	8082                	ret
20000c48:	352d                	jal	20000a72 <FLASH_ROM_IN>
20000c4a:	0034f793          	andi	a5,s1,3
20000c4e:	eb91                	bnez	a5,20000c62 <FLASH_CMD_ROM_VERIFY+0x4c>
20000c50:	80042683          	lw	a3,-2048(s0)
20000c54:	00092703          	lw	a4,0(s2)
20000c58:	00490793          	addi	a5,s2,4
20000c5c:	fce69ee3          	bne	a3,a4,20000c38 <FLASH_CMD_ROM_VERIFY+0x22>
20000c60:	893e                	mv	s2,a5
20000c62:	14fd                	addi	s1,s1,-1
20000c64:	bfc1                	j	20000c34 <FLASH_CMD_ROM_VERIFY+0x1e>

20000c66 <FLASH_CMD_ROM_PWR>:
FLASH_CMD_ROM_PWR():
20000c66:	1101                	addi	sp,sp,-32
20000c68:	ce06                	sw	ra,28(sp)
20000c6a:	c62a                	sw	a0,12(sp)
20000c6c:	354d                	jal	20000b0e <FLASH_START>
20000c6e:	4532                	lw	a0,12(sp)
20000c70:	33c5                	jal	20000a50 <FLASH_ROM_BEG>
20000c72:	40f2                	lw	ra,28(sp)
20000c74:	6105                	addi	sp,sp,32
20000c76:	b3fd                	j	20000a64 <FLASH_ROM_END>

20000c78 <FLASH_CMD_GET_ROM_INFO>:
FLASH_CMD_GET_ROM_INFO():
20000c78:	1101                	addi	sp,sp,-32
20000c7a:	ce06                	sw	ra,28(sp)
20000c7c:	cc26                	sw	s1,24(sp)
20000c7e:	ca4a                	sw	s2,20(sp)
20000c80:	c84e                	sw	s3,16(sp)
20000c82:	c652                	sw	s4,12(sp)
20000c84:	89aa                	mv	s3,a0
20000c86:	c456                	sw	s5,8(sp)
20000c88:	892e                	mv	s2,a1
20000c8a:	3551                	jal	20000b0e <FLASH_START>
20000c8c:	85ce                	mv	a1,s3
20000c8e:	452d                	li	a0,11
20000c90:	3bfd                	jal	20000a8e <FLASH_ROM_ADDR>
20000c92:	4481                	li	s1,0
20000c94:	4a8d                	li	s5,3
20000c96:	4a21                	li	s4,8
20000c98:	3be9                	jal	20000a72 <FLASH_ROM_IN>
20000c9a:	01549663          	bne	s1,s5,20000ca6 <FLASH_CMD_GET_ROM_INFO+0x2e>
20000c9e:	80042783          	lw	a5,-2048(s0)
20000ca2:	00f92023          	sw	a5,0(s2)
20000ca6:	0485                	addi	s1,s1,1
20000ca8:	ff4498e3          	bne	s1,s4,20000c98 <FLASH_CMD_GET_ROM_INFO+0x20>
20000cac:	80042783          	lw	a5,-2048(s0)
20000cb0:	01299713          	slli	a4,s3,0x12
20000cb4:	00075c63          	bgez	a4,20000ccc <FLASH_CMD_GET_ROM_INFO+0x54>
20000cb8:	00f91223          	sh	a5,4(s2)
20000cbc:	40f2                	lw	ra,28(sp)
20000cbe:	44e2                	lw	s1,24(sp)
20000cc0:	4952                	lw	s2,20(sp)
20000cc2:	49c2                	lw	s3,16(sp)
20000cc4:	4a32                	lw	s4,12(sp)
20000cc6:	4aa2                	lw	s5,8(sp)
20000cc8:	6105                	addi	sp,sp,32
20000cca:	bb69                	j	20000a64 <FLASH_ROM_END>
20000ccc:	00f92223          	sw	a5,4(s2)
20000cd0:	b7f5                	j	20000cbc <FLASH_CMD_GET_ROM_INFO+0x44>

20000cd2 <FLASH_CMD_GET_UNIQUE_ID>:
FLASH_CMD_GET_UNIQUE_ID():
20000cd2:	1141                	addi	sp,sp,-16
20000cd4:	c606                	sw	ra,12(sp)
20000cd6:	c426                	sw	s1,8(sp)
20000cd8:	c24a                	sw	s2,4(sp)
20000cda:	c04e                	sw	s3,0(sp)
20000cdc:	89ae                	mv	s3,a1
20000cde:	3d05                	jal	20000b0e <FLASH_START>
20000ce0:	4581                	li	a1,0
20000ce2:	04b00513          	li	a0,75
20000ce6:	3365                	jal	20000a8e <FLASH_ROM_ADDR>
20000ce8:	44bd                	li	s1,15
20000cea:	597d                	li	s2,-1
20000cec:	3359                	jal	20000a72 <FLASH_ROM_IN>
20000cee:	0074f793          	andi	a5,s1,7
20000cf2:	97ce                	add	a5,a5,s3
20000cf4:	0007c703          	lbu	a4,0(a5)
20000cf8:	14fd                	addi	s1,s1,-1
20000cfa:	8d39                	xor	a0,a0,a4
20000cfc:	00a78023          	sb	a0,0(a5)
20000d00:	ff2496e3          	bne	s1,s2,20000cec <FLASH_CMD_GET_UNIQUE_ID+0x1a>
20000d04:	40b2                	lw	ra,12(sp)
20000d06:	44a2                	lw	s1,8(sp)
20000d08:	4912                	lw	s2,4(sp)
20000d0a:	4982                	lw	s3,0(sp)
20000d0c:	0141                	addi	sp,sp,16
20000d0e:	bb99                	j	20000a64 <FLASH_ROM_END>

20000d10 <FLASH_CMD_ROM_SW_RESET>:
FLASH_CMD_ROM_SW_RESET():
20000d10:	1141                	addi	sp,sp,-16
20000d12:	c606                	sw	ra,12(sp)
20000d14:	3bed                	jal	20000b0e <FLASH_START>
20000d16:	06600513          	li	a0,102
20000d1a:	3b1d                	jal	20000a50 <FLASH_ROM_BEG>
20000d1c:	33a1                	jal	20000a64 <FLASH_ROM_END>
20000d1e:	09900513          	li	a0,153
20000d22:	333d                	jal	20000a50 <FLASH_ROM_BEG>
20000d24:	40b2                	lw	ra,12(sp)
20000d26:	0141                	addi	sp,sp,16
20000d28:	bb35                	j	20000a64 <FLASH_ROM_END>
	...

Disassembly of section .text:

00000d30 <handle_reset>:
handle_reset():
c:\Users\seanw\mounriver-studio-projects\EC-reset\obj/../Startup/startup_CH572.S:119
	.weak	handle_reset
	.align	1
handle_reset:
.option push 
.option	norelax 
	la gp, __global_pointer$
     d30:	20001197          	auipc	gp,0x20001
     d34:	86818193          	addi	gp,gp,-1944 # 20001598 <__global_pointer$>
c:\Users\seanw\mounriver-studio-projects\EC-reset\obj/../Startup/startup_CH572.S:121
1:
	la sp, _eusrstack 
     d38:	20002117          	auipc	sp,0x20002
     d3c:	2c810113          	addi	sp,sp,712 # 20003000 <_eusrstack>
c:\Users\seanw\mounriver-studio-projects\EC-reset\obj/../Startup/startup_CH572.S:126
.option	pop

/* Load highcode code  section from flash to RAM */
2:
    la a0, _highcode_lma
     d40:	00400513          	li	a0,4
c:\Users\seanw\mounriver-studio-projects\EC-reset\obj/../Startup/startup_CH572.S:127
    la a1, _highcode_vma_start
     d44:	1ffff597          	auipc	a1,0x1ffff
     d48:	2bc58593          	addi	a1,a1,700 # 20000000 <_highcode_vma_start>
c:\Users\seanw\mounriver-studio-projects\EC-reset\obj/../Startup/startup_CH572.S:128
    la a2, _highcode_vma_end
     d4c:	20000617          	auipc	a2,0x20000
     d50:	fe060613          	addi	a2,a2,-32 # 20000d2c <packet_hdr>
c:\Users\seanw\mounriver-studio-projects\EC-reset\obj/../Startup/startup_CH572.S:129
    bgeu a1, a2, 2f
     d54:	00c5fa63          	bgeu	a1,a2,d68 <handle_reset+0x38>
c:\Users\seanw\mounriver-studio-projects\EC-reset\obj/../Startup/startup_CH572.S:131
1:
    lw t0, (a0)
     d58:	00052283          	lw	t0,0(a0)
c:\Users\seanw\mounriver-studio-projects\EC-reset\obj/../Startup/startup_CH572.S:132
    sw t0, (a1)
     d5c:	0055a023          	sw	t0,0(a1)
c:\Users\seanw\mounriver-studio-projects\EC-reset\obj/../Startup/startup_CH572.S:133
    addi a0, a0, 4
     d60:	0511                	addi	a0,a0,4
c:\Users\seanw\mounriver-studio-projects\EC-reset\obj/../Startup/startup_CH572.S:134
    addi a1, a1, 4
     d62:	0591                	addi	a1,a1,4
c:\Users\seanw\mounriver-studio-projects\EC-reset\obj/../Startup/startup_CH572.S:135
    bltu a1, a2, 1b
     d64:	fec5eae3          	bltu	a1,a2,d58 <handle_reset+0x28>
c:\Users\seanw\mounriver-studio-projects\EC-reset\obj/../Startup/startup_CH572.S:139

/* Load data section from flash to RAM */
2:
	la a0, _data_lma
     d68:	00002517          	auipc	a0,0x2
     d6c:	de450513          	addi	a0,a0,-540 # 2b4c <_data_lma>
c:\Users\seanw\mounriver-studio-projects\EC-reset\obj/../Startup/startup_CH572.S:140
	la a1, _data_vma
     d70:	20000597          	auipc	a1,0x20000
     d74:	fbc58593          	addi	a1,a1,-68 # 20000d2c <packet_hdr>
c:\Users\seanw\mounriver-studio-projects\EC-reset\obj/../Startup/startup_CH572.S:141
	la a2, _edata
     d78:	80c18613          	addi	a2,gp,-2036 # 20000da4 <slave_cb>
c:\Users\seanw\mounriver-studio-projects\EC-reset\obj/../Startup/startup_CH572.S:142
	bgeu a1, a2, 2f
     d7c:	00c5fa63          	bgeu	a1,a2,d90 <handle_reset+0x60>
c:\Users\seanw\mounriver-studio-projects\EC-reset\obj/../Startup/startup_CH572.S:144
1:
	lw t0, (a0)
     d80:	00052283          	lw	t0,0(a0)
c:\Users\seanw\mounriver-studio-projects\EC-reset\obj/../Startup/startup_CH572.S:145
	sw t0, (a1)
     d84:	0055a023          	sw	t0,0(a1)
c:\Users\seanw\mounriver-studio-projects\EC-reset\obj/../Startup/startup_CH572.S:146
	addi a0, a0, 4
     d88:	0511                	addi	a0,a0,4
c:\Users\seanw\mounriver-studio-projects\EC-reset\obj/../Startup/startup_CH572.S:147
	addi a1, a1, 4
     d8a:	0591                	addi	a1,a1,4
c:\Users\seanw\mounriver-studio-projects\EC-reset\obj/../Startup/startup_CH572.S:148
	bltu a1, a2, 1b
     d8c:	fec5eae3          	bltu	a1,a2,d80 <handle_reset+0x50>
c:\Users\seanw\mounriver-studio-projects\EC-reset\obj/../Startup/startup_CH572.S:151
2:
	/* clear bss section */
	la a0, _sbss
     d90:	80c18513          	addi	a0,gp,-2036 # 20000da4 <slave_cb>
c:\Users\seanw\mounriver-studio-projects\EC-reset\obj/../Startup/startup_CH572.S:152
	la a1, _ebss
     d94:	a3018593          	addi	a1,gp,-1488 # 20000fc8 <_ebss>
c:\Users\seanw\mounriver-studio-projects\EC-reset\obj/../Startup/startup_CH572.S:153
	bgeu a0, a1, 2f
     d98:	00b57763          	bgeu	a0,a1,da6 <handle_reset+0x76>
c:\Users\seanw\mounriver-studio-projects\EC-reset\obj/../Startup/startup_CH572.S:155
1:
	sw zero, (a0)
     d9c:	00052023          	sw	zero,0(a0)
c:\Users\seanw\mounriver-studio-projects\EC-reset\obj/../Startup/startup_CH572.S:156
	addi a0, a0, 4
     da0:	0511                	addi	a0,a0,4
c:\Users\seanw\mounriver-studio-projects\EC-reset\obj/../Startup/startup_CH572.S:157
	bltu a0, a1, 1b
     da2:	feb56de3          	bltu	a0,a1,d9c <handle_reset+0x6c>
c:\Users\seanw\mounriver-studio-projects\EC-reset\obj/../Startup/startup_CH572.S:161
2:
	/* 用户模式中断使能 */
	/*预取使能*/
	li t0, 0x25
     da6:	02500293          	li	t0,37
c:\Users\seanw\mounriver-studio-projects\EC-reset\obj/../Startup/startup_CH572.S:162
	csrw 0xbc0, t0
     daa:	bc029073          	csrw	0xbc0,t0
c:\Users\seanw\mounriver-studio-projects\EC-reset\obj/../Startup/startup_CH572.S:164
	/* 打开嵌套中断、硬件压栈功能 */
	li t0, 0x3
     dae:	428d                	li	t0,3
c:\Users\seanw\mounriver-studio-projects\EC-reset\obj/../Startup/startup_CH572.S:165
	csrw 0x804, t0
     db0:	80429073          	csrw	0x804,t0
c:\Users\seanw\mounriver-studio-projects\EC-reset\obj/../Startup/startup_CH572.S:166
	li t0, 0x1
     db4:	4285                	li	t0,1
c:\Users\seanw\mounriver-studio-projects\EC-reset\obj/../Startup/startup_CH572.S:167
	csrw 0xbc1, t0
     db6:	bc129073          	csrw	0xbc1,t0
c:\Users\seanw\mounriver-studio-projects\EC-reset\obj/../Startup/startup_CH572.S:169
	
    li t0, 0x88
     dba:	08800293          	li	t0,136
c:\Users\seanw\mounriver-studio-projects\EC-reset\obj/../Startup/startup_CH572.S:170
    csrw mstatus, t0
     dbe:	30029073          	csrw	mstatus,t0
c:\Users\seanw\mounriver-studio-projects\EC-reset\obj/../Startup/startup_CH572.S:171
	la t0, _vector_base
     dc2:	1ffff297          	auipc	t0,0x1ffff
     dc6:	23e28293          	addi	t0,t0,574 # 20000000 <_highcode_vma_start>
c:\Users\seanw\mounriver-studio-projects\EC-reset\obj/../Startup/startup_CH572.S:174

	/* 配置向量表模式为绝对地址模式 */
    ori t0, t0, 3
     dca:	0032e293          	ori	t0,t0,3
c:\Users\seanw\mounriver-studio-projects\EC-reset\obj/../Startup/startup_CH572.S:175
	csrw mtvec, t0
     dce:	30529073          	csrw	mtvec,t0
c:\Users\seanw\mounriver-studio-projects\EC-reset\obj/../Startup/startup_CH572.S:177

	la t0, main
     dd2:	00000297          	auipc	t0,0x0
     dd6:	31828293          	addi	t0,t0,792 # 10ea <main>
c:\Users\seanw\mounriver-studio-projects\EC-reset\obj/../Startup/startup_CH572.S:178
	csrw mepc, t0
     dda:	34129073          	csrw	mepc,t0
c:\Users\seanw\mounriver-studio-projects\EC-reset\obj/../Startup/startup_CH572.S:180
	
	mret
     dde:	30200073          	mret

00000de2 <memcpy>:
memcpy():
     de2:	832a                	mv	t1,a0
     de4:	ca09                	beqz	a2,df6 <memcpy+0x14>
     de6:	00058383          	lb	t2,0(a1)
     dea:	00730023          	sb	t2,0(t1)
     dee:	167d                	addi	a2,a2,-1
     df0:	0305                	addi	t1,t1,1
     df2:	0585                	addi	a1,a1,1
     df4:	fa6d                	bnez	a2,de6 <memcpy+0x4>
     df6:	8082                	ret

00000df8 <memset>:
memset():
     df8:	832a                	mv	t1,a0
     dfa:	c611                	beqz	a2,e06 <memset+0xe>
     dfc:	00b30023          	sb	a1,0(t1)
     e00:	167d                	addi	a2,a2,-1
     e02:	0305                	addi	t1,t1,1
     e04:	fe65                	bnez	a2,dfc <memset+0x4>
     e06:	8082                	ret

00000e08 <i2c_app_init>:
i2c_app_init():
c:\Users\seanw\mounriver-studio-projects\EC-reset\obj/../src/I2C/app_i2c.c:51
    i2c_state = I2C_READY;
     e08:	80018d23          	sb	zero,-2022(gp) # 20000db2 <i2c_state>
c:\Users\seanw\mounriver-studio-projects\EC-reset\obj/../src/I2C/app_i2c.c:50
{
     e0c:	1101                	addi	sp,sp,-32
c:\Users\seanw\mounriver-studio-projects\EC-reset\obj/../src/I2C/app_i2c.c:52
    i2c_send_stop = true;
     e0e:	4705                	li	a4,1
     e10:	80e18c23          	sb	a4,-2024(gp) # 20000db0 <i2c_send_stop>
c:\Users\seanw\mounriver-studio-projects\EC-reset\obj/../src/I2C/app_i2c.c:50
{
     e14:	c62a                	sw	a0,12(sp)
c:\Users\seanw\mounriver-studio-projects\EC-reset\obj/../src/I2C/app_i2c.c:55
    GPIOA_ModeCfg(GPIO_Pin_8 | GPIO_Pin_9, GPIO_ModeIN_PU);
     e16:	4585                	li	a1,1
     e18:	30000513          	li	a0,768
c:\Users\seanw\mounriver-studio-projects\EC-reset\obj/../src/I2C/app_i2c.c:50
{
     e1c:	ce06                	sw	ra,28(sp)
c:\Users\seanw\mounriver-studio-projects\EC-reset\obj/../src/I2C/app_i2c.c:53
    i2c_in_repstart = false;
     e1e:	80018ba3          	sb	zero,-2025(gp) # 20000daf <i2c_in_repstart>
c:\Users\seanw\mounriver-studio-projects\EC-reset\obj/../src/I2C/app_i2c.c:55
    GPIOA_ModeCfg(GPIO_Pin_8 | GPIO_Pin_9, GPIO_ModeIN_PU);
     e22:	2379                	jal	13b0 <GPIOA_ModeCfg>
c:\Users\seanw\mounriver-studio-projects\EC-reset\obj/../src/I2C/app_i2c.c:57
    I2C_Init(I2C_Mode_I2C, 400000, I2C_DutyCycle_16_9, I2C_Ack_Enable,
     e24:	47b2                	lw	a5,12(sp)
     e26:	000625b7          	lui	a1,0x62
     e2a:	6711                	lui	a4,0x4
     e2c:	40000693          	li	a3,1024
     e30:	6611                	lui	a2,0x4
     e32:	a8058593          	addi	a1,a1,-1408 # 61a80 <_data_lma+0x5ef34>
     e36:	4501                	li	a0,0
     e38:	6ba000ef          	jal	ra,14f2 <I2C_Init>
c:\Users\seanw\mounriver-studio-projects\EC-reset\obj/../src/I2C/app_i2c.c:60
    I2C_ITConfig(I2C_IT_BUF, ENABLE);
     e3c:	4585                	li	a1,1
     e3e:	40000513          	li	a0,1024
     e42:	2d99                	jal	1498 <I2C_ITConfig>
c:\Users\seanw\mounriver-studio-projects\EC-reset\obj/../src/I2C/app_i2c.c:61
    I2C_ITConfig(I2C_IT_EVT, ENABLE);
     e44:	4585                	li	a1,1
     e46:	20000513          	li	a0,512
     e4a:	25b9                	jal	1498 <I2C_ITConfig>
c:\Users\seanw\mounriver-studio-projects\EC-reset\obj/../src/I2C/app_i2c.c:62
    I2C_ITConfig(I2C_IT_ERR, ENABLE);
     e4c:	4585                	li	a1,1
     e4e:	10000513          	li	a0,256
     e52:	2599                	jal	1498 <I2C_ITConfig>
c:\Users\seanw\mounriver-studio-projects\EC-reset\obj/../src/I2C/app_i2c.c:65
}
     e54:	40f2                	lw	ra,28(sp)
PFIC_EnableIRQ():
c:/Users/seanw/mounriver-studio-projects/EC-reset/RVMSIS/core_riscv.h:173
    PFIC->IENR[((uint32_t)(IRQn) >> 5)] = (1 << ((uint32_t)(IRQn) & 0x1F));
     e56:	e000e7b7          	lui	a5,0xe000e
     e5a:	40000737          	lui	a4,0x40000
     e5e:	10e7a023          	sw	a4,256(a5) # e000e100 <_eusrstack+0xc000b100>
i2c_app_init():
c:\Users\seanw\mounriver-studio-projects\EC-reset\obj/../src/I2C/app_i2c.c:65
     e62:	6105                	addi	sp,sp,32
     e64:	8082                	ret

00000e66 <i2c_write_to>:
i2c_write_to():
c:\Users\seanw\mounriver-studio-projects\EC-reset\obj/../src/I2C/app_i2c.c:74
{
     e66:	1101                	addi	sp,sp,-32
     e68:	ca26                	sw	s1,20(sp)
     e6a:	ce06                	sw	ra,28(sp)
     e6c:	84b6                	mv	s1,a3
     e6e:	cc22                	sw	s0,24(sp)
     e70:	c84a                	sw	s2,16(sp)
     e72:	c64e                	sw	s3,12(sp)
c:\Users\seanw\mounriver-studio-projects\EC-reset\obj/../src/I2C/app_i2c.c:75
    if (length > I2C_BUFFER_LENGTH) {
     e74:	02000693          	li	a3,32
     e78:	0ac6e963          	bltu	a3,a2,f2a <i2c_write_to+0xc4>
c:\Users\seanw\mounriver-studio-projects\EC-reset\obj/../src/I2C/app_i2c.c:79
    if (i2c_state != I2C_READY) {
     e7c:	81a1c683          	lbu	a3,-2022(gp) # 20000db2 <i2c_state>
     e80:	842a                	mv	s0,a0
     e82:	81a18913          	addi	s2,gp,-2022 # 20000db2 <i2c_state>
c:\Users\seanw\mounriver-studio-projects\EC-reset\obj/../src/I2C/app_i2c.c:80
        return -I2C_STATE;
     e86:	5579                	li	a0,-2
c:\Users\seanw\mounriver-studio-projects\EC-reset\obj/../src/I2C/app_i2c.c:79
    if (i2c_state != I2C_READY) {
     e88:	e299                	bnez	a3,e8e <i2c_write_to+0x28>
c:\Users\seanw\mounriver-studio-projects\EC-reset\obj/../src/I2C/app_i2c.c:83
    if (!length) {
     e8a:	ea09                	bnez	a2,e9c <i2c_write_to+0x36>
c:\Users\seanw\mounriver-studio-projects\EC-reset\obj/../src/I2C/app_i2c.c:84
        return 0;
     e8c:	4501                	li	a0,0
c:\Users\seanw\mounriver-studio-projects\EC-reset\obj/../src/I2C/app_i2c.c:131
}
     e8e:	40f2                	lw	ra,28(sp)
     e90:	4462                	lw	s0,24(sp)
     e92:	44d2                	lw	s1,20(sp)
     e94:	4942                	lw	s2,16(sp)
     e96:	49b2                	lw	s3,12(sp)
     e98:	6105                	addi	sp,sp,32
     e9a:	8082                	ret
c:\Users\seanw\mounriver-studio-projects\EC-reset\obj/../src/I2C/app_i2c.c:87
    i2c_state = I2C_MTX;
     e9c:	4689                	li	a3,2
     e9e:	00d90023          	sb	a3,0(s2)
c:\Users\seanw\mounriver-studio-projects\EC-reset\obj/../src/I2C/app_i2c.c:88
    i2c_send_stop = send_stop;
     ea2:	80e18c23          	sb	a4,-2024(gp) # 20000db0 <i2c_send_stop>
c:\Users\seanw\mounriver-studio-projects\EC-reset\obj/../src/I2C/app_i2c.c:90
    i2c_error = 0;
     ea6:	80018823          	sb	zero,-2032(gp) # 20000da8 <i2c_error>
c:\Users\seanw\mounriver-studio-projects\EC-reset\obj/../src/I2C/app_i2c.c:96
    memcpy(i2c_master_buffer, data, length);
     eaa:	88418513          	addi	a0,gp,-1916 # 20000e1c <i2c_master_buffer>
c:\Users\seanw\mounriver-studio-projects\EC-reset\obj/../src/I2C/app_i2c.c:94
    i2c_master_buffer_length = length;
     eae:	80c18aa3          	sb	a2,-2027(gp) # 20000dad <i2c_master_buffer_length>
c:\Users\seanw\mounriver-studio-projects\EC-reset\obj/../src/I2C/app_i2c.c:93
    i2c_master_buffer_index = 0;
     eb2:	80018b23          	sb	zero,-2026(gp) # 20000dae <i2c_master_buffer_index>
c:\Users\seanw\mounriver-studio-projects\EC-reset\obj/../src/I2C/app_i2c.c:96
    memcpy(i2c_master_buffer, data, length);
     eb6:	3735                	jal	de2 <memcpy>
c:\Users\seanw\mounriver-studio-projects\EC-reset\obj/../src/I2C/app_i2c.c:98
    i2c_slave_addr_rw = I2C_WRITE;
     eb8:	80018ca3          	sb	zero,-2023(gp) # 20000db1 <i2c_slave_addr_rw>
c:\Users\seanw\mounriver-studio-projects\EC-reset\obj/../src/I2C/app_i2c.c:99
    i2c_slave_addr_rw |= addr_7bit << 1;
     ebc:	8191c783          	lbu	a5,-2023(gp) # 20000db1 <i2c_slave_addr_rw>
     ec0:	0406                	slli	s0,s0,0x1
     ec2:	8fc1                	or	a5,a5,s0
c:\Users\seanw\mounriver-studio-projects\EC-reset\obj/../src/I2C/app_i2c.c:101
    I2C_GenerateSTOP(DISABLE);
     ec4:	4501                	li	a0,0
c:\Users\seanw\mounriver-studio-projects\EC-reset\obj/../src/I2C/app_i2c.c:99
    i2c_slave_addr_rw |= addr_7bit << 1;
     ec6:	80f18ca3          	sb	a5,-2023(gp) # 20000db1 <i2c_slave_addr_rw>
c:\Users\seanw\mounriver-studio-projects\EC-reset\obj/../src/I2C/app_i2c.c:101
    I2C_GenerateSTOP(DISABLE);
     eca:	2369                	jal	1454 <I2C_GenerateSTOP>
c:\Users\seanw\mounriver-studio-projects\EC-reset\obj/../src/I2C/app_i2c.c:103
    if (i2c_in_repstart == true) {
     ecc:	8171c703          	lbu	a4,-2025(gp) # 20000daf <i2c_in_repstart>
     ed0:	4785                	li	a5,1
c:\Users\seanw\mounriver-studio-projects\EC-reset\obj/../src/I2C/app_i2c.c:99
    i2c_slave_addr_rw |= addr_7bit << 1;
     ed2:	81918993          	addi	s3,gp,-2023 # 20000db1 <i2c_slave_addr_rw>
c:\Users\seanw\mounriver-studio-projects\EC-reset\obj/../src/I2C/app_i2c.c:103
    if (i2c_in_repstart == true) {
     ed6:	04f71763          	bne	a4,a5,f24 <i2c_write_to+0xbe>
c:\Users\seanw\mounriver-studio-projects\EC-reset\obj/../src/I2C/app_i2c.c:104
        i2c_in_repstart = false;
     eda:	80018ba3          	sb	zero,-2025(gp) # 20000daf <i2c_in_repstart>
c:\Users\seanw\mounriver-studio-projects\EC-reset\obj/../src/I2C/app_i2c.c:108
        } while(R16_I2C_STAR1 & RB_I2C_BTF);
     ede:	40005437          	lui	s0,0x40005
c:\Users\seanw\mounriver-studio-projects\EC-reset\obj/../src/I2C/app_i2c.c:107 (discriminator 1)
            I2C_SendData(i2c_slave_addr_rw);
     ee2:	0009c503          	lbu	a0,0(s3)
     ee6:	2be9                	jal	14c0 <I2C_SendData>
c:\Users\seanw\mounriver-studio-projects\EC-reset\obj/../src/I2C/app_i2c.c:108 (discriminator 1)
        } while(R16_I2C_STAR1 & RB_I2C_BTF);
     ee8:	81445783          	lhu	a5,-2028(s0) # 40004814 <_eusrstack+0x20001814>
     eec:	8b91                	andi	a5,a5,4
     eee:	fbf5                	bnez	a5,ee2 <i2c_write_to+0x7c>
c:\Users\seanw\mounriver-studio-projects\EC-reset\obj/../src/I2C/app_i2c.c:111
        I2C_ITConfig(I2C_IT_BUF, ENABLE);
     ef0:	4585                	li	a1,1
     ef2:	40000513          	li	a0,1024
     ef6:	234d                	jal	1498 <I2C_ITConfig>
c:\Users\seanw\mounriver-studio-projects\EC-reset\obj/../src/I2C/app_i2c.c:112
        I2C_ITConfig(I2C_IT_EVT, ENABLE);
     ef8:	4585                	li	a1,1
     efa:	20000513          	li	a0,512
     efe:	2b69                	jal	1498 <I2C_ITConfig>
c:\Users\seanw\mounriver-studio-projects\EC-reset\obj/../src/I2C/app_i2c.c:113
        I2C_ITConfig(I2C_IT_ERR, ENABLE);
     f00:	4585                	li	a1,1
     f02:	10000513          	li	a0,256
     f06:	2b49                	jal	1498 <I2C_ITConfig>
c:\Users\seanw\mounriver-studio-projects\EC-reset\obj/../src/I2C/app_i2c.c:119
    while(wait && (i2c_state == I2C_MTX)) {
     f08:	c491                	beqz	s1,f14 <i2c_write_to+0xae>
     f0a:	4789                	li	a5,2
c:\Users\seanw\mounriver-studio-projects\EC-reset\obj/../src/I2C/app_i2c.c:119 (discriminator 1)
     f0c:	00094703          	lbu	a4,0(s2)
     f10:	fef70ee3          	beq	a4,a5,f0c <i2c_write_to+0xa6>
c:\Users\seanw\mounriver-studio-projects\EC-reset\obj/../src/I2C/app_i2c.c:126
    if (i2c_error) {
     f14:	8101c783          	lbu	a5,-2032(gp) # 20000da8 <i2c_error>
     f18:	dbb5                	beqz	a5,e8c <i2c_write_to+0x26>
c:\Users\seanw\mounriver-studio-projects\EC-reset\obj/../src/I2C/app_i2c.c:127
        return -i2c_error;
     f1a:	8101c503          	lbu	a0,-2032(gp) # 20000da8 <i2c_error>
     f1e:	40a00533          	neg	a0,a0
     f22:	b7b5                	j	e8e <i2c_write_to+0x28>
c:\Users\seanw\mounriver-studio-projects\EC-reset\obj/../src/I2C/app_i2c.c:115
        I2C_GenerateSTART(ENABLE);
     f24:	4505                	li	a0,1
     f26:	2331                	jal	1432 <I2C_GenerateSTART>
     f28:	b7c5                	j	f08 <i2c_write_to+0xa2>
c:\Users\seanw\mounriver-studio-projects\EC-reset\obj/../src/I2C/app_i2c.c:76
        return -I2C_NO_MEM;
     f2a:	557d                	li	a0,-1
     f2c:	b78d                	j	e8e <i2c_write_to+0x28>

00000f2e <i2c_read_from>:
i2c_read_from():
c:\Users\seanw\mounriver-studio-projects\EC-reset\obj/../src/I2C/app_i2c.c:139
    if (length > I2C_BUFFER_LENGTH) {
     f2e:	02000793          	li	a5,32
     f32:	0ec7ea63          	bltu	a5,a2,1026 <i2c_read_from+0xf8>
c:\Users\seanw\mounriver-studio-projects\EC-reset\obj/../src/I2C/app_i2c.c:135
{
     f36:	1101                	addi	sp,sp,-32
     f38:	c452                	sw	s4,8(sp)
     f3a:	ce06                	sw	ra,28(sp)
     f3c:	cc22                	sw	s0,24(sp)
     f3e:	ca26                	sw	s1,20(sp)
     f40:	c84a                	sw	s2,16(sp)
     f42:	c64e                	sw	s3,12(sp)
     f44:	c256                	sw	s5,4(sp)
     f46:	c05a                	sw	s6,0(sp)
c:\Users\seanw\mounriver-studio-projects\EC-reset\obj/../src/I2C/app_i2c.c:143
    if (i2c_state != I2C_READY) {
     f48:	81a1c783          	lbu	a5,-2022(gp) # 20000db2 <i2c_state>
     f4c:	882a                	mv	a6,a0
     f4e:	81a18a13          	addi	s4,gp,-2022 # 20000db2 <i2c_state>
c:\Users\seanw\mounriver-studio-projects\EC-reset\obj/../src/I2C/app_i2c.c:144
        return -I2C_STATE;
     f52:	5579                	li	a0,-2
c:\Users\seanw\mounriver-studio-projects\EC-reset\obj/../src/I2C/app_i2c.c:143
    if (i2c_state != I2C_READY) {
     f54:	e7dd                	bnez	a5,1002 <i2c_read_from+0xd4>
     f56:	8432                	mv	s0,a2
c:\Users\seanw\mounriver-studio-projects\EC-reset\obj/../src/I2C/app_i2c.c:148
        return 0;
     f58:	4501                	li	a0,0
c:\Users\seanw\mounriver-studio-projects\EC-reset\obj/../src/I2C/app_i2c.c:147
    if (!length) {
     f5a:	c645                	beqz	a2,1002 <i2c_read_from+0xd4>
c:\Users\seanw\mounriver-studio-projects\EC-reset\obj/../src/I2C/app_i2c.c:151
    i2c_state = I2C_MRX;
     f5c:	4a85                	li	s5,1
     f5e:	015a0023          	sb	s5,0(s4)
c:\Users\seanw\mounriver-studio-projects\EC-reset\obj/../src/I2C/app_i2c.c:152
    i2c_send_stop = send_stop;
     f62:	80d18c23          	sb	a3,-2024(gp) # 20000db0 <i2c_send_stop>
c:\Users\seanw\mounriver-studio-projects\EC-reset\obj/../src/I2C/app_i2c.c:154
    i2c_error = 0;
     f66:	80018823          	sb	zero,-2032(gp) # 20000da8 <i2c_error>
c:\Users\seanw\mounriver-studio-projects\EC-reset\obj/../src/I2C/app_i2c.c:157
    i2c_master_buffer_index = 0;
     f6a:	80018b23          	sb	zero,-2026(gp) # 20000dae <i2c_master_buffer_index>
c:\Users\seanw\mounriver-studio-projects\EC-reset\obj/../src/I2C/app_i2c.c:160
    i2c_slave_addr_rw = I2C_READ;
     f6e:	81918913          	addi	s2,gp,-2023 # 20000db1 <i2c_slave_addr_rw>
c:\Users\seanw\mounriver-studio-projects\EC-reset\obj/../src/I2C/app_i2c.c:158
    i2c_master_buffer_length = length - 1;
     f72:	fff60793          	addi	a5,a2,-1 # 3fff <_data_lma+0x14b3>
c:\Users\seanw\mounriver-studio-projects\EC-reset\obj/../src/I2C/app_i2c.c:160
    i2c_slave_addr_rw = I2C_READ;
     f76:	01590023          	sb	s5,0(s2)
     f7a:	84ba                	mv	s1,a4
c:\Users\seanw\mounriver-studio-projects\EC-reset\obj/../src/I2C/app_i2c.c:158
    i2c_master_buffer_length = length - 1;
     f7c:	80f18aa3          	sb	a5,-2027(gp) # 20000dad <i2c_master_buffer_length>
c:\Users\seanw\mounriver-studio-projects\EC-reset\obj/../src/I2C/app_i2c.c:161
    i2c_slave_addr_rw |= addr_7bit << 1;
     f80:	00094783          	lbu	a5,0(s2)
     f84:	0806                	slli	a6,a6,0x1
     f86:	89ae                	mv	s3,a1
     f88:	0107e7b3          	or	a5,a5,a6
     f8c:	0ff7f793          	zext.b	a5,a5
     f90:	00f90023          	sb	a5,0(s2)
c:\Users\seanw\mounriver-studio-projects\EC-reset\obj/../src/I2C/app_i2c.c:163
    I2C_GenerateSTOP(DISABLE);
     f94:	21c1                	jal	1454 <I2C_GenerateSTOP>
c:\Users\seanw\mounriver-studio-projects\EC-reset\obj/../src/I2C/app_i2c.c:165
    if (i2c_in_repstart == true) {
     f96:	8171c783          	lbu	a5,-2025(gp) # 20000daf <i2c_in_repstart>
     f9a:	07579e63          	bne	a5,s5,1016 <i2c_read_from+0xe8>
c:\Users\seanw\mounriver-studio-projects\EC-reset\obj/../src/I2C/app_i2c.c:166
        i2c_in_repstart = false;
     f9e:	80018ba3          	sb	zero,-2025(gp) # 20000daf <i2c_in_repstart>
c:\Users\seanw\mounriver-studio-projects\EC-reset\obj/../src/I2C/app_i2c.c:170
        } while(R16_I2C_STAR1 & RB_I2C_BTF);
     fa2:	40005ab7          	lui	s5,0x40005
c:\Users\seanw\mounriver-studio-projects\EC-reset\obj/../src/I2C/app_i2c.c:169 (discriminator 1)
            I2C_SendData(i2c_slave_addr_rw);
     fa6:	00094503          	lbu	a0,0(s2)
     faa:	2b19                	jal	14c0 <I2C_SendData>
c:\Users\seanw\mounriver-studio-projects\EC-reset\obj/../src/I2C/app_i2c.c:170 (discriminator 1)
        } while(R16_I2C_STAR1 & RB_I2C_BTF);
     fac:	814ad783          	lhu	a5,-2028(s5) # 40004814 <_eusrstack+0x20001814>
     fb0:	8b91                	andi	a5,a5,4
     fb2:	fbf5                	bnez	a5,fa6 <i2c_read_from+0x78>
c:\Users\seanw\mounriver-studio-projects\EC-reset\obj/../src/I2C/app_i2c.c:173
        I2C_ITConfig(I2C_IT_BUF, ENABLE);
     fb4:	4585                	li	a1,1
     fb6:	40000513          	li	a0,1024
     fba:	29f9                	jal	1498 <I2C_ITConfig>
c:\Users\seanw\mounriver-studio-projects\EC-reset\obj/../src/I2C/app_i2c.c:174
        I2C_ITConfig(I2C_IT_EVT, ENABLE);
     fbc:	4585                	li	a1,1
     fbe:	20000513          	li	a0,512
     fc2:	29d9                	jal	1498 <I2C_ITConfig>
c:\Users\seanw\mounriver-studio-projects\EC-reset\obj/../src/I2C/app_i2c.c:175
        I2C_ITConfig(I2C_IT_ERR, ENABLE);
     fc4:	4585                	li	a1,1
     fc6:	10000513          	li	a0,256
     fca:	21f9                	jal	1498 <I2C_ITConfig>
c:\Users\seanw\mounriver-studio-projects\EC-reset\obj/../src/I2C/app_i2c.c:135
{
     fcc:	4901                	li	s2,0
c:\Users\seanw\mounriver-studio-projects\EC-reset\obj/../src/I2C/app_i2c.c:181
    while (i2c_state == I2C_MRX) {
     fce:	4a85                	li	s5,1
c:\Users\seanw\mounriver-studio-projects\EC-reset\obj/../src/I2C/app_i2c.c:184
        if (!forever && (to >= timeout)) {
     fd0:	5b7d                	li	s6,-1
c:\Users\seanw\mounriver-studio-projects\EC-reset\obj/../src/I2C/app_i2c.c:181
    while (i2c_state == I2C_MRX) {
     fd2:	000a4783          	lbu	a5,0(s4)
     fd6:	01579c63          	bne	a5,s5,fee <i2c_read_from+0xc0>
c:\Users\seanw\mounriver-studio-projects\EC-reset\obj/../src/I2C/app_i2c.c:182
        mDelaymS(1);
     fda:	4505                	li	a0,1
     fdc:	20000097          	auipc	ra,0x20000
     fe0:	a22080e7          	jalr	-1502(ra) # 200009fe <mDelaymS>
c:\Users\seanw\mounriver-studio-projects\EC-reset\obj/../src/I2C/app_i2c.c:183
        to++;
     fe4:	0905                	addi	s2,s2,1
c:\Users\seanw\mounriver-studio-projects\EC-reset\obj/../src/I2C/app_i2c.c:184
        if (!forever && (to >= timeout)) {
     fe6:	ff6486e3          	beq	s1,s6,fd2 <i2c_read_from+0xa4>
c:\Users\seanw\mounriver-studio-projects\EC-reset\obj/../src/I2C/app_i2c.c:184 (discriminator 1)
     fea:	fe9944e3          	blt	s2,s1,fd2 <i2c_read_from+0xa4>
c:\Users\seanw\mounriver-studio-projects\EC-reset\obj/../src/I2C/app_i2c.c:189
    if (i2c_master_buffer_index < length)
     fee:	8161c783          	lbu	a5,-2026(gp) # 20000dae <i2c_master_buffer_index>
     ff2:	0287e563          	bltu	a5,s0,101c <i2c_read_from+0xee>
c:\Users\seanw\mounriver-studio-projects\EC-reset\obj/../src/I2C/app_i2c.c:193
    memcpy(data, i2c_master_buffer, length);
     ff6:	8622                	mv	a2,s0
     ff8:	88418593          	addi	a1,gp,-1916 # 20000e1c <i2c_master_buffer>
     ffc:	854e                	mv	a0,s3
     ffe:	33d5                	jal	de2 <memcpy>
c:\Users\seanw\mounriver-studio-projects\EC-reset\obj/../src/I2C/app_i2c.c:195
    return length;
    1000:	8522                	mv	a0,s0
c:\Users\seanw\mounriver-studio-projects\EC-reset\obj/../src/I2C/app_i2c.c:196
}
    1002:	40f2                	lw	ra,28(sp)
    1004:	4462                	lw	s0,24(sp)
    1006:	44d2                	lw	s1,20(sp)
    1008:	4942                	lw	s2,16(sp)
    100a:	49b2                	lw	s3,12(sp)
    100c:	4a22                	lw	s4,8(sp)
    100e:	4a92                	lw	s5,4(sp)
    1010:	4b02                	lw	s6,0(sp)
    1012:	6105                	addi	sp,sp,32
    1014:	8082                	ret
c:\Users\seanw\mounriver-studio-projects\EC-reset\obj/../src/I2C/app_i2c.c:177
        I2C_GenerateSTART(ENABLE);
    1016:	4505                	li	a0,1
    1018:	2929                	jal	1432 <I2C_GenerateSTART>
    101a:	bf4d                	j	fcc <i2c_read_from+0x9e>
c:\Users\seanw\mounriver-studio-projects\EC-reset\obj/../src/I2C/app_i2c.c:190
        length = i2c_master_buffer_index;
    101c:	8161c403          	lbu	s0,-2026(gp) # 20000dae <i2c_master_buffer_index>
    1020:	0ff47413          	zext.b	s0,s0
    1024:	bfc9                	j	ff6 <i2c_read_from+0xc8>
c:\Users\seanw\mounriver-studio-projects\EC-reset\obj/../src/I2C/app_i2c.c:140
        return -I2C_NO_MEM;
    1026:	557d                	li	a0,-1
c:\Users\seanw\mounriver-studio-projects\EC-reset\obj/../src/I2C/app_i2c.c:196
}
    1028:	8082                	ret

0000102a <MCP9808_ReadRawTemperature>:
MCP9808_ReadRawTemperature():
c:\Users\seanw\mounriver-studio-projects\EC-reset\obj/../src/I2C/mcp9808.c:10
#define MCP9808_I2C_ADDR    0x18 
// Ambient Temperature Register Pointer
#define MCP9808_REG_TAMBIENT 0x05

uint16_t MCP9808_ReadRawTemperature(void)
{
    102a:	1101                	addi	sp,sp,-32
c:\Users\seanw\mounriver-studio-projects\EC-reset\obj/../src/I2C/mcp9808.c:11
    uint8_t reg_ptr = MCP9808_REG_TAMBIENT;
    102c:	4795                	li	a5,5
c:\Users\seanw\mounriver-studio-projects\EC-reset\obj/../src/I2C/mcp9808.c:16
    uint8_t rx_data[2] = {0, 0};
    int ret;

    // 1. Write the register pointer. 
    ret = i2c_write_to(MCP9808_I2C_ADDR, &reg_ptr, 1, true, true);
    102e:	4705                	li	a4,1
    1030:	4685                	li	a3,1
    1032:	4605                	li	a2,1
    1034:	00b10593          	addi	a1,sp,11
    1038:	4561                	li	a0,24
c:\Users\seanw\mounriver-studio-projects\EC-reset\obj/../src/I2C/mcp9808.c:10
{
    103a:	ce06                	sw	ra,28(sp)
c:\Users\seanw\mounriver-studio-projects\EC-reset\obj/../src/I2C/mcp9808.c:11
    uint8_t reg_ptr = MCP9808_REG_TAMBIENT;
    103c:	85dc                	sb	a5,11(sp)
c:\Users\seanw\mounriver-studio-projects\EC-reset\obj/../src/I2C/mcp9808.c:12
    uint8_t rx_data[2] = {0, 0};
    103e:	00011623          	sh	zero,12(sp)
c:\Users\seanw\mounriver-studio-projects\EC-reset\obj/../src/I2C/mcp9808.c:16
    ret = i2c_write_to(MCP9808_I2C_ADDR, &reg_ptr, 1, true, true);
    1042:	3515                	jal	e66 <i2c_write_to>
c:\Users\seanw\mounriver-studio-projects\EC-reset\obj/../src/I2C/mcp9808.c:17
    if (ret < 0) {
    1044:	00055e63          	bgez	a0,1060 <MCP9808_ReadRawTemperature+0x36>
    1048:	85aa                	mv	a1,a0
c:\Users\seanw\mounriver-studio-projects\EC-reset\obj/../src/I2C/mcp9808.c:18
        PRINT("I2C Write Error: %d\n", ret);
    104a:	00002517          	auipc	a0,0x2
    104e:	9ca50513          	addi	a0,a0,-1590 # 2a14 <_read+0xe>
c:\Users\seanw\mounriver-studio-projects\EC-reset\obj/../src/I2C/mcp9808.c:25
    }

    // 2. Read 2 bytes of temperature data.
    ret = i2c_read_from(MCP9808_I2C_ADDR, rx_data, 2, true, 1000);
    if (ret < 2) {
        PRINT("I2C Read Error: %d\n", ret);
    1052:	039000ef          	jal	ra,188a <iprintf>
c:\Users\seanw\mounriver-studio-projects\EC-reset\obj/../src/I2C/mcp9808.c:19
        return 0xFFFF; // Return 0xFFFF as an obvious error value
    1056:	6541                	lui	a0,0x10
    1058:	157d                	addi	a0,a0,-1 # ffff <_data_lma+0xd4b3>
c:\Users\seanw\mounriver-studio-projects\EC-reset\obj/../src/I2C/mcp9808.c:32
    }

    // 3. Just pack the 2 bytes into a 16-bit integer and return it
    // rx_data[0] is the Upper Byte, rx_data[1] is the Lower Byte
    return (uint16_t)((rx_data[0] << 8) | rx_data[1]);
}
    105a:	40f2                	lw	ra,28(sp)
    105c:	6105                	addi	sp,sp,32
    105e:	8082                	ret
c:\Users\seanw\mounriver-studio-projects\EC-reset\obj/../src/I2C/mcp9808.c:23
    ret = i2c_read_from(MCP9808_I2C_ADDR, rx_data, 2, true, 1000);
    1060:	006c                	addi	a1,sp,12
    1062:	3e800713          	li	a4,1000
    1066:	4685                	li	a3,1
    1068:	4609                	li	a2,2
    106a:	4561                	li	a0,24
    106c:	35c9                	jal	f2e <i2c_read_from>
c:\Users\seanw\mounriver-studio-projects\EC-reset\obj/../src/I2C/mcp9808.c:24
    if (ret < 2) {
    106e:	4785                	li	a5,1
c:\Users\seanw\mounriver-studio-projects\EC-reset\obj/../src/I2C/mcp9808.c:23
    ret = i2c_read_from(MCP9808_I2C_ADDR, rx_data, 2, true, 1000);
    1070:	85aa                	mv	a1,a0
c:\Users\seanw\mounriver-studio-projects\EC-reset\obj/../src/I2C/mcp9808.c:24
    if (ret < 2) {
    1072:	00a7c763          	blt	a5,a0,1080 <MCP9808_ReadRawTemperature+0x56>
c:\Users\seanw\mounriver-studio-projects\EC-reset\obj/../src/I2C/mcp9808.c:25
        PRINT("I2C Read Error: %d\n", ret);
    1076:	00002517          	auipc	a0,0x2
    107a:	9b650513          	addi	a0,a0,-1610 # 2a2c <_read+0x26>
    107e:	bfd1                	j	1052 <MCP9808_ReadRawTemperature+0x28>
c:\Users\seanw\mounriver-studio-projects\EC-reset\obj/../src/I2C/mcp9808.c:31
    return (uint16_t)((rx_data[0] << 8) | rx_data[1]);
    1080:	863c                	lhu	a5,12(sp)
    1082:	00879513          	slli	a0,a5,0x8
    1086:	83a1                	srli	a5,a5,0x8
    1088:	8d5d                	or	a0,a0,a5
    108a:	08054533          	zext.h	a0,a0
    108e:	b7f1                	j	105a <MCP9808_ReadRawTemperature+0x30>

00001090 <I2C_setup>:
I2C_setup():
c:\Users\seanw\mounriver-studio-projects\EC-reset\obj/../src/Main.c:303
    I2C_Init(I2C_Mode_I2C, 400000, I2C_DutyCycle_16_9, I2C_Ack_Enable, I2C_AckAddr_7bit, 0x42);
    1090:	000625b7          	lui	a1,0x62
c:\Users\seanw\mounriver-studio-projects\EC-reset\obj/../src/Main.c:302
void I2C_setup(void){
    1094:	1141                	addi	sp,sp,-16
c:\Users\seanw\mounriver-studio-projects\EC-reset\obj/../src/Main.c:303
    I2C_Init(I2C_Mode_I2C, 400000, I2C_DutyCycle_16_9, I2C_Ack_Enable, I2C_AckAddr_7bit, 0x42);
    1096:	04200793          	li	a5,66
    109a:	6711                	lui	a4,0x4
    109c:	40000693          	li	a3,1024
    10a0:	6611                	lui	a2,0x4
    10a2:	a8058593          	addi	a1,a1,-1408 # 61a80 <_data_lma+0x5ef34>
    10a6:	4501                	li	a0,0
c:\Users\seanw\mounriver-studio-projects\EC-reset\obj/../src/Main.c:302
void I2C_setup(void){
    10a8:	c606                	sw	ra,12(sp)
    10aa:	c422                	sw	s0,8(sp)
c:\Users\seanw\mounriver-studio-projects\EC-reset\obj/../src/Main.c:303
    I2C_Init(I2C_Mode_I2C, 400000, I2C_DutyCycle_16_9, I2C_Ack_Enable, I2C_AckAddr_7bit, 0x42);
    10ac:	2199                	jal	14f2 <I2C_Init>
c:\Users\seanw\mounriver-studio-projects\EC-reset\obj/../src/Main.c:304
    i2c_app_init(0x42); 
    10ae:	04200513          	li	a0,66
c:\Users\seanw\mounriver-studio-projects\EC-reset\obj/../src/Main.c:307
    uint32_t timeout = 100000; 
    10b2:	6461                	lui	s0,0x18
c:\Users\seanw\mounriver-studio-projects\EC-reset\obj/../src/Main.c:304
    i2c_app_init(0x42); 
    10b4:	3b91                	jal	e08 <i2c_app_init>
c:\Users\seanw\mounriver-studio-projects\EC-reset\obj/../src/Main.c:307
    uint32_t timeout = 100000; 
    10b6:	6a040413          	addi	s0,s0,1696 # 186a0 <_data_lma+0x15b54>
c:\Users\seanw\mounriver-studio-projects\EC-reset\obj/../src/Main.c:308 (discriminator 2)
    while(I2C_GetFlagStatus(I2C_FLAG_BUSY) != RESET && --timeout > 0);
    10ba:	00020537          	lui	a0,0x20
    10be:	2375                	jal	166a <I2C_GetFlagStatus>
    10c0:	c10d                	beqz	a0,10e2 <I2C_setup+0x52>
c:\Users\seanw\mounriver-studio-projects\EC-reset\obj/../src/Main.c:308 (discriminator 1)
    10c2:	147d                	addi	s0,s0,-1
    10c4:	f87d                	bnez	s0,10ba <I2C_setup+0x2a>
c:\Users\seanw\mounriver-studio-projects\EC-reset\obj/../src/Main.c:315
        R16_I2C_CTRL1 |= RB_I2C_SWRST;
    10c6:	40005737          	lui	a4,0x40005
    10ca:	80075783          	lhu	a5,-2048(a4) # 40004800 <_eusrstack+0x20001800>
    10ce:	28f79793          	bseti	a5,a5,0xf
    10d2:	80f71023          	sh	a5,-2048(a4)
c:\Users\seanw\mounriver-studio-projects\EC-reset\obj/../src/Main.c:316
        R16_I2C_CTRL1 &= ~RB_I2C_SWRST;
    10d6:	80075783          	lhu	a5,-2048(a4)
    10da:	07c6                	slli	a5,a5,0x11
    10dc:	83c5                	srli	a5,a5,0x11
    10de:	80f71023          	sh	a5,-2048(a4)
c:\Users\seanw\mounriver-studio-projects\EC-reset\obj/../src/Main.c:318
}
    10e2:	40b2                	lw	ra,12(sp)
    10e4:	4422                	lw	s0,8(sp)
    10e6:	0141                	addi	sp,sp,16
    10e8:	8082                	ret

000010ea <main>:
main():
c:\Users\seanw\mounriver-studio-projects\EC-reset\obj/../src/Main.c:325
{
    10ea:	7139                	addi	sp,sp,-64
    10ec:	dc22                	sw	s0,56(sp)
c:\Users\seanw\mounriver-studio-projects\EC-reset\obj/../src/Main.c:327
    R16_PIN_ALTERNATE &= ~RB_PIN_DEBUG_EN;
    10ee:	40001437          	lui	s0,0x40001
    10f2:	2c1e                	lhu	a5,24(s0)
    10f4:	7771                	lui	a4,0xffffc
    10f6:	177d                	addi	a4,a4,-1 # ffffbfff <_eusrstack+0xdfff8fff>
c:\Users\seanw\mounriver-studio-projects\EC-reset\obj/../src/Main.c:325
{
    10f8:	de06                	sw	ra,60(sp)
c:\Users\seanw\mounriver-studio-projects\EC-reset\obj/../src/Main.c:327
    R16_PIN_ALTERNATE &= ~RB_PIN_DEBUG_EN;
    10fa:	8ff9                	and	a5,a5,a4
c:\Users\seanw\mounriver-studio-projects\EC-reset\obj/../src/Main.c:325
{
    10fc:	da26                	sw	s1,52(sp)
    10fe:	d64e                	sw	s3,44(sp)
    1100:	d84a                	sw	s2,48(sp)
    1102:	d452                	sw	s4,40(sp)
    1104:	d256                	sw	s5,36(sp)
    1106:	d05a                	sw	s6,32(sp)
    1108:	ce5e                	sw	s7,28(sp)
c:\Users\seanw\mounriver-studio-projects\EC-reset\obj/../src/Main.c:327
    R16_PIN_ALTERNATE &= ~RB_PIN_DEBUG_EN;
    110a:	ac1e                	sh	a5,24(s0)
c:\Users\seanw\mounriver-studio-projects\EC-reset\obj/../src/Main.c:328
    HSECFG_Capacitance(HSECap_18p);
    110c:	4519                	li	a0,6
    110e:	2c21                	jal	1326 <HSECFG_Capacitance>
c:\Users\seanw\mounriver-studio-projects\EC-reset\obj/../src/Main.c:329
    SetSysClock(CLK_SOURCE_HSE_PLL_100MHz); 
    1110:	04600513          	li	a0,70
    1114:	1ffff097          	auipc	ra,0x1ffff
    1118:	606080e7          	jalr	1542(ra) # 2000071a <SetSysClock>
Timer_EdgeCounter_Init():
c:\Users\seanw\mounriver-studio-projects\EC-reset\obj/../src/Main.c:106
    R16_PIN_ALTERNATE_H &= ~RB_TMR_PIN;
    111c:	2c3e                	lhu	a5,26(s0)
c:\Users\seanw\mounriver-studio-projects\EC-reset\obj/../src/Main.c:110
    R8_TMR_CTRL_MOD  = RB_TMR_ALL_CLEAR;
    111e:	4709                	li	a4,2
PWM_Init():
c:\Users\seanw\mounriver-studio-projects\EC-reset\obj/../src/Main.c:91
    GPIOA_ModeCfg(BACKSCATTER_PWM_PIN, BACKSCATTER_PWM_DRIVE);
    1120:	4591                	li	a1,4
Timer_EdgeCounter_Init():
c:\Users\seanw\mounriver-studio-projects\EC-reset\obj/../src/Main.c:106
    R16_PIN_ALTERNATE_H &= ~RB_TMR_PIN;
    1122:	0807c7b3          	zext.h	a5,a5
    1126:	f3f7f793          	andi	a5,a5,-193
    112a:	0807c7b3          	zext.h	a5,a5
    112e:	ac3e                	sh	a5,26(s0)
c:\Users\seanw\mounriver-studio-projects\EC-reset\obj/../src/Main.c:107
    R16_PIN_ALTERNATE_H |= (1 << 6);   // because bit6 is the lower bit of the field
    1130:	2c3e                	lhu	a5,26(s0)
PWM_Init():
c:\Users\seanw\mounriver-studio-projects\EC-reset\obj/../src/Main.c:91
    GPIOA_ModeCfg(BACKSCATTER_PWM_PIN, BACKSCATTER_PWM_DRIVE);
    1132:	4511                	li	a0,4
Compute_FSK_Parameters():
c:\Users\seanw\mounriver-studio-projects\EC-reset\obj/../src/Main.c:131
    period_f0 = PWM_CYC_COUNT0;
    1134:	82218993          	addi	s3,gp,-2014 # 20000dba <period_f0>
Timer_EdgeCounter_Init():
c:\Users\seanw\mounriver-studio-projects\EC-reset\obj/../src/Main.c:107
    R16_PIN_ALTERNATE_H |= (1 << 6);   // because bit6 is the lower bit of the field
    1138:	0407e793          	ori	a5,a5,64
    113c:	ac3e                	sh	a5,26(s0)
c:\Users\seanw\mounriver-studio-projects\EC-reset\obj/../src/Main.c:110
    R8_TMR_CTRL_MOD  = RB_TMR_ALL_CLEAR;
    113e:	400027b7          	lui	a5,0x40002
    1142:	40e78023          	sb	a4,1024(a5) # 40002400 <_eusrstack+0x1ffff400>
c:\Users\seanw\mounriver-studio-projects\EC-reset\obj/../src/Main.c:111
    R8_TMR_CTRL_MOD |= RB_TMR_MODE_IN | RB_TMR_CAP_COUNT;
    1146:	4007c703          	lbu	a4,1024(a5)
Compute_FSK_Parameters():
c:\Users\seanw\mounriver-studio-projects\EC-reset\obj/../src/Main.c:132
    period_f1 = PWM_CYC_COUNT1;
    114a:	82018493          	addi	s1,gp,-2016 # 20000db8 <period_f1>
Timer_EdgeCounter_Init():
c:\Users\seanw\mounriver-studio-projects\EC-reset\obj/../src/Main.c:111
    R8_TMR_CTRL_MOD |= RB_TMR_MODE_IN | RB_TMR_CAP_COUNT;
    114e:	01176713          	ori	a4,a4,17
    1152:	40e78023          	sb	a4,1024(a5)
c:\Users\seanw\mounriver-studio-projects\EC-reset\obj/../src/Main.c:112
    R8_TMR_CTRL_MOD |= (2 << 6);               /* count on falling edges */
    1156:	4007c703          	lbu	a4,1024(a5)
    115a:	08076713          	ori	a4,a4,128
    115e:	40e78023          	sb	a4,1024(a5)
c:\Users\seanw\mounriver-studio-projects\EC-reset\obj/../src/Main.c:113
    R8_TMR_INTER_EN |= RB_TMR_IE_CYC_END;
    1162:	4027c703          	lbu	a4,1026(a5)
    1166:	00176713          	ori	a4,a4,1
    116a:	40e78123          	sb	a4,1026(a5)
PWM_Init():
c:\Users\seanw\mounriver-studio-projects\EC-reset\obj/../src/Main.c:91
    GPIOA_ModeCfg(BACKSCATTER_PWM_PIN, BACKSCATTER_PWM_DRIVE);
    116e:	2489                	jal	13b0 <GPIOA_ModeCfg>
c:\Users\seanw\mounriver-studio-projects\EC-reset\obj/../src/Main.c:92
    PWMX_CLKCfg(CLK_TICKS_PER_CYC);
    1170:	400057b7          	lui	a5,0x40005
    1174:	4705                	li	a4,1
    1176:	af9a                	sh	a4,24(a5)
c:\Users\seanw\mounriver-studio-projects\EC-reset\obj/../src/Main.c:93
    PWM_16bit_CycleEnable();
    1178:	23b8                	lbu	a4,2(a5)
    117a:	00676713          	ori	a4,a4,6
    117e:	a3b8                	sb	a4,2(a5)
main():
c:\Users\seanw\mounriver-studio-projects\EC-reset\obj/../src/Main.c:335
    I2C_setup();
    1180:	3f01                	jal	1090 <I2C_setup>
Compute_FSK_Parameters():
c:\Users\seanw\mounriver-studio-projects\EC-reset\obj/../src/Main.c:131
    period_f0 = PWM_CYC_COUNT0;
    1182:	07c00793          	li	a5,124
    1186:	00f99023          	sh	a5,0(s3)
c:\Users\seanw\mounriver-studio-projects\EC-reset\obj/../src/Main.c:132
    period_f1 = PWM_CYC_COUNT1;
    118a:	06300793          	li	a5,99
    118e:	a09e                	sh	a5,0(s1)
c:\Users\seanw\mounriver-studio-projects\EC-reset\obj/../src/Main.c:134
    uint8_t pll = Is_PLL_Clock();
    1190:	2259                	jal	1316 <Is_PLL_Clock>
c:\Users\seanw\mounriver-studio-projects\EC-reset\obj/../src/Main.c:141
    edges_per_bit_f0 = FSK_FREQ0 / FSK_BIT_RATE
    1192:	14050363          	beqz	a0,12d8 <main+0x1ee>
    1196:	4749                	li	a4,18
c:\Users\seanw\mounriver-studio-projects\EC-reset\obj/../src/Main.c:143
    edges_per_bit_f1 = FSK_FREQ1 / FSK_BIT_RATE
    1198:	47d9                	li	a5,22
main():
c:\Users\seanw\mounriver-studio-projects\EC-reset\obj/../src/Main.c:338
    add_header(message, seq, packet_hdr_template());
    119a:	81b18a93          	addi	s5,gp,-2021 # 20000db3 <seq>
    119e:	000ac583          	lbu	a1,0(s5)
    11a2:	81e18913          	addi	s2,gp,-2018 # 20000db6 <edges_per_bit_f0>
Compute_FSK_Parameters():
c:\Users\seanw\mounriver-studio-projects\EC-reset\obj/../src/Main.c:143
    edges_per_bit_f1 = FSK_FREQ1 / FSK_BIT_RATE
    11a6:	81c18413          	addi	s0,gp,-2020 # 20000db4 <edges_per_bit_f1>
    11aa:	a01e                	sh	a5,0(s0)
main():
c:\Users\seanw\mounriver-studio-projects\EC-reset\obj/../src/Main.c:338
    add_header(message, seq, packet_hdr_template());
    11ac:	00e91023          	sh	a4,0(s2)
    11b0:	c62e                	sw	a1,12(sp)
    11b2:	2a25                	jal	12ea <packet_hdr_template>
    11b4:	45b2                	lw	a1,12(sp)
    11b6:	862a                	mv	a2,a0
    11b8:	8a418513          	addi	a0,gp,-1884 # 20000e3c <message>
    11bc:	2a25                	jal	12f4 <add_header>
BuildLookupTables():
c:\Users\seanw\mounriver-studio-projects\EC-reset\obj/../src/Main.c:168
    if (tables_built)
    11be:	82418593          	addi	a1,gp,-2012 # 20000dbc <tables_built>
    11c2:	219c                	lbu	a5,0(a1)
    11c4:	8a418a13          	addi	s4,gp,-1884 # 20000e3c <message>
    11c8:	97018b13          	addi	s6,gp,-1680 # 20000f08 <pwm_periods>
    11cc:	20000b97          	auipc	s7,0x20000
    11d0:	c7cb8b93          	addi	s7,s7,-900 # 20000e48 <bit_counts>
    11d4:	eba9                	bnez	a5,1226 <main+0x13c>
c:\Users\seanw\mounriver-studio-projects\EC-reset\obj/../src/Main.c:176
            pwm_periods[idx] = b ? period_f1 : period_f0;
    11d6:	0009de03          	lhu	t3,0(s3)
c:\Users\seanw\mounriver-studio-projects\EC-reset\obj/../src/Main.c:177
            bit_counts[idx]  = b ? edges_per_bit_f1 : edges_per_bit_f0;
    11da:	00095f03          	lhu	t5,0(s2)
c:\Users\seanw\mounriver-studio-projects\EC-reset\obj/../src/Main.c:176
            pwm_periods[idx] = b ? period_f1 : period_f0;
    11de:	0004d303          	lhu	t1,0(s1)
c:\Users\seanw\mounriver-studio-projects\EC-reset\obj/../src/Main.c:177
            bit_counts[idx]  = b ? edges_per_bit_f1 : edges_per_bit_f0;
    11e2:	00045e83          	lhu	t4,0(s0) # 40001000 <_eusrstack+0x1fffe000>
    11e6:	8652                	mv	a2,s4
c:\Users\seanw\mounriver-studio-projects\EC-reset\obj/../src/Main.c:174
        for (int8_t bit = 7; bit >= 0; bit--) {        /* MSB first */
    11e8:	5ffd                	li	t6,-1
c:\Users\seanw\mounriver-studio-projects\EC-reset\obj/../src/Main.c:172
    for (uint32_t i = 0; i < len; i++) {
    11ea:	06000893          	li	a7,96
c:\Users\seanw\mounriver-studio-projects\EC-reset\obj/../src/Main.c:173
        uint8_t byte = data[i];
    11ee:	00064383          	lbu	t2,0(a2) # 4000 <_data_lma+0x14b4>
c:\Users\seanw\mounriver-studio-projects\EC-reset\obj/../src/Main.c:174
        for (int8_t bit = 7; bit >= 0; bit--) {        /* MSB first */
    11f2:	00179693          	slli	a3,a5,0x1
c:\Users\seanw\mounriver-studio-projects\EC-reset\obj/../src/Main.c:173
        uint8_t byte = data[i];
    11f6:	471d                	li	a4,7
c:\Users\seanw\mounriver-studio-projects\EC-reset\obj/../src/Main.c:176
            pwm_periods[idx] = b ? period_f1 : period_f0;
    11f8:	48e3d533          	bext	a0,t2,a4
    11fc:	e16d                	bnez	a0,12de <main+0x1f4>
    11fe:	8872                	mv	a6,t3
c:\Users\seanw\mounriver-studio-projects\EC-reset\obj/../src/Main.c:177
            bit_counts[idx]  = b ? edges_per_bit_f1 : edges_per_bit_f0;
    1200:	857a                	mv	a0,t5
c:\Users\seanw\mounriver-studio-projects\EC-reset\obj/../src/Main.c:176
            pwm_periods[idx] = b ? period_f1 : period_f0;
    1202:	00db02b3          	add	t0,s6,a3
    1206:	01029023          	sh	a6,0(t0)
c:\Users\seanw\mounriver-studio-projects\EC-reset\obj/../src/Main.c:177
            bit_counts[idx]  = b ? edges_per_bit_f1 : edges_per_bit_f0;
    120a:	00db8833          	add	a6,s7,a3
    120e:	00a81023          	sh	a0,0(a6)
c:\Users\seanw\mounriver-studio-projects\EC-reset\obj/../src/Main.c:174
        for (int8_t bit = 7; bit >= 0; bit--) {        /* MSB first */
    1212:	177d                	addi	a4,a4,-1
    1214:	0689                	addi	a3,a3,2 # 40005002 <_eusrstack+0x20002002>
    1216:	fff711e3          	bne	a4,t6,11f8 <main+0x10e>
c:\Users\seanw\mounriver-studio-projects\EC-reset\obj/../src/Main.c:178
            idx++;
    121a:	07a1                	addi	a5,a5,8 # 40005008 <_eusrstack+0x20002008>
c:\Users\seanw\mounriver-studio-projects\EC-reset\obj/../src/Main.c:172
    for (uint32_t i = 0; i < len; i++) {
    121c:	0605                	addi	a2,a2,1
    121e:	fd1798e3          	bne	a5,a7,11ee <main+0x104>
c:\Users\seanw\mounriver-studio-projects\EC-reset\obj/../src/Main.c:181
    tables_built = 1;
    1222:	4785                	li	a5,1
    1224:	a19c                	sb	a5,0(a1)
main():
c:\Users\seanw\mounriver-studio-projects\EC-reset\obj/../src/Main.c:341
    uint16_t raw_temp = (SENSING_MODE ? MCP9808_ReadRawTemperature() : 0);
    1226:	3511                	jal	102a <MCP9808_ReadRawTemperature>
c:\Users\seanw\mounriver-studio-projects\EC-reset\obj/../src/Main.c:343
    seq++;
    1228:	000ac783          	lbu	a5,0(s5)
UpdateLookupTable():
c:\Users\seanw\mounriver-studio-projects\EC-reset\obj/../src/Main.c:195
            pwm_periods[bit_idx] = b ? period_f1 : period_f0;
    122c:	0009d303          	lhu	t1,0(s3)
c:\Users\seanw\mounriver-studio-projects\EC-reset\obj/../src/Main.c:196
            bit_counts[bit_idx]  = b ? edges_per_bit_f1 : edges_per_bit_f0;
    1230:	00095e83          	lhu	t4,0(s2)
main():
c:\Users\seanw\mounriver-studio-projects\EC-reset\obj/../src/Main.c:343
    seq++;
    1234:	0785                	addi	a5,a5,1
UpdateLookupTable():
c:\Users\seanw\mounriver-studio-projects\EC-reset\obj/../src/Main.c:195
            pwm_periods[bit_idx] = b ? period_f1 : period_f0;
    1236:	0004d883          	lhu	a7,0(s1)
c:\Users\seanw\mounriver-studio-projects\EC-reset\obj/../src/Main.c:196
            bit_counts[bit_idx]  = b ? edges_per_bit_f1 : edges_per_bit_f0;
    123a:	00045e03          	lhu	t3,0(s0)
main():
c:\Users\seanw\mounriver-studio-projects\EC-reset\obj/../src/Main.c:343
    seq++;
    123e:	0ff7f793          	zext.b	a5,a5
    1242:	00fa8023          	sb	a5,0(s5)
FastUpdatePacketAndTables():
c:\Users\seanw\mounriver-studio-projects\EC-reset\obj/../src/Main.c:205
    message[HEADER_LEN - 1] = seq;
    1246:	00fa04a3          	sb	a5,9(s4)
c:\Users\seanw\mounriver-studio-projects\EC-reset\obj/../src/Main.c:208
    memcpy(&message[HEADER_LEN], &raw_temp, sizeof(uint16_t));
    124a:	00aa1523          	sh	a0,10(s4)
UpdateLookupTable():
c:\Users\seanw\mounriver-studio-projects\EC-reset\obj/../src/Main.c:190
    for (uint32_t i = 0; i < num_bytes; i++) {
    124e:	8a418613          	addi	a2,gp,-1884 # 20000e3c <message>
c:\Users\seanw\mounriver-studio-projects\EC-reset\obj/../src/Main.c:188
    uint32_t bit_idx = start_byte * 8; 
    1252:	04800793          	li	a5,72
c:\Users\seanw\mounriver-studio-projects\EC-reset\obj/../src/Main.c:192
        for (int8_t bit = 7; bit >= 0; bit--) {
    1256:	5f7d                	li	t5,-1
c:\Users\seanw\mounriver-studio-projects\EC-reset\obj/../src/Main.c:190
    for (uint32_t i = 0; i < num_bytes; i++) {
    1258:	06000813          	li	a6,96
c:\Users\seanw\mounriver-studio-projects\EC-reset\obj/../src/Main.c:191
        uint8_t byte = data[i];
    125c:	00964283          	lbu	t0,9(a2)
c:\Users\seanw\mounriver-studio-projects\EC-reset\obj/../src/Main.c:192
        for (int8_t bit = 7; bit >= 0; bit--) {
    1260:	00179693          	slli	a3,a5,0x1
c:\Users\seanw\mounriver-studio-projects\EC-reset\obj/../src/Main.c:191
        uint8_t byte = data[i];
    1264:	471d                	li	a4,7
c:\Users\seanw\mounriver-studio-projects\EC-reset\obj/../src/Main.c:195
            pwm_periods[bit_idx] = b ? period_f1 : period_f0;
    1266:	48e2d5b3          	bext	a1,t0,a4
    126a:	edad                	bnez	a1,12e4 <main+0x1fa>
    126c:	851a                	mv	a0,t1
c:\Users\seanw\mounriver-studio-projects\EC-reset\obj/../src/Main.c:196
            bit_counts[bit_idx]  = b ? edges_per_bit_f1 : edges_per_bit_f0;
    126e:	85f6                	mv	a1,t4
c:\Users\seanw\mounriver-studio-projects\EC-reset\obj/../src/Main.c:195
            pwm_periods[bit_idx] = b ? period_f1 : period_f0;
    1270:	00db0fb3          	add	t6,s6,a3
    1274:	00af9023          	sh	a0,0(t6)
c:\Users\seanw\mounriver-studio-projects\EC-reset\obj/../src/Main.c:196
            bit_counts[bit_idx]  = b ? edges_per_bit_f1 : edges_per_bit_f0;
    1278:	00db8533          	add	a0,s7,a3
    127c:	a10e                	sh	a1,0(a0)
c:\Users\seanw\mounriver-studio-projects\EC-reset\obj/../src/Main.c:192
        for (int8_t bit = 7; bit >= 0; bit--) {
    127e:	177d                	addi	a4,a4,-1
    1280:	0689                	addi	a3,a3,2
    1282:	ffe712e3          	bne	a4,t5,1266 <main+0x17c>
c:\Users\seanw\mounriver-studio-projects\EC-reset\obj/../src/Main.c:197
            bit_idx++;
    1286:	07a1                	addi	a5,a5,8
c:\Users\seanw\mounriver-studio-projects\EC-reset\obj/../src/Main.c:190
    for (uint32_t i = 0; i < num_bytes; i++) {
    1288:	0605                	addi	a2,a2,1
    128a:	fd0799e3          	bne	a5,a6,125c <main+0x172>
main():
c:\Users\seanw\mounriver-studio-projects\EC-reset\obj/../src/Main.c:347
        StartFSK();
    128e:	1ffff097          	auipc	ra,0x1ffff
    1292:	214080e7          	jalr	532(ra) # 200004a2 <StartFSK>
c:\Users\seanw\mounriver-studio-projects\EC-reset\obj/../src/Main.c:348
        DelayUs(50);
    1296:	03200513          	li	a0,50
    129a:	1ffff097          	auipc	ra,0x1ffff
    129e:	756080e7          	jalr	1878(ra) # 200009f0 <mDelayuS>
c:\Users\seanw\mounriver-studio-projects\EC-reset\obj/../src/Main.c:347
        StartFSK();
    12a2:	1ffff097          	auipc	ra,0x1ffff
    12a6:	200080e7          	jalr	512(ra) # 200004a2 <StartFSK>
c:\Users\seanw\mounriver-studio-projects\EC-reset\obj/../src/Main.c:348
        DelayUs(50);
    12aa:	03200513          	li	a0,50
    12ae:	1ffff097          	auipc	ra,0x1ffff
    12b2:	742080e7          	jalr	1858(ra) # 200009f0 <mDelayuS>
c:\Users\seanw\mounriver-studio-projects\EC-reset\obj/../src/Main.c:350
    LowPower_Shutdown(0);
    12b6:	4501                	li	a0,0
    12b8:	1ffff097          	auipc	ra,0x1ffff
    12bc:	31a080e7          	jalr	794(ra) # 200005d2 <LowPower_Shutdown>
c:\Users\seanw\mounriver-studio-projects\EC-reset\obj/../src/Main.c:351
}
    12c0:	50f2                	lw	ra,60(sp)
    12c2:	5462                	lw	s0,56(sp)
    12c4:	54d2                	lw	s1,52(sp)
    12c6:	5942                	lw	s2,48(sp)
    12c8:	59b2                	lw	s3,44(sp)
    12ca:	5a22                	lw	s4,40(sp)
    12cc:	5a92                	lw	s5,36(sp)
    12ce:	5b02                	lw	s6,32(sp)
    12d0:	4bf2                	lw	s7,28(sp)
    12d2:	4501                	li	a0,0
    12d4:	6121                	addi	sp,sp,64
    12d6:	8082                	ret
Compute_FSK_Parameters():
c:\Users\seanw\mounriver-studio-projects\EC-reset\obj/../src/Main.c:141
    edges_per_bit_f0 = FSK_FREQ0 / FSK_BIT_RATE
    12d8:	472d                	li	a4,11
c:\Users\seanw\mounriver-studio-projects\EC-reset\obj/../src/Main.c:143
    edges_per_bit_f1 = FSK_FREQ1 / FSK_BIT_RATE
    12da:	47b5                	li	a5,13
    12dc:	bd7d                	j	119a <main+0xb0>
BuildLookupTables():
c:\Users\seanw\mounriver-studio-projects\EC-reset\obj/../src/Main.c:143
    12de:	881a                	mv	a6,t1
c:\Users\seanw\mounriver-studio-projects\EC-reset\obj/../src/Main.c:177
            bit_counts[idx]  = b ? edges_per_bit_f1 : edges_per_bit_f0;
    12e0:	8576                	mv	a0,t4
    12e2:	b705                	j	1202 <main+0x118>
UpdateLookupTable():
c:\Users\seanw\mounriver-studio-projects\EC-reset\obj/../src/Main.c:177
    12e4:	8546                	mv	a0,a7
c:\Users\seanw\mounriver-studio-projects\EC-reset\obj/../src/Main.c:196
            bit_counts[bit_idx]  = b ? edges_per_bit_f1 : edges_per_bit_f0;
    12e6:	85f2                	mv	a1,t3
    12e8:	b761                	j	1270 <main+0x186>

000012ea <packet_hdr_template>:
packet_hdr_template():
c:\Users\seanw\mounriver-studio-projects\EC-reset\obj/../src/packet_gen.c:26
};

uint8_t *packet_hdr_template(void)
{
    return packet_hdr;
}
    12ea:	20000517          	auipc	a0,0x20000
    12ee:	a4250513          	addi	a0,a0,-1470 # 20000d2c <packet_hdr>
    12f2:	8082                	ret

000012f4 <add_header>:
add_header():
c:\Users\seanw\mounriver-studio-projects\EC-reset\obj/../src/packet_gen.c:31

void add_header(uint8_t *packet, uint8_t seq, uint8_t *header_template)
{
    /* Copy preamble + sync word */
    for (int i = 0; i < HEADER_LEN - 2; i++) {
    12f4:	4781                	li	a5,0
    12f6:	4721                	li	a4,8
c:\Users\seanw\mounriver-studio-projects\EC-reset\obj/../src/packet_gen.c:32 (discriminator 3)
        packet[i] = header_template[i];
    12f8:	00f606b3          	add	a3,a2,a5
    12fc:	0006c803          	lbu	a6,0(a3)
    1300:	00f506b3          	add	a3,a0,a5
c:\Users\seanw\mounriver-studio-projects\EC-reset\obj/../src/packet_gen.c:31 (discriminator 3)
    for (int i = 0; i < HEADER_LEN - 2; i++) {
    1304:	0785                	addi	a5,a5,1
c:\Users\seanw\mounriver-studio-projects\EC-reset\obj/../src/packet_gen.c:32 (discriminator 3)
        packet[i] = header_template[i];
    1306:	01068023          	sb	a6,0(a3)
c:\Users\seanw\mounriver-studio-projects\EC-reset\obj/../src/packet_gen.c:31 (discriminator 3)
    for (int i = 0; i < HEADER_LEN - 2; i++) {
    130a:	fee797e3          	bne	a5,a4,12f8 <add_header+0x4>
c:\Users\seanw\mounriver-studio-projects\EC-reset\obj/../src/packet_gen.c:39

    /*
     * Length byte: payload data size + 1 (excludes the length byte itself
     * and optional CRC, per CC2500 datasheet p. 30).
     */
    packet[HEADER_LEN - 2] = 1 + PAYLOADSIZE;
    130e:	478d                	li	a5,3
    1310:	a51c                	sb	a5,8(a0)
c:\Users\seanw\mounriver-studio-projects\EC-reset\obj/../src/packet_gen.c:42

    /* Sequence number */
    packet[HEADER_LEN - 1] = seq;
    1312:	b50c                	sb	a1,9(a0)
c:\Users\seanw\mounriver-studio-projects\EC-reset\obj/../src/packet_gen.c:43
}
    1314:	8082                	ret

00001316 <Is_PLL_Clock>:
Is_PLL_Clock():
c:\Users\seanw\mounriver-studio-projects\EC-reset\obj/../src/utility.c:24
 * @brief Detect whether the system clock is sourced from PLL.
 * @return 1 if PLL, 0 if HSE (CK32M).
 */
uint8_t Is_PLL_Clock(void)
{
    return (((R8_CLK_SYS_CFG >> 6) & 0x03) == 0x01) ? 1 : 0;
    1316:	400017b7          	lui	a5,0x40001
    131a:	2788                	lbu	a0,8(a5)
    131c:	8119                	srli	a0,a0,0x6
    131e:	157d                	addi	a0,a0,-1
c:\Users\seanw\mounriver-studio-projects\EC-reset\obj/../src/utility.c:25
}
    1320:	00153513          	seqz	a0,a0
    1324:	8082                	ret

00001326 <HSECFG_Capacitance>:
HSECFG_Capacitance():
c:\Users\seanw\mounriver-studio-projects\EC-reset\obj/../StdPeriphDriver/CH57x_clk.c:81
 */
void HSECFG_Capacitance(HSECapTypeDef c)
{
    uint8_t x32M_c;

    x32M_c = R8_XT32M_TUNE;
    1326:	40001737          	lui	a4,0x40001
    132a:	04e74783          	lbu	a5,78(a4) # 4000104e <_eusrstack+0x1fffe04e>
c:\Users\seanw\mounriver-studio-projects\EC-reset\obj/../StdPeriphDriver/CH57x_clk.c:82
    x32M_c = (x32M_c & 0x0f) | (c << 4);
    132e:	0512                	slli	a0,a0,0x4
c:\Users\seanw\mounriver-studio-projects\EC-reset\obj/../StdPeriphDriver/CH57x_clk.c:78
{
    1330:	1141                	addi	sp,sp,-16
c:\Users\seanw\mounriver-studio-projects\EC-reset\obj/../StdPeriphDriver/CH57x_clk.c:82
    x32M_c = (x32M_c & 0x0f) | (c << 4);
    1332:	8bbd                	andi	a5,a5,15
    1334:	8fc9                	or	a5,a5,a0
    1336:	0ff7f793          	zext.b	a5,a5
__risc_v_disable_irq():
c:/Users/seanw/mounriver-studio-projects/EC-reset/RVMSIS/core_riscv.h:154
    __asm volatile("csrrc %0, 0x800, %1" : \
    133a:	08800693          	li	a3,136
    133e:	8006b6f3          	csrrc	a3,0x800,a3
c:/Users/seanw/mounriver-studio-projects/EC-reset/RVMSIS/core_riscv.h:156
    return result & 0x88;
    1342:	0886f693          	andi	a3,a3,136
HSECFG_Capacitance():
c:\Users\seanw\mounriver-studio-projects\EC-reset\obj/../StdPeriphDriver/CH57x_clk.c:84

    sys_safe_access_enable();
    1346:	c636                	sw	a3,12(sp)
    1348:	0000100f          	fence.i
    134c:	05700693          	li	a3,87
    1350:	04d70023          	sb	a3,64(a4)
    1354:	fa800693          	li	a3,-88
    1358:	04d70023          	sb	a3,64(a4)
    135c:	0000100f          	fence.i
c:\Users\seanw\mounriver-studio-projects\EC-reset\obj/../StdPeriphDriver/CH57x_clk.c:85
    R8_XT32M_TUNE = x32M_c;
    1360:	04f70723          	sb	a5,78(a4)
c:\Users\seanw\mounriver-studio-projects\EC-reset\obj/../StdPeriphDriver/CH57x_clk.c:86
    sys_safe_access_disable();
    1364:	04070023          	sb	zero,64(a4)
    1368:	47b2                	lw	a5,12(sp)
__risc_v_enable_irq():
c:/Users/seanw/mounriver-studio-projects/EC-reset/RVMSIS/core_riscv.h:138
    __asm volatile("csrrs %0, 0x800, %1" : \
    136a:	8007a7f3          	csrrs	a5,0x800,a5
HSECFG_Capacitance():
c:\Users\seanw\mounriver-studio-projects\EC-reset\obj/../StdPeriphDriver/CH57x_clk.c:86
    136e:	0000100f          	fence.i
c:\Users\seanw\mounriver-studio-projects\EC-reset\obj/../StdPeriphDriver/CH57x_clk.c:87
}
    1372:	0141                	addi	sp,sp,16
    1374:	8082                	ret

00001376 <RTC_GetITFlag>:
RTC_GetITFlag():
c:\Users\seanw\mounriver-studio-projects\EC-reset\obj/../StdPeriphDriver/CH57x_clk.c:443
 */
uint8_t RTC_GetITFlag(RTC_EVENTTypeDef f)
{
    if(f == RTC_TRIG_EVENT)
    {
        return (R8_RTC_FLAG_CTRL & RB_RTC_TRIG_FLAG);
    1376:	400017b7          	lui	a5,0x40001
c:\Users\seanw\mounriver-studio-projects\EC-reset\obj/../StdPeriphDriver/CH57x_clk.c:441
    if(f == RTC_TRIG_EVENT)
    137a:	e511                	bnez	a0,1386 <RTC_GetITFlag+0x10>
c:\Users\seanw\mounriver-studio-projects\EC-reset\obj/../StdPeriphDriver/CH57x_clk.c:443
        return (R8_RTC_FLAG_CTRL & RB_RTC_TRIG_FLAG);
    137c:	0307c503          	lbu	a0,48(a5) # 40001030 <_eusrstack+0x1fffe030>
    1380:	08057513          	andi	a0,a0,128
    1384:	8082                	ret
c:\Users\seanw\mounriver-studio-projects\EC-reset\obj/../StdPeriphDriver/CH57x_clk.c:447
    }
    else
    {
        return (R8_RTC_FLAG_CTRL & RB_RTC_TMR_FLAG);
    1386:	0307c503          	lbu	a0,48(a5)
    138a:	04057513          	andi	a0,a0,64
c:\Users\seanw\mounriver-studio-projects\EC-reset\obj/../StdPeriphDriver/CH57x_clk.c:449
    }
}
    138e:	8082                	ret

00001390 <RTC_ClearITFlag>:
RTC_ClearITFlag():
c:\Users\seanw\mounriver-studio-projects\EC-reset\obj/../StdPeriphDriver/CH57x_clk.c:462
 *
 * @return  none
 */
void RTC_ClearITFlag(RTC_EVENTTypeDef f)
{
    switch(f)
    1390:	c509                	beqz	a0,139a <RTC_ClearITFlag+0xa>
    1392:	4785                	li	a5,1
    1394:	00f50a63          	beq	a0,a5,13a8 <RTC_ClearITFlag+0x18>
    1398:	8082                	ret
c:\Users\seanw\mounriver-studio-projects\EC-reset\obj/../StdPeriphDriver/CH57x_clk.c:465
    {
        case RTC_TRIG_EVENT:
            R8_RTC_FLAG_CTRL = RB_RTC_TRIG_CLR;
    139a:	400017b7          	lui	a5,0x40001
    139e:	02000713          	li	a4,32
c:\Users\seanw\mounriver-studio-projects\EC-reset\obj/../StdPeriphDriver/CH57x_clk.c:468
            break;
        case RTC_TMR_EVENT:
            R8_RTC_FLAG_CTRL = RB_RTC_TMR_CLR;
    13a2:	02e78823          	sb	a4,48(a5) # 40001030 <_eusrstack+0x1fffe030>
c:\Users\seanw\mounriver-studio-projects\EC-reset\obj/../StdPeriphDriver/CH57x_clk.c:473
            break;
        default:
            break;
    }
}
    13a6:	8082                	ret
c:\Users\seanw\mounriver-studio-projects\EC-reset\obj/../StdPeriphDriver/CH57x_clk.c:468
            R8_RTC_FLAG_CTRL = RB_RTC_TMR_CLR;
    13a8:	400017b7          	lui	a5,0x40001
    13ac:	4741                	li	a4,16
    13ae:	bfd5                	j	13a2 <RTC_ClearITFlag+0x12>

000013b0 <GPIOA_ModeCfg>:
GPIOA_ModeCfg():
c:\Users\seanw\mounriver-studio-projects\EC-reset\obj/../StdPeriphDriver/CH57x_gpio.c:27
 *
 * @return  none
 */
void GPIOA_ModeCfg(uint32_t pin, GPIOModeTypeDef mode)
{
    switch(mode)
    13b0:	4791                	li	a5,4
    13b2:	04b7ec63          	bltu	a5,a1,140a <GPIOA_ModeCfg+0x5a>
    13b6:	00001797          	auipc	a5,0x1
    13ba:	68a78793          	addi	a5,a5,1674 # 2a40 <_read+0x3a>
    13be:	20f5c5b3          	sh2add	a1,a1,a5
    13c2:	4198                	lw	a4,0(a1)
    13c4:	973e                	add	a4,a4,a5
    13c6:	400017b7          	lui	a5,0x40001
    13ca:	0b478793          	addi	a5,a5,180 # 400010b4 <_eusrstack+0x1fffe0b4>
    13ce:	8702                	jr	a4
c:\Users\seanw\mounriver-studio-projects\EC-reset\obj/../StdPeriphDriver/CH57x_gpio.c:30
    {
        case GPIO_ModeIN_Floating:
            R32_PA_PD_DRV &= ~pin;
    13d0:	4394                	lw	a3,0(a5)
    13d2:	40001737          	lui	a4,0x40001
    13d6:	40a6f6b3          	andn	a3,a3,a0
c:\Users\seanw\mounriver-studio-projects\EC-reset\obj/../StdPeriphDriver/CH57x_gpio.c:42
            R32_PA_PU |= pin;
            R32_PA_DIR &= ~pin;
            break;

        case GPIO_ModeIN_PD:
            R32_PA_PD_DRV |= pin;
    13da:	c394                	sw	a3,0(a5)
c:\Users\seanw\mounriver-studio-projects\EC-reset\obj/../StdPeriphDriver/CH57x_gpio.c:43
            R32_PA_PU &= ~pin;
    13dc:	0b070693          	addi	a3,a4,176 # 400010b0 <_eusrstack+0x1fffe0b0>
    13e0:	429c                	lw	a5,0(a3)
    13e2:	40a7f7b3          	andn	a5,a5,a0
    13e6:	a819                	j	13fc <GPIOA_ModeCfg+0x4c>
c:\Users\seanw\mounriver-studio-projects\EC-reset\obj/../StdPeriphDriver/CH57x_gpio.c:36
            R32_PA_PD_DRV &= ~pin;
    13e8:	4394                	lw	a3,0(a5)
    13ea:	40001737          	lui	a4,0x40001
    13ee:	40a6f6b3          	andn	a3,a3,a0
    13f2:	c394                	sw	a3,0(a5)
c:\Users\seanw\mounriver-studio-projects\EC-reset\obj/../StdPeriphDriver/CH57x_gpio.c:37
            R32_PA_PU |= pin;
    13f4:	0b070693          	addi	a3,a4,176 # 400010b0 <_eusrstack+0x1fffe0b0>
    13f8:	429c                	lw	a5,0(a3)
    13fa:	8fc9                	or	a5,a5,a0
c:\Users\seanw\mounriver-studio-projects\EC-reset\obj/../StdPeriphDriver/CH57x_gpio.c:43
            R32_PA_PU &= ~pin;
    13fc:	c29c                	sw	a5,0(a3)
c:\Users\seanw\mounriver-studio-projects\EC-reset\obj/../StdPeriphDriver/CH57x_gpio.c:44
            R32_PA_DIR &= ~pin;
    13fe:	0a070793          	addi	a5,a4,160
    1402:	4398                	lw	a4,0(a5)
    1404:	40a77733          	andn	a4,a4,a0
c:\Users\seanw\mounriver-studio-projects\EC-reset\obj/../StdPeriphDriver/CH57x_gpio.c:54
            R32_PA_DIR |= pin;
            break;

        case GPIO_ModeOut_PP_20mA:
            R32_PA_PD_DRV |= pin;
            R32_PA_DIR |= pin;
    1408:	c398                	sw	a4,0(a5)
c:\Users\seanw\mounriver-studio-projects\EC-reset\obj/../StdPeriphDriver/CH57x_gpio.c:60
            break;

        default:
            break;
    }
}
    140a:	8082                	ret
c:\Users\seanw\mounriver-studio-projects\EC-reset\obj/../StdPeriphDriver/CH57x_gpio.c:42
            R32_PA_PD_DRV |= pin;
    140c:	4394                	lw	a3,0(a5)
    140e:	40001737          	lui	a4,0x40001
    1412:	8ec9                	or	a3,a3,a0
    1414:	b7d9                	j	13da <GPIOA_ModeCfg+0x2a>
c:\Users\seanw\mounriver-studio-projects\EC-reset\obj/../StdPeriphDriver/CH57x_gpio.c:48
            R32_PA_PD_DRV &= ~pin;
    1416:	4398                	lw	a4,0(a5)
    1418:	40a77733          	andn	a4,a4,a0
c:\Users\seanw\mounriver-studio-projects\EC-reset\obj/../StdPeriphDriver/CH57x_gpio.c:53
            R32_PA_PD_DRV |= pin;
    141c:	c398                	sw	a4,0(a5)
c:\Users\seanw\mounriver-studio-projects\EC-reset\obj/../StdPeriphDriver/CH57x_gpio.c:54
            R32_PA_DIR |= pin;
    141e:	400017b7          	lui	a5,0x40001
    1422:	0a078793          	addi	a5,a5,160 # 400010a0 <_eusrstack+0x1fffe0a0>
    1426:	4398                	lw	a4,0(a5)
    1428:	8f49                	or	a4,a4,a0
    142a:	bff9                	j	1408 <GPIOA_ModeCfg+0x58>
c:\Users\seanw\mounriver-studio-projects\EC-reset\obj/../StdPeriphDriver/CH57x_gpio.c:53
            R32_PA_PD_DRV |= pin;
    142c:	4398                	lw	a4,0(a5)
    142e:	8f49                	or	a4,a4,a0
    1430:	b7f5                	j	141c <GPIOA_ModeCfg+0x6c>

00001432 <I2C_GenerateSTART>:
I2C_GenerateSTART():
c:\Users\seanw\mounriver-studio-projects\EC-reset\obj/../StdPeriphDriver/CH57x_i2c.c:117
 * @return  none
 */
void I2C_GenerateSTART(FunctionalState NewState)
{
    if(NewState != DISABLE)
        R16_I2C_CTRL1 |= RB_I2C_START;
    1432:	40005737          	lui	a4,0x40005
    1436:	80075783          	lhu	a5,-2048(a4) # 40004800 <_eusrstack+0x20001800>
c:\Users\seanw\mounriver-studio-projects\EC-reset\obj/../StdPeriphDriver/CH57x_i2c.c:116
    if(NewState != DISABLE)
    143a:	c511                	beqz	a0,1446 <I2C_GenerateSTART+0x14>
c:\Users\seanw\mounriver-studio-projects\EC-reset\obj/../StdPeriphDriver/CH57x_i2c.c:117
        R16_I2C_CTRL1 |= RB_I2C_START;
    143c:	1007e793          	ori	a5,a5,256
c:\Users\seanw\mounriver-studio-projects\EC-reset\obj/../StdPeriphDriver/CH57x_i2c.c:119
    else
        R16_I2C_CTRL1 &= ~RB_I2C_START;
    1440:	80f71023          	sh	a5,-2048(a4)
c:\Users\seanw\mounriver-studio-projects\EC-reset\obj/../StdPeriphDriver/CH57x_i2c.c:120
}
    1444:	8082                	ret
c:\Users\seanw\mounriver-studio-projects\EC-reset\obj/../StdPeriphDriver/CH57x_i2c.c:119
        R16_I2C_CTRL1 &= ~RB_I2C_START;
    1446:	0807c7b3          	zext.h	a5,a5
    144a:	eff7f793          	andi	a5,a5,-257
    144e:	0807c7b3          	zext.h	a5,a5
    1452:	b7fd                	j	1440 <I2C_GenerateSTART+0xe>

00001454 <I2C_GenerateSTOP>:
I2C_GenerateSTOP():
c:\Users\seanw\mounriver-studio-projects\EC-reset\obj/../StdPeriphDriver/CH57x_i2c.c:134
 * @return  none
 */
void I2C_GenerateSTOP(FunctionalState NewState)
{
    if(NewState != DISABLE)
        R16_I2C_CTRL1 |= RB_I2C_STOP;
    1454:	40005737          	lui	a4,0x40005
    1458:	80075783          	lhu	a5,-2048(a4) # 40004800 <_eusrstack+0x20001800>
c:\Users\seanw\mounriver-studio-projects\EC-reset\obj/../StdPeriphDriver/CH57x_i2c.c:133
    if(NewState != DISABLE)
    145c:	c511                	beqz	a0,1468 <I2C_GenerateSTOP+0x14>
c:\Users\seanw\mounriver-studio-projects\EC-reset\obj/../StdPeriphDriver/CH57x_i2c.c:134
        R16_I2C_CTRL1 |= RB_I2C_STOP;
    145e:	2007e793          	ori	a5,a5,512
c:\Users\seanw\mounriver-studio-projects\EC-reset\obj/../StdPeriphDriver/CH57x_i2c.c:136
    else
        R16_I2C_CTRL1 &= ~RB_I2C_STOP;
    1462:	80f71023          	sh	a5,-2048(a4)
c:\Users\seanw\mounriver-studio-projects\EC-reset\obj/../StdPeriphDriver/CH57x_i2c.c:137
}
    1466:	8082                	ret
c:\Users\seanw\mounriver-studio-projects\EC-reset\obj/../StdPeriphDriver/CH57x_i2c.c:136
        R16_I2C_CTRL1 &= ~RB_I2C_STOP;
    1468:	0807c7b3          	zext.h	a5,a5
    146c:	dff7f793          	andi	a5,a5,-513
    1470:	0807c7b3          	zext.h	a5,a5
    1474:	b7fd                	j	1462 <I2C_GenerateSTOP+0xe>

00001476 <I2C_AcknowledgeConfig>:
I2C_AcknowledgeConfig():
c:\Users\seanw\mounriver-studio-projects\EC-reset\obj/../StdPeriphDriver/CH57x_i2c.c:151
 * @return  none
 */
void I2C_AcknowledgeConfig(FunctionalState NewState)
{
    if(NewState != DISABLE)
        R16_I2C_CTRL1 |= RB_I2C_ACK;
    1476:	40005737          	lui	a4,0x40005
    147a:	80075783          	lhu	a5,-2048(a4) # 40004800 <_eusrstack+0x20001800>
c:\Users\seanw\mounriver-studio-projects\EC-reset\obj/../StdPeriphDriver/CH57x_i2c.c:150
    if(NewState != DISABLE)
    147e:	c511                	beqz	a0,148a <I2C_AcknowledgeConfig+0x14>
c:\Users\seanw\mounriver-studio-projects\EC-reset\obj/../StdPeriphDriver/CH57x_i2c.c:151
        R16_I2C_CTRL1 |= RB_I2C_ACK;
    1480:	4007e793          	ori	a5,a5,1024
c:\Users\seanw\mounriver-studio-projects\EC-reset\obj/../StdPeriphDriver/CH57x_i2c.c:153
    else
        R16_I2C_CTRL1 &= ~RB_I2C_ACK;
    1484:	80f71023          	sh	a5,-2048(a4)
c:\Users\seanw\mounriver-studio-projects\EC-reset\obj/../StdPeriphDriver/CH57x_i2c.c:154
}
    1488:	8082                	ret
c:\Users\seanw\mounriver-studio-projects\EC-reset\obj/../StdPeriphDriver/CH57x_i2c.c:153
        R16_I2C_CTRL1 &= ~RB_I2C_ACK;
    148a:	0807c7b3          	zext.h	a5,a5
    148e:	bff7f793          	andi	a5,a5,-1025
    1492:	0807c7b3          	zext.h	a5,a5
    1496:	b7fd                	j	1484 <I2C_AcknowledgeConfig+0xe>

00001498 <I2C_ITConfig>:
I2C_ITConfig():
c:\Users\seanw\mounriver-studio-projects\EC-reset\obj/../StdPeriphDriver/CH57x_i2c.c:221
 * @return  none
 */
void I2C_ITConfig(I2C_ITTypeDef I2C_IT, FunctionalState NewState)
{
    if(NewState != DISABLE)
        R16_I2C_CTRL2 |= I2C_IT;
    1498:	08054533          	zext.h	a0,a0
c:\Users\seanw\mounriver-studio-projects\EC-reset\obj/../StdPeriphDriver/CH57x_i2c.c:220
    if(NewState != DISABLE)
    149c:	c989                	beqz	a1,14ae <I2C_ITConfig+0x16>
c:\Users\seanw\mounriver-studio-projects\EC-reset\obj/../StdPeriphDriver/CH57x_i2c.c:221
        R16_I2C_CTRL2 |= I2C_IT;
    149e:	40005737          	lui	a4,0x40005
    14a2:	80475783          	lhu	a5,-2044(a4) # 40004804 <_eusrstack+0x20001804>
    14a6:	8fc9                	or	a5,a5,a0
    14a8:	80f71223          	sh	a5,-2044(a4)
    14ac:	8082                	ret
c:\Users\seanw\mounriver-studio-projects\EC-reset\obj/../StdPeriphDriver/CH57x_i2c.c:223
    else
        R16_I2C_CTRL2 &= (uint16_t)~I2C_IT;
    14ae:	400057b7          	lui	a5,0x40005
    14b2:	8047d703          	lhu	a4,-2044(a5) # 40004804 <_eusrstack+0x20001804>
    14b6:	40a77533          	andn	a0,a4,a0
    14ba:	80a79223          	sh	a0,-2044(a5)
c:\Users\seanw\mounriver-studio-projects\EC-reset\obj/../StdPeriphDriver/CH57x_i2c.c:224
}
    14be:	8082                	ret

000014c0 <I2C_SendData>:
I2C_SendData():
c:\Users\seanw\mounriver-studio-projects\EC-reset\obj/../StdPeriphDriver/CH57x_i2c.c:237
 *
 * @return  none
 */
void I2C_SendData(uint8_t Data)
{
    R16_I2C_DATAR = Data;
    14c0:	400057b7          	lui	a5,0x40005
    14c4:	80a79823          	sh	a0,-2032(a5) # 40004810 <_eusrstack+0x20001810>
c:\Users\seanw\mounriver-studio-projects\EC-reset\obj/../StdPeriphDriver/CH57x_i2c.c:238
}
    14c8:	8082                	ret

000014ca <I2C_ReceiveData>:
I2C_ReceiveData():
c:\Users\seanw\mounriver-studio-projects\EC-reset\obj/../StdPeriphDriver/CH57x_i2c.c:249
 *
 * @return  The value of the received data.
 */
uint8_t I2C_ReceiveData(void)
{
    return (uint8_t)R16_I2C_DATAR;
    14ca:	400057b7          	lui	a5,0x40005
    14ce:	8107d503          	lhu	a0,-2032(a5) # 40004810 <_eusrstack+0x20001810>
c:\Users\seanw\mounriver-studio-projects\EC-reset\obj/../StdPeriphDriver/CH57x_i2c.c:250
}
    14d2:	0ff57513          	zext.b	a0,a0
    14d6:	8082                	ret

000014d8 <I2C_SoftwareResetCmd>:
I2C_SoftwareResetCmd():
c:\Users\seanw\mounriver-studio-projects\EC-reset\obj/../StdPeriphDriver/CH57x_i2c.c:286
 * @return  none
 */
void I2C_SoftwareResetCmd(FunctionalState NewState)
{
    if(NewState != DISABLE)
        R16_I2C_CTRL1 |= RB_I2C_SWRST;
    14d8:	40005737          	lui	a4,0x40005
    14dc:	80075783          	lhu	a5,-2048(a4) # 40004800 <_eusrstack+0x20001800>
c:\Users\seanw\mounriver-studio-projects\EC-reset\obj/../StdPeriphDriver/CH57x_i2c.c:285
    if(NewState != DISABLE)
    14e0:	c511                	beqz	a0,14ec <I2C_SoftwareResetCmd+0x14>
c:\Users\seanw\mounriver-studio-projects\EC-reset\obj/../StdPeriphDriver/CH57x_i2c.c:286
        R16_I2C_CTRL1 |= RB_I2C_SWRST;
    14e2:	28f79793          	bseti	a5,a5,0xf
c:\Users\seanw\mounriver-studio-projects\EC-reset\obj/../StdPeriphDriver/CH57x_i2c.c:288
    else
        R16_I2C_CTRL1 &= ~RB_I2C_SWRST;
    14e6:	80f71023          	sh	a5,-2048(a4)
c:\Users\seanw\mounriver-studio-projects\EC-reset\obj/../StdPeriphDriver/CH57x_i2c.c:289
}
    14ea:	8082                	ret
c:\Users\seanw\mounriver-studio-projects\EC-reset\obj/../StdPeriphDriver/CH57x_i2c.c:288
        R16_I2C_CTRL1 &= ~RB_I2C_SWRST;
    14ec:	07c6                	slli	a5,a5,0x11
    14ee:	83c5                	srli	a5,a5,0x11
    14f0:	bfdd                	j	14e6 <I2C_SoftwareResetCmd+0xe>

000014f2 <I2C_Init>:
I2C_Init():
c:\Users\seanw\mounriver-studio-projects\EC-reset\obj/../StdPeriphDriver/CH57x_i2c.c:34
{
    14f2:	1101                	addi	sp,sp,-32
    14f4:	ca26                	sw	s1,20(sp)
I2C_SoftwareResetCmd():
c:\Users\seanw\mounriver-studio-projects\EC-reset\obj/../StdPeriphDriver/CH57x_i2c.c:286
        R16_I2C_CTRL1 |= RB_I2C_SWRST;
    14f6:	400054b7          	lui	s1,0x40005
I2C_Init():
c:\Users\seanw\mounriver-studio-projects\EC-reset\obj/../StdPeriphDriver/CH57x_i2c.c:34
{
    14fa:	c452                	sw	s4,8(sp)
    14fc:	8a3e                	mv	s4,a5
I2C_SoftwareResetCmd():
c:\Users\seanw\mounriver-studio-projects\EC-reset\obj/../StdPeriphDriver/CH57x_i2c.c:286
        R16_I2C_CTRL1 |= RB_I2C_SWRST;
    14fe:	8004d783          	lhu	a5,-2048(s1) # 40004800 <_eusrstack+0x20001800>
I2C_Init():
c:\Users\seanw\mounriver-studio-projects\EC-reset\obj/../StdPeriphDriver/CH57x_i2c.c:34
{
    1502:	ce06                	sw	ra,28(sp)
    1504:	cc22                	sw	s0,24(sp)
    1506:	c84a                	sw	s2,16(sp)
    1508:	c64e                	sw	s3,12(sp)
    150a:	c256                	sw	s5,4(sp)
    150c:	c05a                	sw	s6,0(sp)
I2C_SoftwareResetCmd():
c:\Users\seanw\mounriver-studio-projects\EC-reset\obj/../StdPeriphDriver/CH57x_i2c.c:286
        R16_I2C_CTRL1 |= RB_I2C_SWRST;
    150e:	28f79793          	bseti	a5,a5,0xf
I2C_Init():
c:\Users\seanw\mounriver-studio-projects\EC-reset\obj/../StdPeriphDriver/CH57x_i2c.c:34
{
    1512:	892a                	mv	s2,a0
I2C_SoftwareResetCmd():
c:\Users\seanw\mounriver-studio-projects\EC-reset\obj/../StdPeriphDriver/CH57x_i2c.c:286
        R16_I2C_CTRL1 |= RB_I2C_SWRST;
    1514:	80f49023          	sh	a5,-2048(s1)
I2C_Init():
c:\Users\seanw\mounriver-studio-projects\EC-reset\obj/../StdPeriphDriver/CH57x_i2c.c:39
    I2C_SoftwareResetCmd(DISABLE);
    1518:	4501                	li	a0,0
c:\Users\seanw\mounriver-studio-projects\EC-reset\obj/../StdPeriphDriver/CH57x_i2c.c:34
{
    151a:	842e                	mv	s0,a1
    151c:	8b32                	mv	s6,a2
    151e:	8ab6                	mv	s5,a3
    1520:	89ba                	mv	s3,a4
c:\Users\seanw\mounriver-studio-projects\EC-reset\obj/../StdPeriphDriver/CH57x_i2c.c:39
    I2C_SoftwareResetCmd(DISABLE);
    1522:	3f5d                	jal	14d8 <I2C_SoftwareResetCmd>
c:\Users\seanw\mounriver-studio-projects\EC-reset\obj/../StdPeriphDriver/CH57x_i2c.c:41
    sysClock = GetSysClock();
    1524:	2a51                	jal	16b8 <GetSysClock>
c:\Users\seanw\mounriver-studio-projects\EC-reset\obj/../StdPeriphDriver/CH57x_i2c.c:44
    R16_I2C_CTRL2 |= (sysClock / 1000000);
    1526:	000f4837          	lui	a6,0xf4
    152a:	24080813          	addi	a6,a6,576 # f4240 <_data_lma+0xf16f4>
    152e:	03055833          	divu	a6,a0,a6
c:\Users\seanw\mounriver-studio-projects\EC-reset\obj/../StdPeriphDriver/CH57x_i2c.c:43
    R16_I2C_CTRL2 &= ~RB_I2C_FREQ;
    1532:	8044d783          	lhu	a5,-2044(s1)
    1536:	0807c7b3          	zext.h	a5,a5
    153a:	fc07f793          	andi	a5,a5,-64
    153e:	0807c7b3          	zext.h	a5,a5
    1542:	80f49223          	sh	a5,-2044(s1)
c:\Users\seanw\mounriver-studio-projects\EC-reset\obj/../StdPeriphDriver/CH57x_i2c.c:44
    R16_I2C_CTRL2 |= (sysClock / 1000000);
    1546:	8044d783          	lhu	a5,-2044(s1)
    154a:	0107e7b3          	or	a5,a5,a6
    154e:	0807c7b3          	zext.h	a5,a5
    1552:	80f49223          	sh	a5,-2044(s1)
c:\Users\seanw\mounriver-studio-projects\EC-reset\obj/../StdPeriphDriver/CH57x_i2c.c:46
    R16_I2C_CTRL1 &= ~RB_I2C_PE;
    1556:	8004d783          	lhu	a5,-2048(s1)
    155a:	0807c7b3          	zext.h	a5,a5
    155e:	9bf9                	andi	a5,a5,-2
    1560:	0807c7b3          	zext.h	a5,a5
    1564:	80f49023          	sh	a5,-2048(s1)
c:\Users\seanw\mounriver-studio-projects\EC-reset\obj/../StdPeriphDriver/CH57x_i2c.c:48
    if(I2C_ClockSpeed <= 100000)
    1568:	67e1                	lui	a5,0x18
    156a:	6a078793          	addi	a5,a5,1696 # 186a0 <_data_lma+0x15b54>
    156e:	0a87e163          	bltu	a5,s0,1610 <I2C_Init+0x11e>
c:\Users\seanw\mounriver-studio-projects\EC-reset\obj/../StdPeriphDriver/CH57x_i2c.c:50
        tmpreg = (sysClock / (I2C_ClockSpeed << 1)) & RB_I2C_CCR;
    1572:	0406                	slli	s0,s0,0x1
    1574:	02855433          	divu	s0,a0,s0
c:\Users\seanw\mounriver-studio-projects\EC-reset\obj/../StdPeriphDriver/CH57x_i2c.c:52
        if(tmpreg < 0x04)
    1578:	6785                	lui	a5,0x1
    157a:	ffc78713          	addi	a4,a5,-4 # ffc <i2c_read_from+0xce>
c:\Users\seanw\mounriver-studio-projects\EC-reset\obj/../StdPeriphDriver/CH57x_i2c.c:53
            tmpreg = 0x04;
    157e:	4611                	li	a2,4
c:\Users\seanw\mounriver-studio-projects\EC-reset\obj/../StdPeriphDriver/CH57x_i2c.c:50
        tmpreg = (sysClock / (I2C_ClockSpeed << 1)) & RB_I2C_CCR;
    1580:	08044433          	zext.h	s0,s0
c:\Users\seanw\mounriver-studio-projects\EC-reset\obj/../StdPeriphDriver/CH57x_i2c.c:52
        if(tmpreg < 0x04)
    1584:	8f61                	and	a4,a4,s0
    1586:	c701                	beqz	a4,158e <I2C_Init+0x9c>
c:\Users\seanw\mounriver-studio-projects\EC-reset\obj/../StdPeriphDriver/CH57x_i2c.c:50
        tmpreg = (sysClock / (I2C_ClockSpeed << 1)) & RB_I2C_CCR;
    1588:	17fd                	addi	a5,a5,-1
    158a:	00f47633          	and	a2,s0,a5
c:\Users\seanw\mounriver-studio-projects\EC-reset\obj/../StdPeriphDriver/CH57x_i2c.c:55
        R16_I2C_RTR = (((sysClock / 1000000) + 1) > 0x3F) ? 0x3F : ((sysClock / 1000000) + 1);
    158e:	0805                	addi	a6,a6,1
    1590:	03f00793          	li	a5,63
    1594:	0af85833          	minu	a6,a6,a5
c:\Users\seanw\mounriver-studio-projects\EC-reset\obj/../StdPeriphDriver/CH57x_i2c.c:75
        R16_I2C_RTR = (uint16_t)((((sysClock / 1000000) * (uint16_t)300) / (uint16_t)1000) + (uint16_t)1);
    1598:	400057b7          	lui	a5,0x40005
c:\Users\seanw\mounriver-studio-projects\EC-reset\obj/../StdPeriphDriver/CH57x_i2c.c:77
    R16_I2C_CKCFGR = tmpreg;
    159c:	400055b7          	lui	a1,0x40005
c:\Users\seanw\mounriver-studio-projects\EC-reset\obj/../StdPeriphDriver/CH57x_i2c.c:75
        R16_I2C_RTR = (uint16_t)((((sysClock / 1000000) * (uint16_t)300) / (uint16_t)1000) + (uint16_t)1);
    15a0:	08084833          	zext.h	a6,a6
    15a4:	83079023          	sh	a6,-2016(a5) # 40004820 <_eusrstack+0x20001820>
c:\Users\seanw\mounriver-studio-projects\EC-reset\obj/../StdPeriphDriver/CH57x_i2c.c:77
    R16_I2C_CKCFGR = tmpreg;
    15a8:	80c59e23          	sh	a2,-2020(a1) # 4000481c <_eusrstack+0x2000181c>
c:\Users\seanw\mounriver-studio-projects\EC-reset\obj/../StdPeriphDriver/CH57x_i2c.c:79
    R16_I2C_CTRL1 |= RB_I2C_PE;
    15ac:	8005d783          	lhu	a5,-2048(a1)
c:\Users\seanw\mounriver-studio-projects\EC-reset\obj/../StdPeriphDriver/CH57x_i2c.c:86
}
    15b0:	40f2                	lw	ra,28(sp)
    15b2:	4462                	lw	s0,24(sp)
c:\Users\seanw\mounriver-studio-projects\EC-reset\obj/../StdPeriphDriver/CH57x_i2c.c:79
    R16_I2C_CTRL1 |= RB_I2C_PE;
    15b4:	0017e793          	ori	a5,a5,1
    15b8:	80f59023          	sh	a5,-2048(a1)
c:\Users\seanw\mounriver-studio-projects\EC-reset\obj/../StdPeriphDriver/CH57x_i2c.c:81
    R16_I2C_CTRL1 &= ~(RB_I2C_SMBUS | RB_I2C_SMBTYPE | RB_I2C_ACK);
    15bc:	8005d783          	lhu	a5,-2048(a1)
c:\Users\seanw\mounriver-studio-projects\EC-reset\obj/../StdPeriphDriver/CH57x_i2c.c:86
}
    15c0:	44d2                	lw	s1,20(sp)
    15c2:	4b02                	lw	s6,0(sp)
c:\Users\seanw\mounriver-studio-projects\EC-reset\obj/../StdPeriphDriver/CH57x_i2c.c:81
    R16_I2C_CTRL1 &= ~(RB_I2C_SMBUS | RB_I2C_SMBTYPE | RB_I2C_ACK);
    15c4:	0807c7b3          	zext.h	a5,a5
    15c8:	bf57f793          	andi	a5,a5,-1035
    15cc:	0807c7b3          	zext.h	a5,a5
    15d0:	80f59023          	sh	a5,-2048(a1)
c:\Users\seanw\mounriver-studio-projects\EC-reset\obj/../StdPeriphDriver/CH57x_i2c.c:82
    R16_I2C_CTRL1 |= I2C_Mode | I2C_Ack;
    15d4:	8005d503          	lhu	a0,-2048(a1)
    15d8:	01556533          	or	a0,a0,s5
    15dc:	01256533          	or	a0,a0,s2
    15e0:	08054533          	zext.h	a0,a0
    15e4:	80a59023          	sh	a0,-2048(a1)
c:\Users\seanw\mounriver-studio-projects\EC-reset\obj/../StdPeriphDriver/CH57x_i2c.c:84
    R16_I2C_OADDR1 &= 0;
    15e8:	8085d783          	lhu	a5,-2040(a1)
    15ec:	80059423          	sh	zero,-2040(a1)
c:\Users\seanw\mounriver-studio-projects\EC-reset\obj/../StdPeriphDriver/CH57x_i2c.c:85
    R16_I2C_OADDR1 |= I2C_AckAddr | I2C_OwnAddress1;
    15f0:	8085d683          	lhu	a3,-2040(a1)
c:\Users\seanw\mounriver-studio-projects\EC-reset\obj/../StdPeriphDriver/CH57x_i2c.c:86
}
    15f4:	4942                	lw	s2,16(sp)
    15f6:	4a92                	lw	s5,4(sp)
c:\Users\seanw\mounriver-studio-projects\EC-reset\obj/../StdPeriphDriver/CH57x_i2c.c:85
    R16_I2C_OADDR1 |= I2C_AckAddr | I2C_OwnAddress1;
    15f8:	0146e7b3          	or	a5,a3,s4
    15fc:	0137e733          	or	a4,a5,s3
    1600:	08074733          	zext.h	a4,a4
    1604:	80e59423          	sh	a4,-2040(a1)
c:\Users\seanw\mounriver-studio-projects\EC-reset\obj/../StdPeriphDriver/CH57x_i2c.c:86
}
    1608:	49b2                	lw	s3,12(sp)
    160a:	4a22                	lw	s4,8(sp)
    160c:	6105                	addi	sp,sp,32
    160e:	8082                	ret
c:\Users\seanw\mounriver-studio-projects\EC-reset\obj/../StdPeriphDriver/CH57x_i2c.c:59
        if(I2C_DutyCycle == I2C_DutyCycle_2)
    1610:	020b1863          	bnez	s6,1640 <I2C_Init+0x14e>
c:\Users\seanw\mounriver-studio-projects\EC-reset\obj/../StdPeriphDriver/CH57x_i2c.c:61
            tmpreg = (sysClock / (I2C_ClockSpeed * 3)) & RB_I2C_CCR;
    1614:	458d                	li	a1,3
    1616:	02b405b3          	mul	a1,s0,a1
    161a:	4605                	li	a2,1
    161c:	02b555b3          	divu	a1,a0,a1
    1620:	05d2                	slli	a1,a1,0x14
    1622:	81d1                	srli	a1,a1,0x14
    1624:	0ac5f633          	maxu	a2,a1,a2
c:\Users\seanw\mounriver-studio-projects\EC-reset\obj/../StdPeriphDriver/CH57x_i2c.c:75
        R16_I2C_RTR = (uint16_t)((((sysClock / 1000000) * (uint16_t)300) / (uint16_t)1000) + (uint16_t)1);
    1628:	12c00793          	li	a5,300
    162c:	02f80833          	mul	a6,a6,a5
    1630:	3e800793          	li	a5,1000
c:\Users\seanw\mounriver-studio-projects\EC-reset\obj/../StdPeriphDriver/CH57x_i2c.c:74
        tmpreg |= RB_I2C_F_S;
    1634:	28f61613          	bseti	a2,a2,0xf
c:\Users\seanw\mounriver-studio-projects\EC-reset\obj/../StdPeriphDriver/CH57x_i2c.c:75
        R16_I2C_RTR = (uint16_t)((((sysClock / 1000000) * (uint16_t)300) / (uint16_t)1000) + (uint16_t)1);
    1638:	02f85833          	divu	a6,a6,a5
    163c:	0805                	addi	a6,a6,1
    163e:	bfa9                	j	1598 <I2C_Init+0xa6>
c:\Users\seanw\mounriver-studio-projects\EC-reset\obj/../StdPeriphDriver/CH57x_i2c.c:65
            tmpreg = (sysClock / (I2C_ClockSpeed * 25)) & RB_I2C_CCR;
    1640:	47e5                	li	a5,25
    1642:	02f40433          	mul	s0,s0,a5
    1646:	02855633          	divu	a2,a0,s0
    164a:	0652                	slli	a2,a2,0x14
    164c:	8251                	srli	a2,a2,0x14
c:\Users\seanw\mounriver-studio-projects\EC-reset\obj/../StdPeriphDriver/CH57x_i2c.c:66
            tmpreg |= I2C_DutyCycle_16_9;
    164e:	28e61613          	bseti	a2,a2,0xe
c:\Users\seanw\mounriver-studio-projects\EC-reset\obj/../StdPeriphDriver/CH57x_i2c.c:69
        if(tmpreg == 0)
    1652:	bfd9                	j	1628 <I2C_Init+0x136>

00001654 <I2C_GetLastEvent>:
I2C_GetLastEvent():
c:\Users\seanw\mounriver-studio-projects\EC-reset\obj/../StdPeriphDriver/CH57x_i2c.c:512
uint32_t I2C_GetLastEvent(void)
{
    uint32_t lastevent = 0;
    uint32_t flag1 = 0, flag2 = 0;

    flag1 = R16_I2C_STAR1;
    1654:	400057b7          	lui	a5,0x40005
    1658:	8147d703          	lhu	a4,-2028(a5) # 40004814 <_eusrstack+0x20001814>
c:\Users\seanw\mounriver-studio-projects\EC-reset\obj/../StdPeriphDriver/CH57x_i2c.c:513
    flag2 = R16_I2C_STAR2;
    165c:	8187d503          	lhu	a0,-2024(a5)
c:\Users\seanw\mounriver-studio-projects\EC-reset\obj/../StdPeriphDriver/CH57x_i2c.c:514
    flag2 = flag2 << 16;
    1660:	0542                	slli	a0,a0,0x10
c:\Users\seanw\mounriver-studio-projects\EC-reset\obj/../StdPeriphDriver/CH57x_i2c.c:515
    lastevent = (flag1 | flag2) & FLAG_Mask;
    1662:	8d59                	or	a0,a0,a4
    1664:	0522                	slli	a0,a0,0x8
c:\Users\seanw\mounriver-studio-projects\EC-reset\obj/../StdPeriphDriver/CH57x_i2c.c:518

    return lastevent;
}
    1666:	8121                	srli	a0,a0,0x8
    1668:	8082                	ret

0000166a <I2C_GetFlagStatus>:
I2C_GetFlagStatus():
c:\Users\seanw\mounriver-studio-projects\EC-reset\obj/../StdPeriphDriver/CH57x_i2c.c:552
 *                        I2C_FLAG_SB           - Start bit flag (Master mode).
 *
 * @return  FlagStatus  - SET or RESET.
 */
FlagStatus I2C_GetFlagStatus(uint32_t I2C_FLAG)
{
    166a:	1141                	addi	sp,sp,-16
c:\Users\seanw\mounriver-studio-projects\EC-reset\obj/../StdPeriphDriver/CH57x_i2c.c:554
    FlagStatus    bitstatus = RESET;
    __IO uint32_t i2creg = 0, i2cxbase = 0;
    166c:	c402                	sw	zero,8(sp)
c:\Users\seanw\mounriver-studio-projects\EC-reset\obj/../StdPeriphDriver/CH57x_i2c.c:556

    i2cxbase = (uint32_t)BA_I2C;
    166e:	400057b7          	lui	a5,0x40005
c:\Users\seanw\mounriver-studio-projects\EC-reset\obj/../StdPeriphDriver/CH57x_i2c.c:554
    __IO uint32_t i2creg = 0, i2cxbase = 0;
    1672:	c602                	sw	zero,12(sp)
c:\Users\seanw\mounriver-studio-projects\EC-reset\obj/../StdPeriphDriver/CH57x_i2c.c:556
    i2cxbase = (uint32_t)BA_I2C;
    1674:	80078793          	addi	a5,a5,-2048 # 40004800 <_eusrstack+0x20001800>
    1678:	c63e                	sw	a5,12(sp)
c:\Users\seanw\mounriver-studio-projects\EC-reset\obj/../StdPeriphDriver/CH57x_i2c.c:557
    i2creg = I2C_FLAG >> 28;
    167a:	01c55793          	srli	a5,a0,0x1c
    167e:	c43e                	sw	a5,8(sp)
c:\Users\seanw\mounriver-studio-projects\EC-reset\obj/../StdPeriphDriver/CH57x_i2c.c:560
    I2C_FLAG &= FLAG_Mask;

    if(i2creg != 0)
    1680:	4722                	lw	a4,8(sp)
c:\Users\seanw\mounriver-studio-projects\EC-reset\obj/../StdPeriphDriver/CH57x_i2c.c:558
    I2C_FLAG &= FLAG_Mask;
    1682:	0522                	slli	a0,a0,0x8
    1684:	00855793          	srli	a5,a0,0x8
c:\Users\seanw\mounriver-studio-projects\EC-reset\obj/../StdPeriphDriver/CH57x_i2c.c:560
    if(i2creg != 0)
    1688:	cb19                	beqz	a4,169e <I2C_GetFlagStatus+0x34>
c:\Users\seanw\mounriver-studio-projects\EC-reset\obj/../StdPeriphDriver/CH57x_i2c.c:562
    {
        i2cxbase += 0x14;
    168a:	4732                	lw	a4,12(sp)
    168c:	0751                	addi	a4,a4,20
c:\Users\seanw\mounriver-studio-projects\EC-reset\obj/../StdPeriphDriver/CH57x_i2c.c:567
    }
    else
    {
        I2C_FLAG = (uint32_t)(I2C_FLAG >> 16);
        i2cxbase += 0x18;
    168e:	c63a                	sw	a4,12(sp)
c:\Users\seanw\mounriver-studio-projects\EC-reset\obj/../StdPeriphDriver/CH57x_i2c.c:570
    }

    if(((*(__IO uint32_t *)i2cxbase) & I2C_FLAG) != (uint32_t)RESET)
    1690:	4732                	lw	a4,12(sp)
    1692:	4308                	lw	a0,0(a4)
c:\Users\seanw\mounriver-studio-projects\EC-reset\obj/../StdPeriphDriver/CH57x_i2c.c:580
    {
        bitstatus = RESET;
    }

    return bitstatus;
}
    1694:	0141                	addi	sp,sp,16
c:\Users\seanw\mounriver-studio-projects\EC-reset\obj/../StdPeriphDriver/CH57x_i2c.c:570
    if(((*(__IO uint32_t *)i2cxbase) & I2C_FLAG) != (uint32_t)RESET)
    1696:	8d7d                	and	a0,a0,a5
c:\Users\seanw\mounriver-studio-projects\EC-reset\obj/../StdPeriphDriver/CH57x_i2c.c:580
}
    1698:	00a03533          	snez	a0,a0
    169c:	8082                	ret
c:\Users\seanw\mounriver-studio-projects\EC-reset\obj/../StdPeriphDriver/CH57x_i2c.c:567
        i2cxbase += 0x18;
    169e:	4732                	lw	a4,12(sp)
c:\Users\seanw\mounriver-studio-projects\EC-reset\obj/../StdPeriphDriver/CH57x_i2c.c:566
        I2C_FLAG = (uint32_t)(I2C_FLAG >> 16);
    16a0:	83c1                	srli	a5,a5,0x10
c:\Users\seanw\mounriver-studio-projects\EC-reset\obj/../StdPeriphDriver/CH57x_i2c.c:567
        i2cxbase += 0x18;
    16a2:	0761                	addi	a4,a4,24
    16a4:	b7ed                	j	168e <I2C_GetFlagStatus+0x24>

000016a6 <I2C_ClearFlag>:
I2C_ClearFlag():
c:\Users\seanw\mounriver-studio-projects\EC-reset\obj/../StdPeriphDriver/CH57x_i2c.c:603
void I2C_ClearFlag(uint32_t I2C_FLAG)
{
    uint32_t flagpos = 0;

    flagpos = I2C_FLAG & FLAG_Mask;
    R16_I2C_STAR1 = (uint16_t)~flagpos;
    16a6:	fff54513          	not	a0,a0
    16aa:	400057b7          	lui	a5,0x40005
    16ae:	08054533          	zext.h	a0,a0
    16b2:	80a79a23          	sh	a0,-2028(a5) # 40004814 <_eusrstack+0x20001814>
c:\Users\seanw\mounriver-studio-projects\EC-reset\obj/../StdPeriphDriver/CH57x_i2c.c:604
}
    16b6:	8082                	ret

000016b8 <GetSysClock>:
GetSysClock():
c:\Users\seanw\mounriver-studio-projects\EC-reset\obj/../StdPeriphDriver/CH57x_sys.c:103
    if((R8_CLK_SYS_CFG & RB_CLK_SYS_MOD) == RB_CLK_SYS_MOD)
    16b8:	400017b7          	lui	a5,0x40001
    16bc:	2798                	lbu	a4,8(a5)
    16be:	0c000693          	li	a3,192
    16c2:	0c077713          	andi	a4,a4,192
    16c6:	00d71563          	bne	a4,a3,16d0 <GetSysClock+0x18>
c:\Users\seanw\mounriver-studio-projects\EC-reset\obj/../StdPeriphDriver/CH57x_sys.c:105
        return (Freq_LSI);
    16ca:	8281a503          	lw	a0,-2008(gp) # 20000dc0 <Freq_LSI>
    16ce:	8082                	ret
c:\Users\seanw\mounriver-studio-projects\EC-reset\obj/../StdPeriphDriver/CH57x_sys.c:107
    else if((R8_CLK_SYS_CFG & RB_CLK_SYS_MOD) == 0x40)
    16d0:	2798                	lbu	a4,8(a5)
    16d2:	04000693          	li	a3,64
    16d6:	0c077713          	andi	a4,a4,192
    16da:	02d71063          	bne	a4,a3,16fa <GetSysClock+0x42>
c:\Users\seanw\mounriver-studio-projects\EC-reset\obj/../StdPeriphDriver/CH57x_sys.c:109
        return (600000000 / ((R8_CLK_SYS_CFG & 0x1f)?(R8_CLK_SYS_CFG & 0x1f):32));
    16de:	2794                	lbu	a3,8(a5)
    16e0:	02000713          	li	a4,32
    16e4:	8afd                	andi	a3,a3,31
    16e6:	c299                	beqz	a3,16ec <GetSysClock+0x34>
c:\Users\seanw\mounriver-studio-projects\EC-reset\obj/../StdPeriphDriver/CH57x_sys.c:109 (discriminator 1)
    16e8:	2798                	lbu	a4,8(a5)
    16ea:	8b7d                	andi	a4,a4,31
c:\Users\seanw\mounriver-studio-projects\EC-reset\obj/../StdPeriphDriver/CH57x_sys.c:109 (discriminator 4)
    16ec:	23c34537          	lui	a0,0x23c34
    16f0:	60050513          	addi	a0,a0,1536 # 23c34600 <_eusrstack+0x3c31600>
c:\Users\seanw\mounriver-studio-projects\EC-reset\obj/../StdPeriphDriver/CH57x_sys.c:113 (discriminator 4)
        return (32000000 / ((R8_CLK_SYS_CFG & 0x1f)?(R8_CLK_SYS_CFG & 0x1f):32));
    16f4:	02e54533          	div	a0,a0,a4
c:\Users\seanw\mounriver-studio-projects\EC-reset\obj/../StdPeriphDriver/CH57x_sys.c:115 (discriminator 4)
}
    16f8:	8082                	ret
c:\Users\seanw\mounriver-studio-projects\EC-reset\obj/../StdPeriphDriver/CH57x_sys.c:113
        return (32000000 / ((R8_CLK_SYS_CFG & 0x1f)?(R8_CLK_SYS_CFG & 0x1f):32));
    16fa:	2794                	lbu	a3,8(a5)
    16fc:	02000713          	li	a4,32
    1700:	8afd                	andi	a3,a3,31
    1702:	c299                	beqz	a3,1708 <GetSysClock+0x50>
c:\Users\seanw\mounriver-studio-projects\EC-reset\obj/../StdPeriphDriver/CH57x_sys.c:113 (discriminator 1)
    1704:	2798                	lbu	a4,8(a5)
    1706:	8b7d                	andi	a4,a4,31
c:\Users\seanw\mounriver-studio-projects\EC-reset\obj/../StdPeriphDriver/CH57x_sys.c:113 (discriminator 4)
    1708:	01e85537          	lui	a0,0x1e85
    170c:	80050513          	addi	a0,a0,-2048 # 1e84800 <_data_lma+0x1e81cb4>
    1710:	b7d5                	j	16f4 <GetSysClock+0x3c>

00001712 <_write>:
_write():
c:\Users\seanw\mounriver-studio-projects\EC-reset\obj/../StdPeriphDriver/CH57x_sys.c:395

#ifdef DEBUG
int _write(int fd, char *buf, int size)
{
    1712:	8532                	mv	a0,a2
c:\Users\seanw\mounriver-studio-projects\EC-reset\obj/../StdPeriphDriver/CH57x_sys.c:397
    int i;
    for(i = 0; i < size; i++)
    1714:	4781                	li	a5,0
c:\Users\seanw\mounriver-studio-projects\EC-reset\obj/../StdPeriphDriver/CH57x_sys.c:399
    {
        while(R8_UART_TFC == UART_FIFO_SIZE);                  /* 等待数据发送 */
    1716:	40003737          	lui	a4,0x40003
    171a:	46a1                	li	a3,8
c:\Users\seanw\mounriver-studio-projects\EC-reset\obj/../StdPeriphDriver/CH57x_sys.c:397 (discriminator 1)
    for(i = 0; i < size; i++)
    171c:	00a7c363          	blt	a5,a0,1722 <_write+0x10>
c:\Users\seanw\mounriver-studio-projects\EC-reset\obj/../StdPeriphDriver/CH57x_sys.c:403
            R8_UART_THR = *buf++; /* 发送数据 */
    }
    return size;
}
    1720:	8082                	ret
c:\Users\seanw\mounriver-studio-projects\EC-reset\obj/../StdPeriphDriver/CH57x_sys.c:399 (discriminator 1)
        while(R8_UART_TFC == UART_FIFO_SIZE);                  /* 等待数据发送 */
    1722:	40b74603          	lbu	a2,1035(a4) # 4000340b <_eusrstack+0x2000040b>
    1726:	fed60ee3          	beq	a2,a3,1722 <_write+0x10>
c:\Users\seanw\mounriver-studio-projects\EC-reset\obj/../StdPeriphDriver/CH57x_sys.c:400 (discriminator 2)
            R8_UART_THR = *buf++; /* 发送数据 */
    172a:	00f58633          	add	a2,a1,a5
    172e:	2210                	lbu	a2,0(a2)
c:\Users\seanw\mounriver-studio-projects\EC-reset\obj/../StdPeriphDriver/CH57x_sys.c:397 (discriminator 2)
    for(i = 0; i < size; i++)
    1730:	0785                	addi	a5,a5,1 # 40001001 <_eusrstack+0x1fffe001>
c:\Users\seanw\mounriver-studio-projects\EC-reset\obj/../StdPeriphDriver/CH57x_sys.c:400 (discriminator 2)
            R8_UART_THR = *buf++; /* 发送数据 */
    1732:	40c70423          	sb	a2,1032(a4)
c:\Users\seanw\mounriver-studio-projects\EC-reset\obj/../StdPeriphDriver/CH57x_sys.c:397 (discriminator 2)
    for(i = 0; i < size; i++)
    1736:	b7dd                	j	171c <_write+0xa>

00001738 <_sbrk>:
_sbrk():
c:\Users\seanw\mounriver-studio-projects\EC-reset\obj/../StdPeriphDriver/CH57x_sys.c:420
void *_sbrk(ptrdiff_t incr)
{
    extern char _end[];
    static char *curbrk = _end;

    if ((curbrk + incr < _end) || ((uint32_t)curbrk + incr > (__get_SP() - 64)))
    1738:	1ffff697          	auipc	a3,0x1ffff
    173c:	66068693          	addi	a3,a3,1632 # 20000d98 <curbrk.0>
c:\Users\seanw\mounriver-studio-projects\EC-reset\obj/../StdPeriphDriver/CH57x_sys.c:416
{
    1740:	87aa                	mv	a5,a0
c:\Users\seanw\mounriver-studio-projects\EC-reset\obj/../StdPeriphDriver/CH57x_sys.c:420
    if ((curbrk + incr < _end) || ((uint32_t)curbrk + incr > (__get_SP() - 64)))
    1742:	4288                	lw	a0,0(a3)
    1744:	a3018713          	addi	a4,gp,-1488 # 20000fc8 <_ebss>
    1748:	97aa                	add	a5,a5,a0
    174a:	00e7e963          	bltu	a5,a4,175c <_sbrk+0x24>
__get_SP():
c:/Users/seanw/mounriver-studio-projects/EC-reset/RVMSIS/core_riscv.h:630 (discriminator 1)
 */
__attribute__((always_inline)) RV_STATIC_INLINE uint32_t __get_SP(void)
{
    uint32_t result;

    __ASM volatile("mv %0," "sp" : "=r"(result) :);
    174e:	870a                	mv	a4,sp
_sbrk():
c:\Users\seanw\mounriver-studio-projects\EC-reset\obj/../StdPeriphDriver/CH57x_sys.c:420 (discriminator 1)
    1750:	fc070713          	addi	a4,a4,-64
    1754:	00f76463          	bltu	a4,a5,175c <_sbrk+0x24>
c:\Users\seanw\mounriver-studio-projects\EC-reset\obj/../StdPeriphDriver/CH57x_sys.c:423
    return NULL - 1;

    curbrk += incr;
    1758:	c29c                	sw	a5,0(a3)
c:\Users\seanw\mounriver-studio-projects\EC-reset\obj/../StdPeriphDriver/CH57x_sys.c:424
    return curbrk - incr;
    175a:	8082                	ret
c:\Users\seanw\mounriver-studio-projects\EC-reset\obj/../StdPeriphDriver/CH57x_sys.c:421
    return NULL - 1;
    175c:	557d                	li	a0,-1
c:\Users\seanw\mounriver-studio-projects\EC-reset\obj/../StdPeriphDriver/CH57x_sys.c:425
}
    175e:	8082                	ret

00001760 <FLASH_EEPROM_CMD>:
FLASH_EEPROM_CMD():
    1760:	1101                	addi	sp,sp,-32
    1762:	872a                	mv	a4,a0
    1764:	ce06                	sw	ra,28(sp)
    1766:	852e                	mv	a0,a1
    1768:	cc26                	sw	s1,24(sp)
    176a:	85b2                	mv	a1,a2
    176c:	ca4a                	sw	s2,20(sp)
    176e:	8636                	mv	a2,a3
    1770:	c622                	sw	s0,12(sp)
    1772:	40002437          	lui	s0,0x40002
    1776:	e000e7b7          	lui	a5,0xe000e
    177a:	56fd                	li	a3,-1
    177c:	0007a903          	lw	s2,0(a5) # e000e000 <_eusrstack+0xc000b000>
    1780:	43c4                	lw	s1,4(a5)
    1782:	18d7a023          	sw	a3,384(a5)
    1786:	18d7a223          	sw	a3,388(a5)
    178a:	fff70793          	addi	a5,a4,-1
    178e:	0ff7f793          	zext.b	a5,a5
    1792:	4809                	li	a6,2
    1794:	08f86a63          	bltu	a6,a5,1828 <FLASH_EEPROM_CMD+0xc8>
    1798:	400017b7          	lui	a5,0x40001
    179c:	0457c783          	lbu	a5,69(a5) # 40001045 <_eusrstack+0x1fffe045>
    17a0:	0003c8b7          	lui	a7,0x3c
    17a4:	57f9                	li	a5,-2
    17a6:	05157463          	bgeu	a0,a7,17ee <FLASH_EEPROM_CMD+0x8e>
    17aa:	00c506b3          	add	a3,a0,a2
    17ae:	04d8e063          	bltu	a7,a3,17ee <FLASH_EEPROM_CMD+0x8e>
    17b2:	05071463          	bne	a4,a6,17fa <FLASH_EEPROM_CMD+0x9a>
    17b6:	8209                	srli	a2,a2,0x2
    17b8:	1ffff097          	auipc	ra,0x1ffff
    17bc:	38c080e7          	jalr	908(ra) # 20000b44 <FLASH_CMD_ROM_WRITE>
    17c0:	87aa                	mv	a5,a0
    17c2:	40001737          	lui	a4,0x40001
    17c6:	05700693          	li	a3,87
    17ca:	04d70023          	sb	a3,64(a4) # 40001040 <_eusrstack+0x1fffe040>
    17ce:	fa800693          	li	a3,-88
    17d2:	04d70023          	sb	a3,64(a4)
    17d6:	04474683          	lbu	a3,68(a4)
    17da:	8ac1                	andi	a3,a3,16
    17dc:	04d70223          	sb	a3,68(a4)
    17e0:	e000e737          	lui	a4,0xe000e
    17e4:	11272023          	sw	s2,256(a4) # e000e100 <_eusrstack+0xc000b100>
    17e8:	10972223          	sw	s1,260(a4)
    17ec:	4432                	lw	s0,12(sp)
    17ee:	40f2                	lw	ra,28(sp)
    17f0:	44e2                	lw	s1,24(sp)
    17f2:	4952                	lw	s2,20(sp)
    17f4:	853e                	mv	a0,a5
    17f6:	6105                	addi	sp,sp,32
    17f8:	8082                	ret
    17fa:	4785                	li	a5,1
    17fc:	00f71f63          	bne	a4,a5,181a <FLASH_EEPROM_CMD+0xba>
    1800:	6785                	lui	a5,0x1
    1802:	17fd                	addi	a5,a5,-1 # fff <i2c_read_from+0xd1>
    1804:	963e                	add	a2,a2,a5
    1806:	8fe9                	and	a5,a5,a0
    1808:	963e                	add	a2,a2,a5
    180a:	77fd                	lui	a5,0xfffff
    180c:	8e7d                	and	a2,a2,a5
    180e:	8d7d                	and	a0,a0,a5
    1810:	1ffff097          	auipc	ra,0x1ffff
    1814:	394080e7          	jalr	916(ra) # 20000ba4 <FLASH_CMD_ROM_ERASE>
    1818:	b765                	j	17c0 <FLASH_EEPROM_CMD+0x60>
    181a:	1ffff097          	auipc	ra,0x1ffff
    181e:	3fc080e7          	jalr	1020(ra) # 20000c16 <FLASH_CMD_ROM_VERIFY>
    1822:	00150793          	addi	a5,a0,1
    1826:	bf71                	j	17c2 <FLASH_EEPROM_CMD+0x62>
    1828:	47b5                	li	a5,13
    182a:	00f71a63          	bne	a4,a5,183e <FLASH_EEPROM_CMD+0xde>
    182e:	0b900513          	li	a0,185
    1832:	1ffff097          	auipc	ra,0x1ffff
    1836:	434080e7          	jalr	1076(ra) # 20000c66 <FLASH_CMD_ROM_PWR>
    183a:	4781                	li	a5,0
    183c:	b759                	j	17c2 <FLASH_EEPROM_CMD+0x62>
    183e:	47b1                	li	a5,12
    1840:	00f71563          	bne	a4,a5,184a <FLASH_EEPROM_CMD+0xea>
    1844:	0ab00513          	li	a0,171
    1848:	b7ed                	j	1832 <FLASH_EEPROM_CMD+0xd2>
    184a:	4799                	li	a5,6
    184c:	00f71763          	bne	a4,a5,185a <FLASH_EEPROM_CMD+0xfa>
    1850:	1ffff097          	auipc	ra,0x1ffff
    1854:	428080e7          	jalr	1064(ra) # 20000c78 <FLASH_CMD_GET_ROM_INFO>
    1858:	b7cd                	j	183a <FLASH_EEPROM_CMD+0xda>
    185a:	479d                	li	a5,7
    185c:	00f71b63          	bne	a4,a5,1872 <FLASH_EEPROM_CMD+0x112>
    1860:	0005a023          	sw	zero,0(a1)
    1864:	0005a223          	sw	zero,4(a1)
    1868:	1ffff097          	auipc	ra,0x1ffff
    186c:	46a080e7          	jalr	1130(ra) # 20000cd2 <FLASH_CMD_GET_UNIQUE_ID>
    1870:	b7e9                	j	183a <FLASH_EEPROM_CMD+0xda>
    1872:	4791                	li	a5,4
    1874:	00f71763          	bne	a4,a5,1882 <FLASH_EEPROM_CMD+0x122>
    1878:	1ffff097          	auipc	ra,0x1ffff
    187c:	498080e7          	jalr	1176(ra) # 20000d10 <FLASH_CMD_ROM_SW_RESET>
    1880:	bf6d                	j	183a <FLASH_EEPROM_CMD+0xda>
    1882:	4781                	li	a5,0
    1884:	df1d                	beqz	a4,17c2 <FLASH_EEPROM_CMD+0x62>
    1886:	57f1                	li	a5,-4
    1888:	bf2d                	j	17c2 <FLASH_EEPROM_CMD+0x62>

0000188a <iprintf>:
printf():
    188a:	715d                	addi	sp,sp,-80
    188c:	d422                	sw	s0,40(sp)
    188e:	d606                	sw	ra,44(sp)
    1890:	842a                	mv	s0,a0
    1892:	da2e                	sw	a1,52(sp)
    1894:	dc32                	sw	a2,56(sp)
    1896:	de36                	sw	a3,60(sp)
    1898:	c0ba                	sw	a4,64(sp)
    189a:	c2be                	sw	a5,68(sp)
    189c:	c4c2                	sw	a6,72(sp)
    189e:	c6c6                	sw	a7,76(sp)
    18a0:	1ffff517          	auipc	a0,0x1ffff
    18a4:	4fc52503          	lw	a0,1276(a0) # 20000d9c <_impure_ptr>
    18a8:	c511                	beqz	a0,18b4 <iprintf+0x2a>
    18aa:	4d1c                	lw	a5,24(a0)
    18ac:	e781                	bnez	a5,18b4 <iprintf+0x2a>
    18ae:	c62a                	sw	a0,12(sp)
    18b0:	21b1                	jal	1cfc <__sinit>
    18b2:	4532                	lw	a0,12(sp)
    18b4:	450c                	lw	a1,8(a0)
    18b6:	1854                	addi	a3,sp,52
    18b8:	8622                	mv	a2,s0
    18ba:	ce36                	sw	a3,28(sp)
    18bc:	103000ef          	jal	ra,21be <_vfiprintf_r>
    18c0:	50b2                	lw	ra,44(sp)
    18c2:	5422                	lw	s0,40(sp)
    18c4:	6161                	addi	sp,sp,80
    18c6:	8082                	ret

000018c8 <__swbuf_r>:
__swbuf_r():
    18c8:	1101                	addi	sp,sp,-32
    18ca:	cc22                	sw	s0,24(sp)
    18cc:	ca26                	sw	s1,20(sp)
    18ce:	c84a                	sw	s2,16(sp)
    18d0:	ce06                	sw	ra,28(sp)
    18d2:	c64e                	sw	s3,12(sp)
    18d4:	84aa                	mv	s1,a0
    18d6:	892e                	mv	s2,a1
    18d8:	8432                	mv	s0,a2
    18da:	c501                	beqz	a0,18e2 <__swbuf_r+0x1a>
    18dc:	4d1c                	lw	a5,24(a0)
    18de:	e391                	bnez	a5,18e2 <__swbuf_r+0x1a>
    18e0:	2931                	jal	1cfc <__sinit>
    18e2:	00001797          	auipc	a5,0x1
    18e6:	1b278793          	addi	a5,a5,434 # 2a94 <__sf_fake_stdin>
    18ea:	02f41763          	bne	s0,a5,1918 <__swbuf_r+0x50>
    18ee:	40c0                	lw	s0,4(s1)
    18f0:	4c1c                	lw	a5,24(s0)
    18f2:	c41c                	sw	a5,8(s0)
    18f4:	245e                	lhu	a5,12(s0)
    18f6:	8ba1                	andi	a5,a5,8
    18f8:	c399                	beqz	a5,18fe <__swbuf_r+0x36>
    18fa:	481c                	lw	a5,16(s0)
    18fc:	ef95                	bnez	a5,1938 <__swbuf_r+0x70>
    18fe:	85a2                	mv	a1,s0
    1900:	8526                	mv	a0,s1
    1902:	2049                	jal	1984 <__swsetup_r>
    1904:	c915                	beqz	a0,1938 <__swbuf_r+0x70>
    1906:	597d                	li	s2,-1
    1908:	40f2                	lw	ra,28(sp)
    190a:	4462                	lw	s0,24(sp)
    190c:	44d2                	lw	s1,20(sp)
    190e:	49b2                	lw	s3,12(sp)
    1910:	854a                	mv	a0,s2
    1912:	4942                	lw	s2,16(sp)
    1914:	6105                	addi	sp,sp,32
    1916:	8082                	ret
    1918:	00001797          	auipc	a5,0x1
    191c:	15c78793          	addi	a5,a5,348 # 2a74 <__sf_fake_stdout>
    1920:	00f41463          	bne	s0,a5,1928 <__swbuf_r+0x60>
    1924:	4480                	lw	s0,8(s1)
    1926:	b7e9                	j	18f0 <__swbuf_r+0x28>
    1928:	00001797          	auipc	a5,0x1
    192c:	12c78793          	addi	a5,a5,300 # 2a54 <__sf_fake_stderr>
    1930:	fcf410e3          	bne	s0,a5,18f0 <__swbuf_r+0x28>
    1934:	44c0                	lw	s0,12(s1)
    1936:	bf6d                	j	18f0 <__swbuf_r+0x28>
    1938:	481c                	lw	a5,16(s0)
    193a:	4008                	lw	a0,0(s0)
    193c:	0ff97993          	zext.b	s3,s2
    1940:	0ff97913          	zext.b	s2,s2
    1944:	8d1d                	sub	a0,a0,a5
    1946:	485c                	lw	a5,20(s0)
    1948:	00f54663          	blt	a0,a5,1954 <__swbuf_r+0x8c>
    194c:	85a2                	mv	a1,s0
    194e:	8526                	mv	a0,s1
    1950:	2ca1                	jal	1ba8 <_fflush_r>
    1952:	f955                	bnez	a0,1906 <__swbuf_r+0x3e>
    1954:	441c                	lw	a5,8(s0)
    1956:	0505                	addi	a0,a0,1
    1958:	17fd                	addi	a5,a5,-1
    195a:	c41c                	sw	a5,8(s0)
    195c:	401c                	lw	a5,0(s0)
    195e:	00178713          	addi	a4,a5,1
    1962:	c018                	sw	a4,0(s0)
    1964:	01378023          	sb	s3,0(a5)
    1968:	485c                	lw	a5,20(s0)
    196a:	00a78863          	beq	a5,a0,197a <__swbuf_r+0xb2>
    196e:	245e                	lhu	a5,12(s0)
    1970:	8b85                	andi	a5,a5,1
    1972:	dbd9                	beqz	a5,1908 <__swbuf_r+0x40>
    1974:	47a9                	li	a5,10
    1976:	f8f919e3          	bne	s2,a5,1908 <__swbuf_r+0x40>
    197a:	85a2                	mv	a1,s0
    197c:	8526                	mv	a0,s1
    197e:	242d                	jal	1ba8 <_fflush_r>
    1980:	d541                	beqz	a0,1908 <__swbuf_r+0x40>
    1982:	b751                	j	1906 <__swbuf_r+0x3e>

00001984 <__swsetup_r>:
__swsetup_r():
    1984:	1141                	addi	sp,sp,-16
    1986:	c422                	sw	s0,8(sp)
    1988:	c226                	sw	s1,4(sp)
    198a:	c04a                	sw	s2,0(sp)
    198c:	c606                	sw	ra,12(sp)
    198e:	1ffff497          	auipc	s1,0x1ffff
    1992:	40e4a483          	lw	s1,1038(s1) # 20000d9c <_impure_ptr>
    1996:	892a                	mv	s2,a0
    1998:	842e                	mv	s0,a1
    199a:	c489                	beqz	s1,19a4 <__swsetup_r+0x20>
    199c:	4c9c                	lw	a5,24(s1)
    199e:	e399                	bnez	a5,19a4 <__swsetup_r+0x20>
    19a0:	8526                	mv	a0,s1
    19a2:	2ea9                	jal	1cfc <__sinit>
    19a4:	00001797          	auipc	a5,0x1
    19a8:	0f078793          	addi	a5,a5,240 # 2a94 <__sf_fake_stdin>
    19ac:	02f41363          	bne	s0,a5,19d2 <__swsetup_r+0x4e>
    19b0:	40c0                	lw	s0,4(s1)
    19b2:	00c41783          	lh	a5,12(s0) # 4000200c <_eusrstack+0x1ffff00c>
    19b6:	0087f713          	andi	a4,a5,8
    19ba:	e725                	bnez	a4,1a22 <__swsetup_r+0x9e>
    19bc:	0107f713          	andi	a4,a5,16
    19c0:	eb0d                	bnez	a4,19f2 <__swsetup_r+0x6e>
    19c2:	4725                	li	a4,9
    19c4:	00e92023          	sw	a4,0(s2)
    19c8:	0407e793          	ori	a5,a5,64
    19cc:	a45e                	sh	a5,12(s0)
    19ce:	557d                	li	a0,-1
    19d0:	a071                	j	1a5c <__swsetup_r+0xd8>
    19d2:	00001797          	auipc	a5,0x1
    19d6:	0a278793          	addi	a5,a5,162 # 2a74 <__sf_fake_stdout>
    19da:	00f41463          	bne	s0,a5,19e2 <__swsetup_r+0x5e>
    19de:	4480                	lw	s0,8(s1)
    19e0:	bfc9                	j	19b2 <__swsetup_r+0x2e>
    19e2:	00001797          	auipc	a5,0x1
    19e6:	07278793          	addi	a5,a5,114 # 2a54 <__sf_fake_stderr>
    19ea:	fcf414e3          	bne	s0,a5,19b2 <__swsetup_r+0x2e>
    19ee:	44c0                	lw	s0,12(s1)
    19f0:	b7c9                	j	19b2 <__swsetup_r+0x2e>
    19f2:	8b91                	andi	a5,a5,4
    19f4:	c39d                	beqz	a5,1a1a <__swsetup_r+0x96>
    19f6:	584c                	lw	a1,52(s0)
    19f8:	c989                	beqz	a1,1a0a <__swsetup_r+0x86>
    19fa:	04440793          	addi	a5,s0,68
    19fe:	00f58463          	beq	a1,a5,1a06 <__swsetup_r+0x82>
    1a02:	854a                	mv	a0,s2
    1a04:	2bb9                	jal	1f62 <_free_r>
    1a06:	02042a23          	sw	zero,52(s0)
    1a0a:	245e                	lhu	a5,12(s0)
    1a0c:	00042223          	sw	zero,4(s0)
    1a10:	fdb7f793          	andi	a5,a5,-37
    1a14:	a45e                	sh	a5,12(s0)
    1a16:	481c                	lw	a5,16(s0)
    1a18:	c01c                	sw	a5,0(s0)
    1a1a:	245e                	lhu	a5,12(s0)
    1a1c:	0087e793          	ori	a5,a5,8
    1a20:	a45e                	sh	a5,12(s0)
    1a22:	481c                	lw	a5,16(s0)
    1a24:	eb99                	bnez	a5,1a3a <__swsetup_r+0xb6>
    1a26:	245e                	lhu	a5,12(s0)
    1a28:	20000713          	li	a4,512
    1a2c:	2807f793          	andi	a5,a5,640
    1a30:	00e78563          	beq	a5,a4,1a3a <__swsetup_r+0xb6>
    1a34:	85a2                	mv	a1,s0
    1a36:	854a                	mv	a0,s2
    1a38:	2961                	jal	1ed0 <__smakebuf_r>
    1a3a:	00c41783          	lh	a5,12(s0)
    1a3e:	0017f713          	andi	a4,a5,1
    1a42:	c31d                	beqz	a4,1a68 <__swsetup_r+0xe4>
    1a44:	4858                	lw	a4,20(s0)
    1a46:	00042423          	sw	zero,8(s0)
    1a4a:	40e00733          	neg	a4,a4
    1a4e:	cc18                	sw	a4,24(s0)
    1a50:	4818                	lw	a4,16(s0)
    1a52:	4501                	li	a0,0
    1a54:	e701                	bnez	a4,1a5c <__swsetup_r+0xd8>
    1a56:	0807f713          	andi	a4,a5,128
    1a5a:	f73d                	bnez	a4,19c8 <__swsetup_r+0x44>
    1a5c:	40b2                	lw	ra,12(sp)
    1a5e:	4422                	lw	s0,8(sp)
    1a60:	4492                	lw	s1,4(sp)
    1a62:	4902                	lw	s2,0(sp)
    1a64:	0141                	addi	sp,sp,16
    1a66:	8082                	ret
    1a68:	0027f713          	andi	a4,a5,2
    1a6c:	4681                	li	a3,0
    1a6e:	e311                	bnez	a4,1a72 <__swsetup_r+0xee>
    1a70:	4854                	lw	a3,20(s0)
    1a72:	c414                	sw	a3,8(s0)
    1a74:	bff1                	j	1a50 <__swsetup_r+0xcc>

00001a76 <__sflush_r>:
__sflush_r():
    1a76:	00c59783          	lh	a5,12(a1)
    1a7a:	1101                	addi	sp,sp,-32
    1a7c:	cc22                	sw	s0,24(sp)
    1a7e:	ca26                	sw	s1,20(sp)
    1a80:	ce06                	sw	ra,28(sp)
    1a82:	c84a                	sw	s2,16(sp)
    1a84:	c64e                	sw	s3,12(sp)
    1a86:	0087f713          	andi	a4,a5,8
    1a8a:	84aa                	mv	s1,a0
    1a8c:	842e                	mv	s0,a1
    1a8e:	e379                	bnez	a4,1b54 <__sflush_r+0xde>
    1a90:	41d8                	lw	a4,4(a1)
    1a92:	00e04563          	bgtz	a4,1a9c <__sflush_r+0x26>
    1a96:	41b8                	lw	a4,64(a1)
    1a98:	08e05663          	blez	a4,1b24 <__sflush_r+0xae>
    1a9c:	5458                	lw	a4,44(s0)
    1a9e:	c359                	beqz	a4,1b24 <__sflush_r+0xae>
    1aa0:	0004a903          	lw	s2,0(s1)
    1aa4:	0004a023          	sw	zero,0(s1)
    1aa8:	500c                	lw	a1,32(s0)
    1aaa:	48c7d793          	bexti	a5,a5,0xc
    1aae:	cba9                	beqz	a5,1b00 <__sflush_r+0x8a>
    1ab0:	4870                	lw	a2,84(s0)
    1ab2:	245e                	lhu	a5,12(s0)
    1ab4:	8b91                	andi	a5,a5,4
    1ab6:	c799                	beqz	a5,1ac4 <__sflush_r+0x4e>
    1ab8:	405c                	lw	a5,4(s0)
    1aba:	8e1d                	sub	a2,a2,a5
    1abc:	585c                	lw	a5,52(s0)
    1abe:	c399                	beqz	a5,1ac4 <__sflush_r+0x4e>
    1ac0:	403c                	lw	a5,64(s0)
    1ac2:	8e1d                	sub	a2,a2,a5
    1ac4:	545c                	lw	a5,44(s0)
    1ac6:	500c                	lw	a1,32(s0)
    1ac8:	4681                	li	a3,0
    1aca:	8526                	mv	a0,s1
    1acc:	9782                	jalr	a5
    1ace:	57fd                	li	a5,-1
    1ad0:	04f50c63          	beq	a0,a5,1b28 <__sflush_r+0xb2>
    1ad4:	481c                	lw	a5,16(s0)
    1ad6:	6705                	lui	a4,0x1
    1ad8:	00042223          	sw	zero,4(s0)
    1adc:	c01c                	sw	a5,0(s0)
    1ade:	245e                	lhu	a5,12(s0)
    1ae0:	8ff9                	and	a5,a5,a4
    1ae2:	c391                	beqz	a5,1ae6 <__sflush_r+0x70>
    1ae4:	c868                	sw	a0,84(s0)
    1ae6:	584c                	lw	a1,52(s0)
    1ae8:	0124a023          	sw	s2,0(s1)
    1aec:	cd85                	beqz	a1,1b24 <__sflush_r+0xae>
    1aee:	04440793          	addi	a5,s0,68
    1af2:	00f58463          	beq	a1,a5,1afa <__sflush_r+0x84>
    1af6:	8526                	mv	a0,s1
    1af8:	21ad                	jal	1f62 <_free_r>
    1afa:	02042a23          	sw	zero,52(s0)
    1afe:	a01d                	j	1b24 <__sflush_r+0xae>
    1b00:	4601                	li	a2,0
    1b02:	4685                	li	a3,1
    1b04:	8526                	mv	a0,s1
    1b06:	9702                	jalr	a4
    1b08:	57fd                	li	a5,-1
    1b0a:	862a                	mv	a2,a0
    1b0c:	faf513e3          	bne	a0,a5,1ab2 <__sflush_r+0x3c>
    1b10:	409c                	lw	a5,0(s1)
    1b12:	d3c5                	beqz	a5,1ab2 <__sflush_r+0x3c>
    1b14:	4775                	li	a4,29
    1b16:	00e78563          	beq	a5,a4,1b20 <__sflush_r+0xaa>
    1b1a:	4759                	li	a4,22
    1b1c:	06e79563          	bne	a5,a4,1b86 <__sflush_r+0x110>
    1b20:	0124a023          	sw	s2,0(s1)
    1b24:	4501                	li	a0,0
    1b26:	a0b5                	j	1b92 <__sflush_r+0x11c>
    1b28:	4098                	lw	a4,0(s1)
    1b2a:	00c41783          	lh	a5,12(s0)
    1b2e:	cf01                	beqz	a4,1b46 <__sflush_r+0xd0>
    1b30:	46f5                	li	a3,29
    1b32:	00d70563          	beq	a4,a3,1b3c <__sflush_r+0xc6>
    1b36:	46d9                	li	a3,22
    1b38:	04d71963          	bne	a4,a3,1b8a <__sflush_r+0x114>
    1b3c:	481c                	lw	a5,16(s0)
    1b3e:	00042223          	sw	zero,4(s0)
    1b42:	c01c                	sw	a5,0(s0)
    1b44:	b74d                	j	1ae6 <__sflush_r+0x70>
    1b46:	4818                	lw	a4,16(s0)
    1b48:	00042223          	sw	zero,4(s0)
    1b4c:	48c7d793          	bexti	a5,a5,0xc
    1b50:	c018                	sw	a4,0(s0)
    1b52:	bf41                	j	1ae2 <__sflush_r+0x6c>
    1b54:	0105a983          	lw	s3,16(a1)
    1b58:	fc0986e3          	beqz	s3,1b24 <__sflush_r+0xae>
    1b5c:	0005a903          	lw	s2,0(a1)
    1b60:	8b8d                	andi	a5,a5,3
    1b62:	0135a023          	sw	s3,0(a1)
    1b66:	41390933          	sub	s2,s2,s3
    1b6a:	4701                	li	a4,0
    1b6c:	e391                	bnez	a5,1b70 <__sflush_r+0xfa>
    1b6e:	49d8                	lw	a4,20(a1)
    1b70:	c418                	sw	a4,8(s0)
    1b72:	fb2059e3          	blez	s2,1b24 <__sflush_r+0xae>
    1b76:	541c                	lw	a5,40(s0)
    1b78:	500c                	lw	a1,32(s0)
    1b7a:	86ca                	mv	a3,s2
    1b7c:	864e                	mv	a2,s3
    1b7e:	8526                	mv	a0,s1
    1b80:	9782                	jalr	a5
    1b82:	00a04f63          	bgtz	a0,1ba0 <__sflush_r+0x12a>
    1b86:	00c41783          	lh	a5,12(s0)
    1b8a:	0407e793          	ori	a5,a5,64
    1b8e:	a45e                	sh	a5,12(s0)
    1b90:	557d                	li	a0,-1
    1b92:	40f2                	lw	ra,28(sp)
    1b94:	4462                	lw	s0,24(sp)
    1b96:	44d2                	lw	s1,20(sp)
    1b98:	4942                	lw	s2,16(sp)
    1b9a:	49b2                	lw	s3,12(sp)
    1b9c:	6105                	addi	sp,sp,32
    1b9e:	8082                	ret
    1ba0:	99aa                	add	s3,s3,a0
    1ba2:	40a90933          	sub	s2,s2,a0
    1ba6:	b7f1                	j	1b72 <__sflush_r+0xfc>

00001ba8 <_fflush_r>:
_fflush_r():
    1ba8:	499c                	lw	a5,16(a1)
    1baa:	1141                	addi	sp,sp,-16
    1bac:	c606                	sw	ra,12(sp)
    1bae:	c422                	sw	s0,8(sp)
    1bb0:	c226                	sw	s1,4(sp)
    1bb2:	eb81                	bnez	a5,1bc2 <_fflush_r+0x1a>
    1bb4:	4481                	li	s1,0
    1bb6:	40b2                	lw	ra,12(sp)
    1bb8:	4422                	lw	s0,8(sp)
    1bba:	8526                	mv	a0,s1
    1bbc:	4492                	lw	s1,4(sp)
    1bbe:	0141                	addi	sp,sp,16
    1bc0:	8082                	ret
    1bc2:	84aa                	mv	s1,a0
    1bc4:	842e                	mv	s0,a1
    1bc6:	c501                	beqz	a0,1bce <_fflush_r+0x26>
    1bc8:	4d1c                	lw	a5,24(a0)
    1bca:	e391                	bnez	a5,1bce <_fflush_r+0x26>
    1bcc:	2a05                	jal	1cfc <__sinit>
    1bce:	00001797          	auipc	a5,0x1
    1bd2:	ec678793          	addi	a5,a5,-314 # 2a94 <__sf_fake_stdin>
    1bd6:	02f41c63          	bne	s0,a5,1c0e <_fflush_r+0x66>
    1bda:	40c0                	lw	s0,4(s1)
    1bdc:	00c41783          	lh	a5,12(s0)
    1be0:	dbf1                	beqz	a5,1bb4 <_fflush_r+0xc>
    1be2:	5078                	lw	a4,100(s0)
    1be4:	8b05                	andi	a4,a4,1
    1be6:	e711                	bnez	a4,1bf2 <_fflush_r+0x4a>
    1be8:	2007f793          	andi	a5,a5,512
    1bec:	e399                	bnez	a5,1bf2 <_fflush_r+0x4a>
    1bee:	4c28                	lw	a0,88(s0)
    1bf0:	2451                	jal	1e74 <__retarget_lock_acquire_recursive>
    1bf2:	8526                	mv	a0,s1
    1bf4:	85a2                	mv	a1,s0
    1bf6:	3541                	jal	1a76 <__sflush_r>
    1bf8:	507c                	lw	a5,100(s0)
    1bfa:	84aa                	mv	s1,a0
    1bfc:	8b85                	andi	a5,a5,1
    1bfe:	ffc5                	bnez	a5,1bb6 <_fflush_r+0xe>
    1c00:	245e                	lhu	a5,12(s0)
    1c02:	2007f793          	andi	a5,a5,512
    1c06:	fbc5                	bnez	a5,1bb6 <_fflush_r+0xe>
    1c08:	4c28                	lw	a0,88(s0)
    1c0a:	24b5                	jal	1e76 <__retarget_lock_release_recursive>
    1c0c:	b76d                	j	1bb6 <_fflush_r+0xe>
    1c0e:	00001797          	auipc	a5,0x1
    1c12:	e6678793          	addi	a5,a5,-410 # 2a74 <__sf_fake_stdout>
    1c16:	00f41463          	bne	s0,a5,1c1e <_fflush_r+0x76>
    1c1a:	4480                	lw	s0,8(s1)
    1c1c:	b7c1                	j	1bdc <_fflush_r+0x34>
    1c1e:	00001797          	auipc	a5,0x1
    1c22:	e3678793          	addi	a5,a5,-458 # 2a54 <__sf_fake_stderr>
    1c26:	faf41be3          	bne	s0,a5,1bdc <_fflush_r+0x34>
    1c2a:	44c0                	lw	s0,12(s1)
    1c2c:	bf45                	j	1bdc <_fflush_r+0x34>

00001c2e <std>:
std():
    1c2e:	1141                	addi	sp,sp,-16
    1c30:	c422                	sw	s0,8(sp)
    1c32:	c606                	sw	ra,12(sp)
    1c34:	842a                	mv	s0,a0
    1c36:	a54e                	sh	a1,12(a0)
    1c38:	a572                	sh	a2,14(a0)
    1c3a:	00052023          	sw	zero,0(a0)
    1c3e:	00052223          	sw	zero,4(a0)
    1c42:	00052423          	sw	zero,8(a0)
    1c46:	06052223          	sw	zero,100(a0)
    1c4a:	00052823          	sw	zero,16(a0)
    1c4e:	00052a23          	sw	zero,20(a0)
    1c52:	00052c23          	sw	zero,24(a0)
    1c56:	4621                	li	a2,8
    1c58:	4581                	li	a1,0
    1c5a:	05c50513          	addi	a0,a0,92
    1c5e:	99aff0ef          	jal	ra,df8 <memset>
    1c62:	00001797          	auipc	a5,0x1
    1c66:	83278793          	addi	a5,a5,-1998 # 2494 <__sread>
    1c6a:	d05c                	sw	a5,36(s0)
    1c6c:	00001797          	auipc	a5,0x1
    1c70:	85278793          	addi	a5,a5,-1966 # 24be <__swrite>
    1c74:	d41c                	sw	a5,40(s0)
    1c76:	00001797          	auipc	a5,0x1
    1c7a:	88e78793          	addi	a5,a5,-1906 # 2504 <__sseek>
    1c7e:	d45c                	sw	a5,44(s0)
    1c80:	00001797          	auipc	a5,0x1
    1c84:	8b278793          	addi	a5,a5,-1870 # 2532 <__sclose>
    1c88:	40b2                	lw	ra,12(sp)
    1c8a:	d000                	sw	s0,32(s0)
    1c8c:	d81c                	sw	a5,48(s0)
    1c8e:	4422                	lw	s0,8(sp)
    1c90:	0141                	addi	sp,sp,16
    1c92:	8082                	ret

00001c94 <_cleanup_r>:
_cleanup_r():
    1c94:	00000597          	auipc	a1,0x0
    1c98:	f1458593          	addi	a1,a1,-236 # 1ba8 <_fflush_r>
    1c9c:	a2bd                	j	1e0a <_fwalk_reent>

00001c9e <__sfmoreglue>:
__sfmoreglue():
    1c9e:	1141                	addi	sp,sp,-16
    1ca0:	c226                	sw	s1,4(sp)
    1ca2:	06800793          	li	a5,104
    1ca6:	fff58493          	addi	s1,a1,-1
    1caa:	02f484b3          	mul	s1,s1,a5
    1cae:	c04a                	sw	s2,0(sp)
    1cb0:	892e                	mv	s2,a1
    1cb2:	c422                	sw	s0,8(sp)
    1cb4:	c606                	sw	ra,12(sp)
    1cb6:	07448593          	addi	a1,s1,116
    1cba:	2e69                	jal	2054 <_malloc_r>
    1cbc:	842a                	mv	s0,a0
    1cbe:	cd01                	beqz	a0,1cd6 <__sfmoreglue+0x38>
    1cc0:	00052023          	sw	zero,0(a0)
    1cc4:	01252223          	sw	s2,4(a0)
    1cc8:	0531                	addi	a0,a0,12
    1cca:	c408                	sw	a0,8(s0)
    1ccc:	06848613          	addi	a2,s1,104
    1cd0:	4581                	li	a1,0
    1cd2:	926ff0ef          	jal	ra,df8 <memset>
    1cd6:	40b2                	lw	ra,12(sp)
    1cd8:	8522                	mv	a0,s0
    1cda:	4422                	lw	s0,8(sp)
    1cdc:	4492                	lw	s1,4(sp)
    1cde:	4902                	lw	s2,0(sp)
    1ce0:	0141                	addi	sp,sp,16
    1ce2:	8082                	ret

00001ce4 <__sfp_lock_acquire>:
__sfp_lock_acquire():
    1ce4:	83018513          	addi	a0,gp,-2000 # 20000dc8 <__lock___sfp_recursive_mutex>
    1ce8:	a271                	j	1e74 <__retarget_lock_acquire_recursive>

00001cea <__sfp_lock_release>:
__sfp_lock_release():
    1cea:	83018513          	addi	a0,gp,-2000 # 20000dc8 <__lock___sfp_recursive_mutex>
    1cee:	a261                	j	1e76 <__retarget_lock_release_recursive>

00001cf0 <__sinit_lock_acquire>:
__sinit_lock_acquire():
    1cf0:	83418513          	addi	a0,gp,-1996 # 20000dcc <__lock___sinit_recursive_mutex>
    1cf4:	a241                	j	1e74 <__retarget_lock_acquire_recursive>

00001cf6 <__sinit_lock_release>:
__sinit_lock_release():
    1cf6:	83418513          	addi	a0,gp,-1996 # 20000dcc <__lock___sinit_recursive_mutex>
    1cfa:	aab5                	j	1e76 <__retarget_lock_release_recursive>

00001cfc <__sinit>:
__sinit():
    1cfc:	1141                	addi	sp,sp,-16
    1cfe:	c422                	sw	s0,8(sp)
    1d00:	c606                	sw	ra,12(sp)
    1d02:	842a                	mv	s0,a0
    1d04:	37f5                	jal	1cf0 <__sinit_lock_acquire>
    1d06:	4c1c                	lw	a5,24(s0)
    1d08:	c789                	beqz	a5,1d12 <__sinit+0x16>
    1d0a:	4422                	lw	s0,8(sp)
    1d0c:	40b2                	lw	ra,12(sp)
    1d0e:	0141                	addi	sp,sp,16
    1d10:	b7dd                	j	1cf6 <__sinit_lock_release>
    1d12:	00000797          	auipc	a5,0x0
    1d16:	f8278793          	addi	a5,a5,-126 # 1c94 <_cleanup_r>
    1d1a:	d41c                	sw	a5,40(s0)
    1d1c:	04042423          	sw	zero,72(s0)
    1d20:	04042623          	sw	zero,76(s0)
    1d24:	04042823          	sw	zero,80(s0)
    1d28:	8081a783          	lw	a5,-2040(gp) # 20000da0 <_global_impure_ptr>
    1d2c:	00879463          	bne	a5,s0,1d34 <__sinit+0x38>
    1d30:	4785                	li	a5,1
    1d32:	cc1c                	sw	a5,24(s0)
    1d34:	8522                	mv	a0,s0
    1d36:	203d                	jal	1d64 <__sfp>
    1d38:	c048                	sw	a0,4(s0)
    1d3a:	8522                	mv	a0,s0
    1d3c:	2025                	jal	1d64 <__sfp>
    1d3e:	c408                	sw	a0,8(s0)
    1d40:	8522                	mv	a0,s0
    1d42:	200d                	jal	1d64 <__sfp>
    1d44:	c448                	sw	a0,12(s0)
    1d46:	4048                	lw	a0,4(s0)
    1d48:	4601                	li	a2,0
    1d4a:	4591                	li	a1,4
    1d4c:	35cd                	jal	1c2e <std>
    1d4e:	4408                	lw	a0,8(s0)
    1d50:	4605                	li	a2,1
    1d52:	45a5                	li	a1,9
    1d54:	3de9                	jal	1c2e <std>
    1d56:	4448                	lw	a0,12(s0)
    1d58:	4609                	li	a2,2
    1d5a:	45c9                	li	a1,18
    1d5c:	3dc9                	jal	1c2e <std>
    1d5e:	4785                	li	a5,1
    1d60:	cc1c                	sw	a5,24(s0)
    1d62:	b765                	j	1d0a <__sinit+0xe>

00001d64 <__sfp>:
__sfp():
    1d64:	1141                	addi	sp,sp,-16
    1d66:	c226                	sw	s1,4(sp)
    1d68:	c04a                	sw	s2,0(sp)
    1d6a:	c606                	sw	ra,12(sp)
    1d6c:	c422                	sw	s0,8(sp)
    1d6e:	892a                	mv	s2,a0
    1d70:	3f95                	jal	1ce4 <__sfp_lock_acquire>
    1d72:	8081a483          	lw	s1,-2040(gp) # 20000da0 <_global_impure_ptr>
    1d76:	4c9c                	lw	a5,24(s1)
    1d78:	e399                	bnez	a5,1d7e <__sfp+0x1a>
    1d7a:	8526                	mv	a0,s1
    1d7c:	3741                	jal	1cfc <__sinit>
    1d7e:	04848493          	addi	s1,s1,72
    1d82:	4480                	lw	s0,8(s1)
    1d84:	40dc                	lw	a5,4(s1)
    1d86:	17fd                	addi	a5,a5,-1
    1d88:	0007d663          	bgez	a5,1d94 <__sfp+0x30>
    1d8c:	409c                	lw	a5,0(s1)
    1d8e:	c3bd                	beqz	a5,1df4 <__sfp+0x90>
    1d90:	4084                	lw	s1,0(s1)
    1d92:	bfc5                	j	1d82 <__sfp+0x1e>
    1d94:	00c41703          	lh	a4,12(s0)
    1d98:	eb39                	bnez	a4,1dee <__sfp+0x8a>
    1d9a:	77c1                	lui	a5,0xffff0
    1d9c:	0785                	addi	a5,a5,1 # ffff0001 <_eusrstack+0xdffed001>
    1d9e:	c45c                	sw	a5,12(s0)
    1da0:	05840513          	addi	a0,s0,88
    1da4:	06042223          	sw	zero,100(s0)
    1da8:	20e9                	jal	1e72 <__retarget_lock_init_recursive>
    1daa:	3781                	jal	1cea <__sfp_lock_release>
    1dac:	4621                	li	a2,8
    1dae:	00042023          	sw	zero,0(s0)
    1db2:	00042423          	sw	zero,8(s0)
    1db6:	00042223          	sw	zero,4(s0)
    1dba:	00042823          	sw	zero,16(s0)
    1dbe:	00042a23          	sw	zero,20(s0)
    1dc2:	00042c23          	sw	zero,24(s0)
    1dc6:	4581                	li	a1,0
    1dc8:	05c40513          	addi	a0,s0,92
    1dcc:	82cff0ef          	jal	ra,df8 <memset>
    1dd0:	02042a23          	sw	zero,52(s0)
    1dd4:	02042c23          	sw	zero,56(s0)
    1dd8:	04042423          	sw	zero,72(s0)
    1ddc:	04042623          	sw	zero,76(s0)
    1de0:	40b2                	lw	ra,12(sp)
    1de2:	8522                	mv	a0,s0
    1de4:	4422                	lw	s0,8(sp)
    1de6:	4492                	lw	s1,4(sp)
    1de8:	4902                	lw	s2,0(sp)
    1dea:	0141                	addi	sp,sp,16
    1dec:	8082                	ret
    1dee:	06840413          	addi	s0,s0,104
    1df2:	bf51                	j	1d86 <__sfp+0x22>
    1df4:	4591                	li	a1,4
    1df6:	854a                	mv	a0,s2
    1df8:	355d                	jal	1c9e <__sfmoreglue>
    1dfa:	c088                	sw	a0,0(s1)
    1dfc:	842a                	mv	s0,a0
    1dfe:	f949                	bnez	a0,1d90 <__sfp+0x2c>
    1e00:	35ed                	jal	1cea <__sfp_lock_release>
    1e02:	47b1                	li	a5,12
    1e04:	00f92023          	sw	a5,0(s2)
    1e08:	bfe1                	j	1de0 <__sfp+0x7c>

00001e0a <_fwalk_reent>:
_fwalk_reent():
    1e0a:	7179                	addi	sp,sp,-48
    1e0c:	d422                	sw	s0,40(sp)
    1e0e:	d04a                	sw	s2,32(sp)
    1e10:	ce4e                	sw	s3,28(sp)
    1e12:	cc52                	sw	s4,24(sp)
    1e14:	c85a                	sw	s6,16(sp)
    1e16:	c65e                	sw	s7,12(sp)
    1e18:	d606                	sw	ra,44(sp)
    1e1a:	d226                	sw	s1,36(sp)
    1e1c:	ca56                	sw	s5,20(sp)
    1e1e:	892a                	mv	s2,a0
    1e20:	8a2e                	mv	s4,a1
    1e22:	04850413          	addi	s0,a0,72
    1e26:	4981                	li	s3,0
    1e28:	4b05                	li	s6,1
    1e2a:	5bfd                	li	s7,-1
    1e2c:	4404                	lw	s1,8(s0)
    1e2e:	00442a83          	lw	s5,4(s0)
    1e32:	1afd                	addi	s5,s5,-1
    1e34:	020ad063          	bgez	s5,1e54 <_fwalk_reent+0x4a>
    1e38:	4000                	lw	s0,0(s0)
    1e3a:	f86d                	bnez	s0,1e2c <_fwalk_reent+0x22>
    1e3c:	50b2                	lw	ra,44(sp)
    1e3e:	5422                	lw	s0,40(sp)
    1e40:	5492                	lw	s1,36(sp)
    1e42:	5902                	lw	s2,32(sp)
    1e44:	4a62                	lw	s4,24(sp)
    1e46:	4ad2                	lw	s5,20(sp)
    1e48:	4b42                	lw	s6,16(sp)
    1e4a:	4bb2                	lw	s7,12(sp)
    1e4c:	854e                	mv	a0,s3
    1e4e:	49f2                	lw	s3,28(sp)
    1e50:	6145                	addi	sp,sp,48
    1e52:	8082                	ret
    1e54:	24de                	lhu	a5,12(s1)
    1e56:	00fb7b63          	bgeu	s6,a5,1e6c <_fwalk_reent+0x62>
    1e5a:	00e49783          	lh	a5,14(s1)
    1e5e:	01778763          	beq	a5,s7,1e6c <_fwalk_reent+0x62>
    1e62:	85a6                	mv	a1,s1
    1e64:	854a                	mv	a0,s2
    1e66:	9a02                	jalr	s4
    1e68:	00a9e9b3          	or	s3,s3,a0
    1e6c:	06848493          	addi	s1,s1,104
    1e70:	b7c9                	j	1e32 <_fwalk_reent+0x28>

00001e72 <__retarget_lock_init_recursive>:
__retarget_lock_init_recursive():
    1e72:	8082                	ret

00001e74 <__retarget_lock_acquire_recursive>:
__retarget_lock_acquire_recursive():
    1e74:	8082                	ret

00001e76 <__retarget_lock_release_recursive>:
__retarget_lock_release_recursive():
    1e76:	8082                	ret

00001e78 <__swhatbuf_r>:
__swhatbuf_r():
    1e78:	7159                	addi	sp,sp,-112
    1e7a:	d4a2                	sw	s0,104(sp)
    1e7c:	842e                	mv	s0,a1
    1e7e:	00e59583          	lh	a1,14(a1)
    1e82:	d2a6                	sw	s1,100(sp)
    1e84:	d0ca                	sw	s2,96(sp)
    1e86:	d686                	sw	ra,108(sp)
    1e88:	84b2                	mv	s1,a2
    1e8a:	8936                	mv	s2,a3
    1e8c:	0205d263          	bgez	a1,1eb0 <__swhatbuf_r+0x38>
    1e90:	245e                	lhu	a5,12(s0)
    1e92:	0807f793          	andi	a5,a5,128
    1e96:	eb8d                	bnez	a5,1ec8 <__swhatbuf_r+0x50>
    1e98:	40000713          	li	a4,1024
    1e9c:	50b6                	lw	ra,108(sp)
    1e9e:	5426                	lw	s0,104(sp)
    1ea0:	00f92023          	sw	a5,0(s2)
    1ea4:	c098                	sw	a4,0(s1)
    1ea6:	5906                	lw	s2,96(sp)
    1ea8:	5496                	lw	s1,100(sp)
    1eaa:	4501                	li	a0,0
    1eac:	6165                	addi	sp,sp,112
    1eae:	8082                	ret
    1eb0:	0030                	addi	a2,sp,8
    1eb2:	2de1                	jal	258a <_fstat_r>
    1eb4:	fc054ee3          	bltz	a0,1e90 <__swhatbuf_r+0x18>
    1eb8:	4732                	lw	a4,12(sp)
    1eba:	67bd                	lui	a5,0xf
    1ebc:	8ff9                	and	a5,a5,a4
    1ebe:	7779                	lui	a4,0xffffe
    1ec0:	97ba                	add	a5,a5,a4
    1ec2:	0017b793          	seqz	a5,a5
    1ec6:	bfc9                	j	1e98 <__swhatbuf_r+0x20>
    1ec8:	4781                	li	a5,0
    1eca:	04000713          	li	a4,64
    1ece:	b7f9                	j	1e9c <__swhatbuf_r+0x24>

00001ed0 <__smakebuf_r>:
__smakebuf_r():
    1ed0:	25de                	lhu	a5,12(a1)
    1ed2:	7179                	addi	sp,sp,-48
    1ed4:	d422                	sw	s0,40(sp)
    1ed6:	d606                	sw	ra,44(sp)
    1ed8:	d226                	sw	s1,36(sp)
    1eda:	d04a                	sw	s2,32(sp)
    1edc:	ce4e                	sw	s3,28(sp)
    1ede:	8b89                	andi	a5,a5,2
    1ee0:	842e                	mv	s0,a1
    1ee2:	cf91                	beqz	a5,1efe <__smakebuf_r+0x2e>
    1ee4:	04740793          	addi	a5,s0,71
    1ee8:	c01c                	sw	a5,0(s0)
    1eea:	c81c                	sw	a5,16(s0)
    1eec:	4785                	li	a5,1
    1eee:	c85c                	sw	a5,20(s0)
    1ef0:	50b2                	lw	ra,44(sp)
    1ef2:	5422                	lw	s0,40(sp)
    1ef4:	5492                	lw	s1,36(sp)
    1ef6:	5902                	lw	s2,32(sp)
    1ef8:	49f2                	lw	s3,28(sp)
    1efa:	6145                	addi	sp,sp,48
    1efc:	8082                	ret
    1efe:	0074                	addi	a3,sp,12
    1f00:	0030                	addi	a2,sp,8
    1f02:	84aa                	mv	s1,a0
    1f04:	3f95                	jal	1e78 <__swhatbuf_r>
    1f06:	49a2                	lw	s3,8(sp)
    1f08:	892a                	mv	s2,a0
    1f0a:	8526                	mv	a0,s1
    1f0c:	85ce                	mv	a1,s3
    1f0e:	2299                	jal	2054 <_malloc_r>
    1f10:	e919                	bnez	a0,1f26 <__smakebuf_r+0x56>
    1f12:	00c41783          	lh	a5,12(s0)
    1f16:	2007f713          	andi	a4,a5,512
    1f1a:	fb79                	bnez	a4,1ef0 <__smakebuf_r+0x20>
    1f1c:	9bf1                	andi	a5,a5,-4
    1f1e:	0027e793          	ori	a5,a5,2
    1f22:	a45e                	sh	a5,12(s0)
    1f24:	b7c1                	j	1ee4 <__smakebuf_r+0x14>
    1f26:	00000797          	auipc	a5,0x0
    1f2a:	d6e78793          	addi	a5,a5,-658 # 1c94 <_cleanup_r>
    1f2e:	d49c                	sw	a5,40(s1)
    1f30:	245e                	lhu	a5,12(s0)
    1f32:	c008                	sw	a0,0(s0)
    1f34:	c808                	sw	a0,16(s0)
    1f36:	0807e793          	ori	a5,a5,128
    1f3a:	a45e                	sh	a5,12(s0)
    1f3c:	47b2                	lw	a5,12(sp)
    1f3e:	01342a23          	sw	s3,20(s0)
    1f42:	cb99                	beqz	a5,1f58 <__smakebuf_r+0x88>
    1f44:	00e41583          	lh	a1,14(s0)
    1f48:	8526                	mv	a0,s1
    1f4a:	25a5                	jal	25b2 <_isatty_r>
    1f4c:	c511                	beqz	a0,1f58 <__smakebuf_r+0x88>
    1f4e:	245e                	lhu	a5,12(s0)
    1f50:	9bf1                	andi	a5,a5,-4
    1f52:	0017e793          	ori	a5,a5,1
    1f56:	a45e                	sh	a5,12(s0)
    1f58:	245e                	lhu	a5,12(s0)
    1f5a:	0127e533          	or	a0,a5,s2
    1f5e:	a44a                	sh	a0,12(s0)
    1f60:	bf41                	j	1ef0 <__smakebuf_r+0x20>

00001f62 <_free_r>:
_free_r():
    1f62:	cdd1                	beqz	a1,1ffe <_free_r+0x9c>
    1f64:	ffc5a783          	lw	a5,-4(a1)
    1f68:	1101                	addi	sp,sp,-32
    1f6a:	cc22                	sw	s0,24(sp)
    1f6c:	ce06                	sw	ra,28(sp)
    1f6e:	ffc58413          	addi	s0,a1,-4
    1f72:	0007d363          	bgez	a5,1f78 <_free_r+0x16>
    1f76:	943e                	add	s0,s0,a5
    1f78:	c62a                	sw	a0,12(sp)
    1f7a:	2545                	jal	261a <__malloc_lock>
    1f7c:	83c18713          	addi	a4,gp,-1988 # 20000dd4 <__malloc_free_list>
    1f80:	431c                	lw	a5,0(a4)
    1f82:	4532                	lw	a0,12(sp)
    1f84:	eb81                	bnez	a5,1f94 <_free_r+0x32>
    1f86:	00042223          	sw	zero,4(s0)
    1f8a:	c300                	sw	s0,0(a4)
    1f8c:	4462                	lw	s0,24(sp)
    1f8e:	40f2                	lw	ra,28(sp)
    1f90:	6105                	addi	sp,sp,32
    1f92:	ad41                	j	2622 <__malloc_unlock>
    1f94:	00f47d63          	bgeu	s0,a5,1fae <_free_r+0x4c>
    1f98:	4010                	lw	a2,0(s0)
    1f9a:	00c406b3          	add	a3,s0,a2
    1f9e:	00d79663          	bne	a5,a3,1faa <_free_r+0x48>
    1fa2:	4394                	lw	a3,0(a5)
    1fa4:	43dc                	lw	a5,4(a5)
    1fa6:	96b2                	add	a3,a3,a2
    1fa8:	c014                	sw	a3,0(s0)
    1faa:	c05c                	sw	a5,4(s0)
    1fac:	bff9                	j	1f8a <_free_r+0x28>
    1fae:	873e                	mv	a4,a5
    1fb0:	43dc                	lw	a5,4(a5)
    1fb2:	c399                	beqz	a5,1fb8 <_free_r+0x56>
    1fb4:	fef47de3          	bgeu	s0,a5,1fae <_free_r+0x4c>
    1fb8:	4314                	lw	a3,0(a4)
    1fba:	00d70633          	add	a2,a4,a3
    1fbe:	00861f63          	bne	a2,s0,1fdc <_free_r+0x7a>
    1fc2:	4010                	lw	a2,0(s0)
    1fc4:	96b2                	add	a3,a3,a2
    1fc6:	c314                	sw	a3,0(a4)
    1fc8:	00d70633          	add	a2,a4,a3
    1fcc:	fcc790e3          	bne	a5,a2,1f8c <_free_r+0x2a>
    1fd0:	4390                	lw	a2,0(a5)
    1fd2:	43dc                	lw	a5,4(a5)
    1fd4:	96b2                	add	a3,a3,a2
    1fd6:	c314                	sw	a3,0(a4)
    1fd8:	c35c                	sw	a5,4(a4)
    1fda:	bf4d                	j	1f8c <_free_r+0x2a>
    1fdc:	00c47563          	bgeu	s0,a2,1fe6 <_free_r+0x84>
    1fe0:	47b1                	li	a5,12
    1fe2:	c11c                	sw	a5,0(a0)
    1fe4:	b765                	j	1f8c <_free_r+0x2a>
    1fe6:	4010                	lw	a2,0(s0)
    1fe8:	00c406b3          	add	a3,s0,a2
    1fec:	00d79663          	bne	a5,a3,1ff8 <_free_r+0x96>
    1ff0:	4394                	lw	a3,0(a5)
    1ff2:	43dc                	lw	a5,4(a5)
    1ff4:	96b2                	add	a3,a3,a2
    1ff6:	c014                	sw	a3,0(s0)
    1ff8:	c05c                	sw	a5,4(s0)
    1ffa:	c340                	sw	s0,4(a4)
    1ffc:	bf41                	j	1f8c <_free_r+0x2a>
    1ffe:	8082                	ret

00002000 <sbrk_aligned>:
sbrk_aligned():
    2000:	1141                	addi	sp,sp,-16
    2002:	c04a                	sw	s2,0(sp)
    2004:	83818913          	addi	s2,gp,-1992 # 20000dd0 <__malloc_sbrk_start>
    2008:	00092783          	lw	a5,0(s2)
    200c:	c422                	sw	s0,8(sp)
    200e:	c226                	sw	s1,4(sp)
    2010:	c606                	sw	ra,12(sp)
    2012:	84aa                	mv	s1,a0
    2014:	842e                	mv	s0,a1
    2016:	e789                	bnez	a5,2020 <sbrk_aligned+0x20>
    2018:	4581                	li	a1,0
    201a:	2989                	jal	246c <_sbrk_r>
    201c:	00a92023          	sw	a0,0(s2)
    2020:	85a2                	mv	a1,s0
    2022:	8526                	mv	a0,s1
    2024:	21a1                	jal	246c <_sbrk_r>
    2026:	597d                	li	s2,-1
    2028:	01251a63          	bne	a0,s2,203c <sbrk_aligned+0x3c>
    202c:	547d                	li	s0,-1
    202e:	40b2                	lw	ra,12(sp)
    2030:	8522                	mv	a0,s0
    2032:	4422                	lw	s0,8(sp)
    2034:	4492                	lw	s1,4(sp)
    2036:	4902                	lw	s2,0(sp)
    2038:	0141                	addi	sp,sp,16
    203a:	8082                	ret
    203c:	00350413          	addi	s0,a0,3
    2040:	9871                	andi	s0,s0,-4
    2042:	fe8506e3          	beq	a0,s0,202e <sbrk_aligned+0x2e>
    2046:	40a405b3          	sub	a1,s0,a0
    204a:	8526                	mv	a0,s1
    204c:	2105                	jal	246c <_sbrk_r>
    204e:	ff2510e3          	bne	a0,s2,202e <sbrk_aligned+0x2e>
    2052:	bfe9                	j	202c <sbrk_aligned+0x2c>

00002054 <_malloc_r>:
_malloc_r():
    2054:	1101                	addi	sp,sp,-32
    2056:	ca26                	sw	s1,20(sp)
    2058:	00358493          	addi	s1,a1,3
    205c:	98f1                	andi	s1,s1,-4
    205e:	c84a                	sw	s2,16(sp)
    2060:	04a1                	addi	s1,s1,8
    2062:	47b1                	li	a5,12
    2064:	ce06                	sw	ra,28(sp)
    2066:	cc22                	sw	s0,24(sp)
    2068:	c64e                	sw	s3,12(sp)
    206a:	892a                	mv	s2,a0
    206c:	0af4f4b3          	maxu	s1,s1,a5
    2070:	0004c463          	bltz	s1,2078 <_malloc_r+0x24>
    2074:	00b4fd63          	bgeu	s1,a1,208e <_malloc_r+0x3a>
    2078:	47b1                	li	a5,12
    207a:	00f92023          	sw	a5,0(s2)
    207e:	4501                	li	a0,0
    2080:	40f2                	lw	ra,28(sp)
    2082:	4462                	lw	s0,24(sp)
    2084:	44d2                	lw	s1,20(sp)
    2086:	4942                	lw	s2,16(sp)
    2088:	49b2                	lw	s3,12(sp)
    208a:	6105                	addi	sp,sp,32
    208c:	8082                	ret
    208e:	2371                	jal	261a <__malloc_lock>
    2090:	83c18993          	addi	s3,gp,-1988 # 20000dd4 <__malloc_free_list>
    2094:	0009a783          	lw	a5,0(s3)
    2098:	843e                	mv	s0,a5
    209a:	e431                	bnez	s0,20e6 <_malloc_r+0x92>
    209c:	85a6                	mv	a1,s1
    209e:	854a                	mv	a0,s2
    20a0:	3785                	jal	2000 <sbrk_aligned>
    20a2:	57fd                	li	a5,-1
    20a4:	842a                	mv	s0,a0
    20a6:	0af51663          	bne	a0,a5,2152 <_malloc_r+0xfe>
    20aa:	0009a403          	lw	s0,0(s3)
    20ae:	87a2                	mv	a5,s0
    20b0:	ebc1                	bnez	a5,2140 <_malloc_r+0xec>
    20b2:	00042983          	lw	s3,0(s0)
    20b6:	4581                	li	a1,0
    20b8:	854a                	mv	a0,s2
    20ba:	99a2                	add	s3,s3,s0
    20bc:	2e45                	jal	246c <_sbrk_r>
    20be:	08a99463          	bne	s3,a0,2146 <_malloc_r+0xf2>
    20c2:	401c                	lw	a5,0(s0)
    20c4:	048d                	addi	s1,s1,3
    20c6:	854a                	mv	a0,s2
    20c8:	8c9d                	sub	s1,s1,a5
    20ca:	98f1                	andi	s1,s1,-4
    20cc:	47b1                	li	a5,12
    20ce:	04a1                	addi	s1,s1,8
    20d0:	0af4f4b3          	maxu	s1,s1,a5
    20d4:	85a6                	mv	a1,s1
    20d6:	372d                	jal	2000 <sbrk_aligned>
    20d8:	57fd                	li	a5,-1
    20da:	06f50663          	beq	a0,a5,2146 <_malloc_r+0xf2>
    20de:	401c                	lw	a5,0(s0)
    20e0:	97a6                	add	a5,a5,s1
    20e2:	c01c                	sw	a5,0(s0)
    20e4:	a015                	j	2108 <_malloc_r+0xb4>
    20e6:	4014                	lw	a3,0(s0)
    20e8:	8e85                	sub	a3,a3,s1
    20ea:	0406c863          	bltz	a3,213a <_malloc_r+0xe6>
    20ee:	472d                	li	a4,11
    20f0:	02d77d63          	bgeu	a4,a3,212a <_malloc_r+0xd6>
    20f4:	c004                	sw	s1,0(s0)
    20f6:	00940733          	add	a4,s0,s1
    20fa:	02879663          	bne	a5,s0,2126 <_malloc_r+0xd2>
    20fe:	00e9a023          	sw	a4,0(s3)
    2102:	405c                	lw	a5,4(s0)
    2104:	c314                	sw	a3,0(a4)
    2106:	c35c                	sw	a5,4(a4)
    2108:	854a                	mv	a0,s2
    210a:	2b21                	jal	2622 <__malloc_unlock>
    210c:	00b40513          	addi	a0,s0,11
    2110:	00440793          	addi	a5,s0,4
    2114:	9961                	andi	a0,a0,-8
    2116:	40f50733          	sub	a4,a0,a5
    211a:	f6f503e3          	beq	a0,a5,2080 <_malloc_r+0x2c>
    211e:	943a                	add	s0,s0,a4
    2120:	8f89                	sub	a5,a5,a0
    2122:	c01c                	sw	a5,0(s0)
    2124:	bfb1                	j	2080 <_malloc_r+0x2c>
    2126:	c3d8                	sw	a4,4(a5)
    2128:	bfe9                	j	2102 <_malloc_r+0xae>
    212a:	4058                	lw	a4,4(s0)
    212c:	00879563          	bne	a5,s0,2136 <_malloc_r+0xe2>
    2130:	00e9a023          	sw	a4,0(s3)
    2134:	bfd1                	j	2108 <_malloc_r+0xb4>
    2136:	c3d8                	sw	a4,4(a5)
    2138:	bfc1                	j	2108 <_malloc_r+0xb4>
    213a:	87a2                	mv	a5,s0
    213c:	4040                	lw	s0,4(s0)
    213e:	bfb1                	j	209a <_malloc_r+0x46>
    2140:	843e                	mv	s0,a5
    2142:	43dc                	lw	a5,4(a5)
    2144:	b7b5                	j	20b0 <_malloc_r+0x5c>
    2146:	47b1                	li	a5,12
    2148:	00f92023          	sw	a5,0(s2)
    214c:	854a                	mv	a0,s2
    214e:	29d1                	jal	2622 <__malloc_unlock>
    2150:	b73d                	j	207e <_malloc_r+0x2a>
    2152:	c104                	sw	s1,0(a0)
    2154:	bf55                	j	2108 <_malloc_r+0xb4>

00002156 <__sfputc_r>:
__sfputc_r():
    2156:	461c                	lw	a5,8(a2)
    2158:	17fd                	addi	a5,a5,-1
    215a:	c61c                	sw	a5,8(a2)
    215c:	0007da63          	bgez	a5,2170 <__sfputc_r+0x1a>
    2160:	4e18                	lw	a4,24(a2)
    2162:	00e7c563          	blt	a5,a4,216c <__sfputc_r+0x16>
    2166:	47a9                	li	a5,10
    2168:	00f59463          	bne	a1,a5,2170 <__sfputc_r+0x1a>
    216c:	f5cff06f          	j	18c8 <__swbuf_r>
    2170:	421c                	lw	a5,0(a2)
    2172:	852e                	mv	a0,a1
    2174:	00178713          	addi	a4,a5,1
    2178:	c218                	sw	a4,0(a2)
    217a:	a38c                	sb	a1,0(a5)
    217c:	8082                	ret

0000217e <__sfputs_r>:
__sfputs_r():
    217e:	1101                	addi	sp,sp,-32
    2180:	cc22                	sw	s0,24(sp)
    2182:	ca26                	sw	s1,20(sp)
    2184:	c84a                	sw	s2,16(sp)
    2186:	c64e                	sw	s3,12(sp)
    2188:	c452                	sw	s4,8(sp)
    218a:	ce06                	sw	ra,28(sp)
    218c:	892a                	mv	s2,a0
    218e:	89ae                	mv	s3,a1
    2190:	8432                	mv	s0,a2
    2192:	00d604b3          	add	s1,a2,a3
    2196:	5a7d                	li	s4,-1
    2198:	00941463          	bne	s0,s1,21a0 <__sfputs_r+0x22>
    219c:	4501                	li	a0,0
    219e:	a801                	j	21ae <__sfputs_r+0x30>
    21a0:	200c                	lbu	a1,0(s0)
    21a2:	864e                	mv	a2,s3
    21a4:	854a                	mv	a0,s2
    21a6:	3f45                	jal	2156 <__sfputc_r>
    21a8:	0405                	addi	s0,s0,1
    21aa:	ff4517e3          	bne	a0,s4,2198 <__sfputs_r+0x1a>
    21ae:	40f2                	lw	ra,28(sp)
    21b0:	4462                	lw	s0,24(sp)
    21b2:	44d2                	lw	s1,20(sp)
    21b4:	4942                	lw	s2,16(sp)
    21b6:	49b2                	lw	s3,12(sp)
    21b8:	4a22                	lw	s4,8(sp)
    21ba:	6105                	addi	sp,sp,32
    21bc:	8082                	ret

000021be <_vfiprintf_r>:
_vfiprintf_r():
    21be:	7135                	addi	sp,sp,-160
    21c0:	cd22                	sw	s0,152(sp)
    21c2:	cb26                	sw	s1,148(sp)
    21c4:	c94a                	sw	s2,144(sp)
    21c6:	c74e                	sw	s3,140(sp)
    21c8:	cf06                	sw	ra,156(sp)
    21ca:	c552                	sw	s4,136(sp)
    21cc:	c356                	sw	s5,132(sp)
    21ce:	c15a                	sw	s6,128(sp)
    21d0:	dede                	sw	s7,124(sp)
    21d2:	dce2                	sw	s8,120(sp)
    21d4:	89aa                	mv	s3,a0
    21d6:	842e                	mv	s0,a1
    21d8:	8932                	mv	s2,a2
    21da:	84b6                	mv	s1,a3
    21dc:	c501                	beqz	a0,21e4 <_vfiprintf_r+0x26>
    21de:	4d1c                	lw	a5,24(a0)
    21e0:	e391                	bnez	a5,21e4 <_vfiprintf_r+0x26>
    21e2:	3e29                	jal	1cfc <__sinit>
    21e4:	00001797          	auipc	a5,0x1
    21e8:	8b078793          	addi	a5,a5,-1872 # 2a94 <__sf_fake_stdin>
    21ec:	04f41763          	bne	s0,a5,223a <_vfiprintf_r+0x7c>
    21f0:	0049a403          	lw	s0,4(s3)
    21f4:	507c                	lw	a5,100(s0)
    21f6:	8b85                	andi	a5,a5,1
    21f8:	e799                	bnez	a5,2206 <_vfiprintf_r+0x48>
    21fa:	245e                	lhu	a5,12(s0)
    21fc:	2007f793          	andi	a5,a5,512
    2200:	e399                	bnez	a5,2206 <_vfiprintf_r+0x48>
    2202:	4c28                	lw	a0,88(s0)
    2204:	3985                	jal	1e74 <__retarget_lock_acquire_recursive>
    2206:	245e                	lhu	a5,12(s0)
    2208:	8ba1                	andi	a5,a5,8
    220a:	c399                	beqz	a5,2210 <_vfiprintf_r+0x52>
    220c:	481c                	lw	a5,16(s0)
    220e:	efb9                	bnez	a5,226c <_vfiprintf_r+0xae>
    2210:	85a2                	mv	a1,s0
    2212:	854e                	mv	a0,s3
    2214:	f70ff0ef          	jal	ra,1984 <__swsetup_r>
    2218:	c931                	beqz	a0,226c <_vfiprintf_r+0xae>
    221a:	507c                	lw	a5,100(s0)
    221c:	8b85                	andi	a5,a5,1
    221e:	c3a1                	beqz	a5,225e <_vfiprintf_r+0xa0>
    2220:	557d                	li	a0,-1
    2222:	40fa                	lw	ra,156(sp)
    2224:	446a                	lw	s0,152(sp)
    2226:	44da                	lw	s1,148(sp)
    2228:	494a                	lw	s2,144(sp)
    222a:	49ba                	lw	s3,140(sp)
    222c:	4a2a                	lw	s4,136(sp)
    222e:	4a9a                	lw	s5,132(sp)
    2230:	4b0a                	lw	s6,128(sp)
    2232:	5bf6                	lw	s7,124(sp)
    2234:	5c66                	lw	s8,120(sp)
    2236:	610d                	addi	sp,sp,160
    2238:	8082                	ret
    223a:	00001797          	auipc	a5,0x1
    223e:	83a78793          	addi	a5,a5,-1990 # 2a74 <__sf_fake_stdout>
    2242:	00f41563          	bne	s0,a5,224c <_vfiprintf_r+0x8e>
    2246:	0089a403          	lw	s0,8(s3)
    224a:	b76d                	j	21f4 <_vfiprintf_r+0x36>
    224c:	00001797          	auipc	a5,0x1
    2250:	80878793          	addi	a5,a5,-2040 # 2a54 <__sf_fake_stderr>
    2254:	faf410e3          	bne	s0,a5,21f4 <_vfiprintf_r+0x36>
    2258:	00c9a403          	lw	s0,12(s3)
    225c:	bf61                	j	21f4 <_vfiprintf_r+0x36>
    225e:	245e                	lhu	a5,12(s0)
    2260:	2007f793          	andi	a5,a5,512
    2264:	ffd5                	bnez	a5,2220 <_vfiprintf_r+0x62>
    2266:	4c28                	lw	a0,88(s0)
    2268:	3139                	jal	1e76 <__retarget_lock_release_recursive>
    226a:	bf5d                	j	2220 <_vfiprintf_r+0x62>
    226c:	02000793          	li	a5,32
    2270:	02f104a3          	sb	a5,41(sp)
    2274:	03000793          	li	a5,48
    2278:	d202                	sw	zero,36(sp)
    227a:	02f10523          	sb	a5,42(sp)
    227e:	c626                	sw	s1,12(sp)
    2280:	02500b93          	li	s7,37
    2284:	00001a97          	auipc	s5,0x1
    2288:	830a8a93          	addi	s5,s5,-2000 # 2ab4 <__sf_fake_stdin+0x20>
    228c:	4b29                	li	s6,10
    228e:	84ca                	mv	s1,s2
    2290:	209c                	lbu	a5,0(s1)
    2292:	c399                	beqz	a5,2298 <_vfiprintf_r+0xda>
    2294:	09779963          	bne	a5,s7,2326 <_vfiprintf_r+0x168>
    2298:	41248c33          	sub	s8,s1,s2
    229c:	01248d63          	beq	s1,s2,22b6 <_vfiprintf_r+0xf8>
    22a0:	86e2                	mv	a3,s8
    22a2:	864a                	mv	a2,s2
    22a4:	85a2                	mv	a1,s0
    22a6:	854e                	mv	a0,s3
    22a8:	3dd9                	jal	217e <__sfputs_r>
    22aa:	57fd                	li	a5,-1
    22ac:	18f50663          	beq	a0,a5,2438 <_vfiprintf_r+0x27a>
    22b0:	5792                	lw	a5,36(sp)
    22b2:	97e2                	add	a5,a5,s8
    22b4:	d23e                	sw	a5,36(sp)
    22b6:	209c                	lbu	a5,0(s1)
    22b8:	18078063          	beqz	a5,2438 <_vfiprintf_r+0x27a>
    22bc:	57fd                	li	a5,-1
    22be:	00148913          	addi	s2,s1,1
    22c2:	c802                	sw	zero,16(sp)
    22c4:	ce02                	sw	zero,28(sp)
    22c6:	ca3e                	sw	a5,20(sp)
    22c8:	cc02                	sw	zero,24(sp)
    22ca:	040109a3          	sb	zero,83(sp)
    22ce:	d482                	sw	zero,104(sp)
    22d0:	00094583          	lbu	a1,0(s2)
    22d4:	4615                	li	a2,5
    22d6:	8556                	mv	a0,s5
    22d8:	262d                	jal	2602 <memchr>
    22da:	47c2                	lw	a5,16(sp)
    22dc:	00190493          	addi	s1,s2,1
    22e0:	e529                	bnez	a0,232a <_vfiprintf_r+0x16c>
    22e2:	0107f713          	andi	a4,a5,16
    22e6:	c709                	beqz	a4,22f0 <_vfiprintf_r+0x132>
    22e8:	02000713          	li	a4,32
    22ec:	04e109a3          	sb	a4,83(sp)
    22f0:	0087f713          	andi	a4,a5,8
    22f4:	c709                	beqz	a4,22fe <_vfiprintf_r+0x140>
    22f6:	02b00713          	li	a4,43
    22fa:	04e109a3          	sb	a4,83(sp)
    22fe:	00094683          	lbu	a3,0(s2)
    2302:	02a00713          	li	a4,42
    2306:	02e68963          	beq	a3,a4,2338 <_vfiprintf_r+0x17a>
    230a:	47f2                	lw	a5,28(sp)
    230c:	84ca                	mv	s1,s2
    230e:	4681                	li	a3,0
    2310:	4625                	li	a2,9
    2312:	2098                	lbu	a4,0(s1)
    2314:	00148593          	addi	a1,s1,1
    2318:	fd070713          	addi	a4,a4,-48 # ffffdfd0 <_eusrstack+0xdfffafd0>
    231c:	06e67263          	bgeu	a2,a4,2380 <_vfiprintf_r+0x1c2>
    2320:	c685                	beqz	a3,2348 <_vfiprintf_r+0x18a>
    2322:	ce3e                	sw	a5,28(sp)
    2324:	a015                	j	2348 <_vfiprintf_r+0x18a>
    2326:	0485                	addi	s1,s1,1
    2328:	b7a5                	j	2290 <_vfiprintf_r+0xd2>
    232a:	41550533          	sub	a0,a0,s5
    232e:	28a797b3          	bset	a5,a5,a0
    2332:	8926                	mv	s2,s1
    2334:	c83e                	sw	a5,16(sp)
    2336:	bf69                	j	22d0 <_vfiprintf_r+0x112>
    2338:	4732                	lw	a4,12(sp)
    233a:	00470693          	addi	a3,a4,4
    233e:	4318                	lw	a4,0(a4)
    2340:	c636                	sw	a3,12(sp)
    2342:	02074863          	bltz	a4,2372 <_vfiprintf_r+0x1b4>
    2346:	ce3a                	sw	a4,28(sp)
    2348:	2098                	lbu	a4,0(s1)
    234a:	02e00793          	li	a5,46
    234e:	04f71c63          	bne	a4,a5,23a6 <_vfiprintf_r+0x1e8>
    2352:	3098                	lbu	a4,1(s1)
    2354:	02a00793          	li	a5,42
    2358:	02f71a63          	bne	a4,a5,238c <_vfiprintf_r+0x1ce>
    235c:	47b2                	lw	a5,12(sp)
    235e:	0489                	addi	s1,s1,2
    2360:	00478713          	addi	a4,a5,4
    2364:	439c                	lw	a5,0(a5)
    2366:	c63a                	sw	a4,12(sp)
    2368:	577d                	li	a4,-1
    236a:	0ae7e7b3          	max	a5,a5,a4
    236e:	ca3e                	sw	a5,20(sp)
    2370:	a81d                	j	23a6 <_vfiprintf_r+0x1e8>
    2372:	40e00733          	neg	a4,a4
    2376:	0027e793          	ori	a5,a5,2
    237a:	ce3a                	sw	a4,28(sp)
    237c:	c83e                	sw	a5,16(sp)
    237e:	b7e9                	j	2348 <_vfiprintf_r+0x18a>
    2380:	036787b3          	mul	a5,a5,s6
    2384:	84ae                	mv	s1,a1
    2386:	4685                	li	a3,1
    2388:	97ba                	add	a5,a5,a4
    238a:	b761                	j	2312 <_vfiprintf_r+0x154>
    238c:	0485                	addi	s1,s1,1
    238e:	ca02                	sw	zero,20(sp)
    2390:	4681                	li	a3,0
    2392:	4781                	li	a5,0
    2394:	4625                	li	a2,9
    2396:	2098                	lbu	a4,0(s1)
    2398:	00148593          	addi	a1,s1,1
    239c:	fd070713          	addi	a4,a4,-48
    23a0:	06e67263          	bgeu	a2,a4,2404 <_vfiprintf_r+0x246>
    23a4:	f6e9                	bnez	a3,236e <_vfiprintf_r+0x1b0>
    23a6:	208c                	lbu	a1,0(s1)
    23a8:	460d                	li	a2,3
    23aa:	00000517          	auipc	a0,0x0
    23ae:	71250513          	addi	a0,a0,1810 # 2abc <__sf_fake_stdin+0x28>
    23b2:	2c81                	jal	2602 <memchr>
    23b4:	cd11                	beqz	a0,23d0 <_vfiprintf_r+0x212>
    23b6:	00000797          	auipc	a5,0x0
    23ba:	70678793          	addi	a5,a5,1798 # 2abc <__sf_fake_stdin+0x28>
    23be:	8d1d                	sub	a0,a0,a5
    23c0:	47c2                	lw	a5,16(sp)
    23c2:	04000713          	li	a4,64
    23c6:	00a71733          	sll	a4,a4,a0
    23ca:	8fd9                	or	a5,a5,a4
    23cc:	0485                	addi	s1,s1,1
    23ce:	c83e                	sw	a5,16(sp)
    23d0:	208c                	lbu	a1,0(s1)
    23d2:	4619                	li	a2,6
    23d4:	00000517          	auipc	a0,0x0
    23d8:	6ec50513          	addi	a0,a0,1772 # 2ac0 <__sf_fake_stdin+0x2c>
    23dc:	00148913          	addi	s2,s1,1
    23e0:	02b10423          	sb	a1,40(sp)
    23e4:	2c39                	jal	2602 <memchr>
    23e6:	c92d                	beqz	a0,2458 <_vfiprintf_r+0x29a>
    23e8:	00000793          	li	a5,0
    23ec:	e795                	bnez	a5,2418 <_vfiprintf_r+0x25a>
    23ee:	4742                	lw	a4,16(sp)
    23f0:	47b2                	lw	a5,12(sp)
    23f2:	10077713          	andi	a4,a4,256
    23f6:	cf09                	beqz	a4,2410 <_vfiprintf_r+0x252>
    23f8:	0791                	addi	a5,a5,4
    23fa:	c63e                	sw	a5,12(sp)
    23fc:	5792                	lw	a5,36(sp)
    23fe:	97d2                	add	a5,a5,s4
    2400:	d23e                	sw	a5,36(sp)
    2402:	b571                	j	228e <_vfiprintf_r+0xd0>
    2404:	036787b3          	mul	a5,a5,s6
    2408:	84ae                	mv	s1,a1
    240a:	4685                	li	a3,1
    240c:	97ba                	add	a5,a5,a4
    240e:	b761                	j	2396 <_vfiprintf_r+0x1d8>
    2410:	079d                	addi	a5,a5,7
    2412:	9be1                	andi	a5,a5,-8
    2414:	07a1                	addi	a5,a5,8
    2416:	b7d5                	j	23fa <_vfiprintf_r+0x23c>
    2418:	0078                	addi	a4,sp,12
    241a:	00000697          	auipc	a3,0x0
    241e:	d6468693          	addi	a3,a3,-668 # 217e <__sfputs_r>
    2422:	8622                	mv	a2,s0
    2424:	080c                	addi	a1,sp,16
    2426:	854e                	mv	a0,s3
    2428:	00000097          	auipc	ra,0x0
    242c:	000000e7          	jalr	zero # 0 <_sinit>
    2430:	57fd                	li	a5,-1
    2432:	8a2a                	mv	s4,a0
    2434:	fcf514e3          	bne	a0,a5,23fc <_vfiprintf_r+0x23e>
    2438:	507c                	lw	a5,100(s0)
    243a:	8b85                	andi	a5,a5,1
    243c:	e799                	bnez	a5,244a <_vfiprintf_r+0x28c>
    243e:	245e                	lhu	a5,12(s0)
    2440:	2007f793          	andi	a5,a5,512
    2444:	e399                	bnez	a5,244a <_vfiprintf_r+0x28c>
    2446:	4c28                	lw	a0,88(s0)
    2448:	343d                	jal	1e76 <__retarget_lock_release_recursive>
    244a:	245e                	lhu	a5,12(s0)
    244c:	0407f793          	andi	a5,a5,64
    2450:	dc0798e3          	bnez	a5,2220 <_vfiprintf_r+0x62>
    2454:	5512                	lw	a0,36(sp)
    2456:	b3f1                	j	2222 <_vfiprintf_r+0x64>
    2458:	0078                	addi	a4,sp,12
    245a:	00000697          	auipc	a3,0x0
    245e:	d2468693          	addi	a3,a3,-732 # 217e <__sfputs_r>
    2462:	8622                	mv	a2,s0
    2464:	080c                	addi	a1,sp,16
    2466:	854e                	mv	a0,s3
    2468:	24f1                	jal	2734 <_printf_i>
    246a:	b7d9                	j	2430 <_vfiprintf_r+0x272>

0000246c <_sbrk_r>:
_sbrk_r():
    246c:	1141                	addi	sp,sp,-16
    246e:	c422                	sw	s0,8(sp)
    2470:	842a                	mv	s0,a0
    2472:	852e                	mv	a0,a1
    2474:	8401a023          	sw	zero,-1984(gp) # 20000dd8 <errno>
    2478:	c606                	sw	ra,12(sp)
    247a:	abeff0ef          	jal	ra,1738 <_sbrk>
    247e:	57fd                	li	a5,-1
    2480:	00f51663          	bne	a0,a5,248c <_sbrk_r+0x20>
    2484:	8401a783          	lw	a5,-1984(gp) # 20000dd8 <errno>
    2488:	c391                	beqz	a5,248c <_sbrk_r+0x20>
    248a:	c01c                	sw	a5,0(s0)
    248c:	40b2                	lw	ra,12(sp)
    248e:	4422                	lw	s0,8(sp)
    2490:	0141                	addi	sp,sp,16
    2492:	8082                	ret

00002494 <__sread>:
__sread():
    2494:	1141                	addi	sp,sp,-16
    2496:	c422                	sw	s0,8(sp)
    2498:	842e                	mv	s0,a1
    249a:	00e59583          	lh	a1,14(a1)
    249e:	c606                	sw	ra,12(sp)
    24a0:	2331                	jal	29ac <_read_r>
    24a2:	00054963          	bltz	a0,24b4 <__sread+0x20>
    24a6:	487c                	lw	a5,84(s0)
    24a8:	97aa                	add	a5,a5,a0
    24aa:	c87c                	sw	a5,84(s0)
    24ac:	40b2                	lw	ra,12(sp)
    24ae:	4422                	lw	s0,8(sp)
    24b0:	0141                	addi	sp,sp,16
    24b2:	8082                	ret
    24b4:	245e                	lhu	a5,12(s0)
    24b6:	48c79793          	bclri	a5,a5,0xc
    24ba:	a45e                	sh	a5,12(s0)
    24bc:	bfc5                	j	24ac <__sread+0x18>

000024be <__swrite>:
__swrite():
    24be:	25de                	lhu	a5,12(a1)
    24c0:	1101                	addi	sp,sp,-32
    24c2:	cc22                	sw	s0,24(sp)
    24c4:	ca26                	sw	s1,20(sp)
    24c6:	c84a                	sw	s2,16(sp)
    24c8:	c64e                	sw	s3,12(sp)
    24ca:	ce06                	sw	ra,28(sp)
    24cc:	1007f793          	andi	a5,a5,256
    24d0:	84aa                	mv	s1,a0
    24d2:	842e                	mv	s0,a1
    24d4:	8932                	mv	s2,a2
    24d6:	89b6                	mv	s3,a3
    24d8:	c791                	beqz	a5,24e4 <__swrite+0x26>
    24da:	00e59583          	lh	a1,14(a1)
    24de:	4689                	li	a3,2
    24e0:	4601                	li	a2,0
    24e2:	28dd                	jal	25d8 <_lseek_r>
    24e4:	245e                	lhu	a5,12(s0)
    24e6:	00e41583          	lh	a1,14(s0)
    24ea:	40f2                	lw	ra,28(sp)
    24ec:	48c79793          	bclri	a5,a5,0xc
    24f0:	a45e                	sh	a5,12(s0)
    24f2:	4462                	lw	s0,24(sp)
    24f4:	86ce                	mv	a3,s3
    24f6:	864a                	mv	a2,s2
    24f8:	49b2                	lw	s3,12(sp)
    24fa:	4942                	lw	s2,16(sp)
    24fc:	8526                	mv	a0,s1
    24fe:	44d2                	lw	s1,20(sp)
    2500:	6105                	addi	sp,sp,32
    2502:	a81d                	j	2538 <_write_r>

00002504 <__sseek>:
__sseek():
    2504:	1141                	addi	sp,sp,-16
    2506:	c422                	sw	s0,8(sp)
    2508:	842e                	mv	s0,a1
    250a:	00e59583          	lh	a1,14(a1)
    250e:	c606                	sw	ra,12(sp)
    2510:	20e1                	jal	25d8 <_lseek_r>
    2512:	577d                	li	a4,-1
    2514:	245e                	lhu	a5,12(s0)
    2516:	00e51963          	bne	a0,a4,2528 <__sseek+0x24>
    251a:	48c79793          	bclri	a5,a5,0xc
    251e:	a45e                	sh	a5,12(s0)
    2520:	40b2                	lw	ra,12(sp)
    2522:	4422                	lw	s0,8(sp)
    2524:	0141                	addi	sp,sp,16
    2526:	8082                	ret
    2528:	28c79793          	bseti	a5,a5,0xc
    252c:	c868                	sw	a0,84(s0)
    252e:	a45e                	sh	a5,12(s0)
    2530:	bfc5                	j	2520 <__sseek+0x1c>

00002532 <__sclose>:
__sclose():
    2532:	00e59583          	lh	a1,14(a1)
    2536:	a03d                	j	2564 <_close_r>

00002538 <_write_r>:
_write_r():
    2538:	1141                	addi	sp,sp,-16
    253a:	c422                	sw	s0,8(sp)
    253c:	842a                	mv	s0,a0
    253e:	852e                	mv	a0,a1
    2540:	85b2                	mv	a1,a2
    2542:	8636                	mv	a2,a3
    2544:	8401a023          	sw	zero,-1984(gp) # 20000dd8 <errno>
    2548:	c606                	sw	ra,12(sp)
    254a:	9c8ff0ef          	jal	ra,1712 <_write>
    254e:	57fd                	li	a5,-1
    2550:	00f51663          	bne	a0,a5,255c <_write_r+0x24>
    2554:	8401a783          	lw	a5,-1984(gp) # 20000dd8 <errno>
    2558:	c391                	beqz	a5,255c <_write_r+0x24>
    255a:	c01c                	sw	a5,0(s0)
    255c:	40b2                	lw	ra,12(sp)
    255e:	4422                	lw	s0,8(sp)
    2560:	0141                	addi	sp,sp,16
    2562:	8082                	ret

00002564 <_close_r>:
_close_r():
    2564:	1141                	addi	sp,sp,-16
    2566:	c422                	sw	s0,8(sp)
    2568:	842a                	mv	s0,a0
    256a:	852e                	mv	a0,a1
    256c:	8401a023          	sw	zero,-1984(gp) # 20000dd8 <errno>
    2570:	c606                	sw	ra,12(sp)
    2572:	2195                	jal	29d6 <_close>
    2574:	57fd                	li	a5,-1
    2576:	00f51663          	bne	a0,a5,2582 <_close_r+0x1e>
    257a:	8401a783          	lw	a5,-1984(gp) # 20000dd8 <errno>
    257e:	c391                	beqz	a5,2582 <_close_r+0x1e>
    2580:	c01c                	sw	a5,0(s0)
    2582:	40b2                	lw	ra,12(sp)
    2584:	4422                	lw	s0,8(sp)
    2586:	0141                	addi	sp,sp,16
    2588:	8082                	ret

0000258a <_fstat_r>:
_fstat_r():
    258a:	1141                	addi	sp,sp,-16
    258c:	c422                	sw	s0,8(sp)
    258e:	842a                	mv	s0,a0
    2590:	852e                	mv	a0,a1
    2592:	85b2                	mv	a1,a2
    2594:	8401a023          	sw	zero,-1984(gp) # 20000dd8 <errno>
    2598:	c606                	sw	ra,12(sp)
    259a:	21a1                	jal	29e2 <_fstat>
    259c:	57fd                	li	a5,-1
    259e:	00f51663          	bne	a0,a5,25aa <_fstat_r+0x20>
    25a2:	8401a783          	lw	a5,-1984(gp) # 20000dd8 <errno>
    25a6:	c391                	beqz	a5,25aa <_fstat_r+0x20>
    25a8:	c01c                	sw	a5,0(s0)
    25aa:	40b2                	lw	ra,12(sp)
    25ac:	4422                	lw	s0,8(sp)
    25ae:	0141                	addi	sp,sp,16
    25b0:	8082                	ret

000025b2 <_isatty_r>:
_isatty_r():
    25b2:	1141                	addi	sp,sp,-16
    25b4:	c422                	sw	s0,8(sp)
    25b6:	842a                	mv	s0,a0
    25b8:	852e                	mv	a0,a1
    25ba:	8401a023          	sw	zero,-1984(gp) # 20000dd8 <errno>
    25be:	c606                	sw	ra,12(sp)
    25c0:	213d                	jal	29ee <_isatty>
    25c2:	57fd                	li	a5,-1
    25c4:	00f51663          	bne	a0,a5,25d0 <_isatty_r+0x1e>
    25c8:	8401a783          	lw	a5,-1984(gp) # 20000dd8 <errno>
    25cc:	c391                	beqz	a5,25d0 <_isatty_r+0x1e>
    25ce:	c01c                	sw	a5,0(s0)
    25d0:	40b2                	lw	ra,12(sp)
    25d2:	4422                	lw	s0,8(sp)
    25d4:	0141                	addi	sp,sp,16
    25d6:	8082                	ret

000025d8 <_lseek_r>:
_lseek_r():
    25d8:	1141                	addi	sp,sp,-16
    25da:	c422                	sw	s0,8(sp)
    25dc:	842a                	mv	s0,a0
    25de:	852e                	mv	a0,a1
    25e0:	85b2                	mv	a1,a2
    25e2:	8636                	mv	a2,a3
    25e4:	8401a023          	sw	zero,-1984(gp) # 20000dd8 <errno>
    25e8:	c606                	sw	ra,12(sp)
    25ea:	2901                	jal	29fa <_lseek>
    25ec:	57fd                	li	a5,-1
    25ee:	00f51663          	bne	a0,a5,25fa <_lseek_r+0x22>
    25f2:	8401a783          	lw	a5,-1984(gp) # 20000dd8 <errno>
    25f6:	c391                	beqz	a5,25fa <_lseek_r+0x22>
    25f8:	c01c                	sw	a5,0(s0)
    25fa:	40b2                	lw	ra,12(sp)
    25fc:	4422                	lw	s0,8(sp)
    25fe:	0141                	addi	sp,sp,16
    2600:	8082                	ret

00002602 <memchr>:
memchr():
    2602:	0ff5f593          	zext.b	a1,a1
    2606:	962a                	add	a2,a2,a0
    2608:	00c51463          	bne	a0,a2,2610 <memchr+0xe>
    260c:	4501                	li	a0,0
    260e:	8082                	ret
    2610:	211c                	lbu	a5,0(a0)
    2612:	feb78ee3          	beq	a5,a1,260e <memchr+0xc>
    2616:	0505                	addi	a0,a0,1
    2618:	bfc5                	j	2608 <memchr+0x6>

0000261a <__malloc_lock>:
__malloc_lock():
    261a:	82c18513          	addi	a0,gp,-2004 # 20000dc4 <__lock___malloc_recursive_mutex>
    261e:	857ff06f          	j	1e74 <__retarget_lock_acquire_recursive>

00002622 <__malloc_unlock>:
__malloc_unlock():
    2622:	82c18513          	addi	a0,gp,-2004 # 20000dc4 <__lock___malloc_recursive_mutex>
    2626:	851ff06f          	j	1e76 <__retarget_lock_release_recursive>

0000262a <_printf_common>:
_printf_common():
    262a:	7179                	addi	sp,sp,-48
    262c:	ca56                	sw	s5,20(sp)
    262e:	499c                	lw	a5,16(a1)
    2630:	8aba                	mv	s5,a4
    2632:	4598                	lw	a4,8(a1)
    2634:	d422                	sw	s0,40(sp)
    2636:	d04a                	sw	s2,32(sp)
    2638:	ce4e                	sw	s3,28(sp)
    263a:	cc52                	sw	s4,24(sp)
    263c:	d606                	sw	ra,44(sp)
    263e:	d226                	sw	s1,36(sp)
    2640:	c85a                	sw	s6,16(sp)
    2642:	c65e                	sw	s7,12(sp)
    2644:	0ae7e7b3          	max	a5,a5,a4
    2648:	c21c                	sw	a5,0(a2)
    264a:	0435c703          	lbu	a4,67(a1)
    264e:	89aa                	mv	s3,a0
    2650:	842e                	mv	s0,a1
    2652:	8932                	mv	s2,a2
    2654:	8a36                	mv	s4,a3
    2656:	c319                	beqz	a4,265c <_printf_common+0x32>
    2658:	0785                	addi	a5,a5,1
    265a:	c21c                	sw	a5,0(a2)
    265c:	401c                	lw	a5,0(s0)
    265e:	0207f793          	andi	a5,a5,32
    2662:	c791                	beqz	a5,266e <_printf_common+0x44>
    2664:	00092783          	lw	a5,0(s2)
    2668:	0789                	addi	a5,a5,2
    266a:	00f92023          	sw	a5,0(s2)
    266e:	4004                	lw	s1,0(s0)
    2670:	8899                	andi	s1,s1,6
    2672:	e891                	bnez	s1,2686 <_printf_common+0x5c>
    2674:	01940b13          	addi	s6,s0,25
    2678:	5bfd                	li	s7,-1
    267a:	445c                	lw	a5,12(s0)
    267c:	00092703          	lw	a4,0(s2)
    2680:	8f99                	sub	a5,a5,a4
    2682:	04f4cc63          	blt	s1,a5,26da <_printf_common+0xb0>
    2686:	04344783          	lbu	a5,67(s0)
    268a:	00f036b3          	snez	a3,a5
    268e:	401c                	lw	a5,0(s0)
    2690:	0207f793          	andi	a5,a5,32
    2694:	eba5                	bnez	a5,2704 <_printf_common+0xda>
    2696:	04340613          	addi	a2,s0,67
    269a:	85d2                	mv	a1,s4
    269c:	854e                	mv	a0,s3
    269e:	9a82                	jalr	s5
    26a0:	57fd                	li	a5,-1
    26a2:	04f50363          	beq	a0,a5,26e8 <_printf_common+0xbe>
    26a6:	401c                	lw	a5,0(s0)
    26a8:	4711                	li	a4,4
    26aa:	4481                	li	s1,0
    26ac:	8b99                	andi	a5,a5,6
    26ae:	00e79963          	bne	a5,a4,26c0 <_printf_common+0x96>
    26b2:	00092783          	lw	a5,0(s2)
    26b6:	4444                	lw	s1,12(s0)
    26b8:	8c9d                	sub	s1,s1,a5
    26ba:	4781                	li	a5,0
    26bc:	0af4e4b3          	max	s1,s1,a5
    26c0:	441c                	lw	a5,8(s0)
    26c2:	4818                	lw	a4,16(s0)
    26c4:	00f75463          	bge	a4,a5,26cc <_printf_common+0xa2>
    26c8:	8f99                	sub	a5,a5,a4
    26ca:	94be                	add	s1,s1,a5
    26cc:	4901                	li	s2,0
    26ce:	0469                	addi	s0,s0,26
    26d0:	5b7d                	li	s6,-1
    26d2:	05249863          	bne	s1,s2,2722 <_printf_common+0xf8>
    26d6:	4501                	li	a0,0
    26d8:	a809                	j	26ea <_printf_common+0xc0>
    26da:	4685                	li	a3,1
    26dc:	865a                	mv	a2,s6
    26de:	85d2                	mv	a1,s4
    26e0:	854e                	mv	a0,s3
    26e2:	9a82                	jalr	s5
    26e4:	01751e63          	bne	a0,s7,2700 <_printf_common+0xd6>
    26e8:	557d                	li	a0,-1
    26ea:	50b2                	lw	ra,44(sp)
    26ec:	5422                	lw	s0,40(sp)
    26ee:	5492                	lw	s1,36(sp)
    26f0:	5902                	lw	s2,32(sp)
    26f2:	49f2                	lw	s3,28(sp)
    26f4:	4a62                	lw	s4,24(sp)
    26f6:	4ad2                	lw	s5,20(sp)
    26f8:	4b42                	lw	s6,16(sp)
    26fa:	4bb2                	lw	s7,12(sp)
    26fc:	6145                	addi	sp,sp,48
    26fe:	8082                	ret
    2700:	0485                	addi	s1,s1,1
    2702:	bfa5                	j	267a <_printf_common+0x50>
    2704:	00d40733          	add	a4,s0,a3
    2708:	03000613          	li	a2,48
    270c:	04c701a3          	sb	a2,67(a4)
    2710:	04544703          	lbu	a4,69(s0)
    2714:	00168793          	addi	a5,a3,1
    2718:	97a2                	add	a5,a5,s0
    271a:	0689                	addi	a3,a3,2
    271c:	04e781a3          	sb	a4,67(a5)
    2720:	bf9d                	j	2696 <_printf_common+0x6c>
    2722:	4685                	li	a3,1
    2724:	8622                	mv	a2,s0
    2726:	85d2                	mv	a1,s4
    2728:	854e                	mv	a0,s3
    272a:	9a82                	jalr	s5
    272c:	fb650ee3          	beq	a0,s6,26e8 <_printf_common+0xbe>
    2730:	0905                	addi	s2,s2,1
    2732:	b745                	j	26d2 <_printf_common+0xa8>

00002734 <_printf_i>:
_printf_i():
    2734:	7179                	addi	sp,sp,-48
    2736:	d422                	sw	s0,40(sp)
    2738:	d04a                	sw	s2,32(sp)
    273a:	ce4e                	sw	s3,28(sp)
    273c:	cc52                	sw	s4,24(sp)
    273e:	d606                	sw	ra,44(sp)
    2740:	d226                	sw	s1,36(sp)
    2742:	ca56                	sw	s5,20(sp)
    2744:	c85a                	sw	s6,16(sp)
    2746:	0185c803          	lbu	a6,24(a1)
    274a:	07800793          	li	a5,120
    274e:	892a                	mv	s2,a0
    2750:	842e                	mv	s0,a1
    2752:	89b2                	mv	s3,a2
    2754:	8a36                	mv	s4,a3
    2756:	0307e263          	bltu	a5,a6,277a <_printf_i+0x46>
    275a:	06200793          	li	a5,98
    275e:	04358693          	addi	a3,a1,67
    2762:	0307e163          	bltu	a5,a6,2784 <_printf_i+0x50>
    2766:	1c080b63          	beqz	a6,293c <_printf_i+0x208>
    276a:	05800793          	li	a5,88
    276e:	00000617          	auipc	a2,0x0
    2772:	35a60613          	addi	a2,a2,858 # 2ac8 <__sf_fake_stdin+0x34>
    2776:	14f80763          	beq	a6,a5,28c4 <_printf_i+0x190>
    277a:	04240493          	addi	s1,s0,66
    277e:	05040123          	sb	a6,66(s0)
    2782:	a815                	j	27b6 <_printf_i+0x82>
    2784:	f9d80793          	addi	a5,a6,-99
    2788:	0ff7f793          	zext.b	a5,a5
    278c:	4655                	li	a2,21
    278e:	fef666e3          	bltu	a2,a5,277a <_printf_i+0x46>
    2792:	00000617          	auipc	a2,0x0
    2796:	35e60613          	addi	a2,a2,862 # 2af0 <__sf_fake_stdin+0x5c>
    279a:	20c7c7b3          	sh2add	a5,a5,a2
    279e:	439c                	lw	a5,0(a5)
    27a0:	97b2                	add	a5,a5,a2
    27a2:	8782                	jr	a5
    27a4:	431c                	lw	a5,0(a4)
    27a6:	04258493          	addi	s1,a1,66
    27aa:	00478693          	addi	a3,a5,4
    27ae:	439c                	lw	a5,0(a5)
    27b0:	c314                	sw	a3,0(a4)
    27b2:	04f58123          	sb	a5,66(a1)
    27b6:	4785                	li	a5,1
    27b8:	a265                	j	2960 <_printf_i+0x22c>
    27ba:	4190                	lw	a2,0(a1)
    27bc:	431c                	lw	a5,0(a4)
    27be:	08067513          	andi	a0,a2,128
    27c2:	00478593          	addi	a1,a5,4
    27c6:	c129                	beqz	a0,2808 <_printf_i+0xd4>
    27c8:	439c                	lw	a5,0(a5)
    27ca:	c30c                	sw	a1,0(a4)
    27cc:	4058                	lw	a4,4(s0)
    27ce:	1207de63          	bgez	a5,290a <_printf_i+0x1d6>
    27d2:	02d00593          	li	a1,45
    27d6:	04b401a3          	sb	a1,67(s0)
    27da:	c418                	sw	a4,8(s0)
    27dc:	02075e63          	bgez	a4,2818 <_printf_i+0xe4>
    27e0:	40f007b3          	neg	a5,a5
    27e4:	00000617          	auipc	a2,0x0
    27e8:	2e460613          	addi	a2,a2,740 # 2ac8 <__sf_fake_stdin+0x34>
    27ec:	4829                	li	a6,10
    27ee:	84b6                	mv	s1,a3
    27f0:	0307f733          	remu	a4,a5,a6
    27f4:	14fd                	addi	s1,s1,-1
    27f6:	9732                	add	a4,a4,a2
    27f8:	2318                	lbu	a4,0(a4)
    27fa:	a098                	sb	a4,0(s1)
    27fc:	873e                	mv	a4,a5
    27fe:	0307d7b3          	divu	a5,a5,a6
    2802:	ff0777e3          	bgeu	a4,a6,27f0 <_printf_i+0xbc>
    2806:	a085                	j	2866 <_printf_i+0x132>
    2808:	439c                	lw	a5,0(a5)
    280a:	04067513          	andi	a0,a2,64
    280e:	c30c                	sw	a1,0(a4)
    2810:	dd55                	beqz	a0,27cc <_printf_i+0x98>
    2812:	60579793          	sext.h	a5,a5
    2816:	bf5d                	j	27cc <_printf_i+0x98>
    2818:	9a6d                	andi	a2,a2,-5
    281a:	c010                	sw	a2,0(s0)
    281c:	b7d1                	j	27e0 <_printf_i+0xac>
    281e:	4190                	lw	a2,0(a1)
    2820:	431c                	lw	a5,0(a4)
    2822:	08067513          	andi	a0,a2,128
    2826:	00478593          	addi	a1,a5,4
    282a:	c501                	beqz	a0,2832 <_printf_i+0xfe>
    282c:	c30c                	sw	a1,0(a4)
    282e:	439c                	lw	a5,0(a5)
    2830:	a031                	j	283c <_printf_i+0x108>
    2832:	04067613          	andi	a2,a2,64
    2836:	c30c                	sw	a1,0(a4)
    2838:	da7d                	beqz	a2,282e <_printf_i+0xfa>
    283a:	239e                	lhu	a5,0(a5)
    283c:	06f00713          	li	a4,111
    2840:	00000617          	auipc	a2,0x0
    2844:	28860613          	addi	a2,a2,648 # 2ac8 <__sf_fake_stdin+0x34>
    2848:	0ae81f63          	bne	a6,a4,2906 <_printf_i+0x1d2>
    284c:	4821                	li	a6,8
    284e:	040401a3          	sb	zero,67(s0)
    2852:	4058                	lw	a4,4(s0)
    2854:	c418                	sw	a4,8(s0)
    2856:	f8074ce3          	bltz	a4,27ee <_printf_i+0xba>
    285a:	400c                	lw	a1,0(s0)
    285c:	99ed                	andi	a1,a1,-5
    285e:	c00c                	sw	a1,0(s0)
    2860:	f7d9                	bnez	a5,27ee <_printf_i+0xba>
    2862:	84b6                	mv	s1,a3
    2864:	f749                	bnez	a4,27ee <_printf_i+0xba>
    2866:	47a1                	li	a5,8
    2868:	00f81e63          	bne	a6,a5,2884 <_printf_i+0x150>
    286c:	401c                	lw	a5,0(s0)
    286e:	8b85                	andi	a5,a5,1
    2870:	cb91                	beqz	a5,2884 <_printf_i+0x150>
    2872:	4058                	lw	a4,4(s0)
    2874:	481c                	lw	a5,16(s0)
    2876:	00e7c763          	blt	a5,a4,2884 <_printf_i+0x150>
    287a:	03000793          	li	a5,48
    287e:	fef48fa3          	sb	a5,-1(s1)
    2882:	14fd                	addi	s1,s1,-1
    2884:	8e85                	sub	a3,a3,s1
    2886:	c814                	sw	a3,16(s0)
    2888:	8752                	mv	a4,s4
    288a:	86ce                	mv	a3,s3
    288c:	0070                	addi	a2,sp,12
    288e:	85a2                	mv	a1,s0
    2890:	854a                	mv	a0,s2
    2892:	3b61                	jal	262a <_printf_common>
    2894:	5afd                	li	s5,-1
    2896:	0d551963          	bne	a0,s5,2968 <_printf_i+0x234>
    289a:	557d                	li	a0,-1
    289c:	50b2                	lw	ra,44(sp)
    289e:	5422                	lw	s0,40(sp)
    28a0:	5492                	lw	s1,36(sp)
    28a2:	5902                	lw	s2,32(sp)
    28a4:	49f2                	lw	s3,28(sp)
    28a6:	4a62                	lw	s4,24(sp)
    28a8:	4ad2                	lw	s5,20(sp)
    28aa:	4b42                	lw	s6,16(sp)
    28ac:	6145                	addi	sp,sp,48
    28ae:	8082                	ret
    28b0:	419c                	lw	a5,0(a1)
    28b2:	0207e793          	ori	a5,a5,32
    28b6:	c19c                	sw	a5,0(a1)
    28b8:	07800813          	li	a6,120
    28bc:	00000617          	auipc	a2,0x0
    28c0:	22060613          	addi	a2,a2,544 # 2adc <__sf_fake_stdin+0x48>
    28c4:	050402a3          	sb	a6,69(s0)
    28c8:	400c                	lw	a1,0(s0)
    28ca:	431c                	lw	a5,0(a4)
    28cc:	0805f813          	andi	a6,a1,128
    28d0:	00478513          	addi	a0,a5,4
    28d4:	00080563          	beqz	a6,28de <_printf_i+0x1aa>
    28d8:	c308                	sw	a0,0(a4)
    28da:	439c                	lw	a5,0(a5)
    28dc:	a039                	j	28ea <_printf_i+0x1b6>
    28de:	0405f813          	andi	a6,a1,64
    28e2:	c308                	sw	a0,0(a4)
    28e4:	fe080be3          	beqz	a6,28da <_printf_i+0x1a6>
    28e8:	239e                	lhu	a5,0(a5)
    28ea:	0015f713          	andi	a4,a1,1
    28ee:	c701                	beqz	a4,28f6 <_printf_i+0x1c2>
    28f0:	0205e593          	ori	a1,a1,32
    28f4:	c00c                	sw	a1,0(s0)
    28f6:	c399                	beqz	a5,28fc <_printf_i+0x1c8>
    28f8:	4841                	li	a6,16
    28fa:	bf91                	j	284e <_printf_i+0x11a>
    28fc:	4018                	lw	a4,0(s0)
    28fe:	fdf77713          	andi	a4,a4,-33
    2902:	c018                	sw	a4,0(s0)
    2904:	bfd5                	j	28f8 <_printf_i+0x1c4>
    2906:	4829                	li	a6,10
    2908:	b799                	j	284e <_printf_i+0x11a>
    290a:	00000617          	auipc	a2,0x0
    290e:	1be60613          	addi	a2,a2,446 # 2ac8 <__sf_fake_stdin+0x34>
    2912:	4829                	li	a6,10
    2914:	bf3d                	j	2852 <_printf_i+0x11e>
    2916:	4190                	lw	a2,0(a1)
    2918:	431c                	lw	a5,0(a4)
    291a:	49cc                	lw	a1,20(a1)
    291c:	08067813          	andi	a6,a2,128
    2920:	00478513          	addi	a0,a5,4
    2924:	00080663          	beqz	a6,2930 <_printf_i+0x1fc>
    2928:	c308                	sw	a0,0(a4)
    292a:	439c                	lw	a5,0(a5)
    292c:	c38c                	sw	a1,0(a5)
    292e:	a039                	j	293c <_printf_i+0x208>
    2930:	c308                	sw	a0,0(a4)
    2932:	04067613          	andi	a2,a2,64
    2936:	439c                	lw	a5,0(a5)
    2938:	da75                	beqz	a2,292c <_printf_i+0x1f8>
    293a:	a38e                	sh	a1,0(a5)
    293c:	00042823          	sw	zero,16(s0)
    2940:	84b6                	mv	s1,a3
    2942:	b799                	j	2888 <_printf_i+0x154>
    2944:	431c                	lw	a5,0(a4)
    2946:	41d0                	lw	a2,4(a1)
    2948:	4581                	li	a1,0
    294a:	00478693          	addi	a3,a5,4
    294e:	c314                	sw	a3,0(a4)
    2950:	4384                	lw	s1,0(a5)
    2952:	8526                	mv	a0,s1
    2954:	317d                	jal	2602 <memchr>
    2956:	c501                	beqz	a0,295e <_printf_i+0x22a>
    2958:	409507b3          	sub	a5,a0,s1
    295c:	c05c                	sw	a5,4(s0)
    295e:	405c                	lw	a5,4(s0)
    2960:	c81c                	sw	a5,16(s0)
    2962:	040401a3          	sb	zero,67(s0)
    2966:	b70d                	j	2888 <_printf_i+0x154>
    2968:	4814                	lw	a3,16(s0)
    296a:	8626                	mv	a2,s1
    296c:	85ce                	mv	a1,s3
    296e:	854a                	mv	a0,s2
    2970:	9a02                	jalr	s4
    2972:	f35504e3          	beq	a0,s5,289a <_printf_i+0x166>
    2976:	401c                	lw	a5,0(s0)
    2978:	8b89                	andi	a5,a5,2
    297a:	e785                	bnez	a5,29a2 <_printf_i+0x26e>
    297c:	4448                	lw	a0,12(s0)
    297e:	47b2                	lw	a5,12(sp)
    2980:	0af56533          	max	a0,a0,a5
    2984:	bf21                	j	289c <_printf_i+0x168>
    2986:	4685                	li	a3,1
    2988:	8656                	mv	a2,s5
    298a:	85ce                	mv	a1,s3
    298c:	854a                	mv	a0,s2
    298e:	9a02                	jalr	s4
    2990:	f16505e3          	beq	a0,s6,289a <_printf_i+0x166>
    2994:	0485                	addi	s1,s1,1
    2996:	445c                	lw	a5,12(s0)
    2998:	4732                	lw	a4,12(sp)
    299a:	8f99                	sub	a5,a5,a4
    299c:	fef4c5e3          	blt	s1,a5,2986 <_printf_i+0x252>
    29a0:	bff1                	j	297c <_printf_i+0x248>
    29a2:	4481                	li	s1,0
    29a4:	01940a93          	addi	s5,s0,25
    29a8:	5b7d                	li	s6,-1
    29aa:	b7f5                	j	2996 <_printf_i+0x262>

000029ac <_read_r>:
_read_r():
    29ac:	1141                	addi	sp,sp,-16
    29ae:	c422                	sw	s0,8(sp)
    29b0:	842a                	mv	s0,a0
    29b2:	852e                	mv	a0,a1
    29b4:	85b2                	mv	a1,a2
    29b6:	8636                	mv	a2,a3
    29b8:	8401a023          	sw	zero,-1984(gp) # 20000dd8 <errno>
    29bc:	c606                	sw	ra,12(sp)
    29be:	20a1                	jal	2a06 <_read>
    29c0:	57fd                	li	a5,-1
    29c2:	00f51663          	bne	a0,a5,29ce <_read_r+0x22>
    29c6:	8401a783          	lw	a5,-1984(gp) # 20000dd8 <errno>
    29ca:	c391                	beqz	a5,29ce <_read_r+0x22>
    29cc:	c01c                	sw	a5,0(s0)
    29ce:	40b2                	lw	ra,12(sp)
    29d0:	4422                	lw	s0,8(sp)
    29d2:	0141                	addi	sp,sp,16
    29d4:	8082                	ret

000029d6 <_close>:
_close():
    29d6:	05800793          	li	a5,88
    29da:	84f1a023          	sw	a5,-1984(gp) # 20000dd8 <errno>
    29de:	557d                	li	a0,-1
    29e0:	8082                	ret

000029e2 <_fstat>:
_fstat():
    29e2:	05800793          	li	a5,88
    29e6:	84f1a023          	sw	a5,-1984(gp) # 20000dd8 <errno>
    29ea:	557d                	li	a0,-1
    29ec:	8082                	ret

000029ee <_isatty>:
_isatty():
    29ee:	05800793          	li	a5,88
    29f2:	84f1a023          	sw	a5,-1984(gp) # 20000dd8 <errno>
    29f6:	4501                	li	a0,0
    29f8:	8082                	ret

000029fa <_lseek>:
_lseek():
    29fa:	05800793          	li	a5,88
    29fe:	84f1a023          	sw	a5,-1984(gp) # 20000dd8 <errno>
    2a02:	557d                	li	a0,-1
    2a04:	8082                	ret

00002a06 <_read>:
_read():
    2a06:	05800793          	li	a5,88
    2a0a:	84f1a023          	sw	a5,-1984(gp) # 20000dd8 <errno>
    2a0e:	557d                	li	a0,-1
    2a10:	8082                	ret
    2a12:	0000                	unimp
    2a14:	3249                	jal	2396 <_vfiprintf_r+0x1d8>
    2a16:	72572043          	.4byte	0x72572043
    2a1a:	7469                	lui	s0,0xffffa
    2a1c:	2065                	jal	2ac4 <__sf_fake_stdin+0x30>
    2a1e:	7245                	lui	tp,0xffff1
    2a20:	6f72                	.2byte	0x6f72
    2a22:	3a72                	lhu	a2,54(a2)
    2a24:	2520                	lbu	s0,10(a0)
    2a26:	0a64                	addi	s1,sp,284
    2a28:	0000                	unimp
    2a2a:	0000                	unimp
    2a2c:	3249                	jal	23ae <_vfiprintf_r+0x1f0>
    2a2e:	65522043          	.4byte	0x65522043
    2a32:	6461                	lui	s0,0x18
    2a34:	4520                	lw	s0,72(a0)
    2a36:	7272                	.2byte	0x7272
    2a38:	203a726f          	jal	tp,aa43a <_data_lma+0xa78ee>
    2a3c:	6425                	lui	s0,0x9
    2a3e:	000a                	c.slli	zero,0x2
    2a40:	e990                	.2byte	0xe990
    2a42:	ffff                	.2byte	0xffff
    2a44:	e9a8                	.2byte	0xe9a8
    2a46:	ffff                	.2byte	0xffff
    2a48:	e9cc                	.2byte	0xe9cc
    2a4a:	ffff                	.2byte	0xffff
    2a4c:	e9d6                	.2byte	0xe9d6
    2a4e:	ffff                	.2byte	0xffff
    2a50:	e9ec                	.2byte	0xe9ec
    2a52:	ffff                	.2byte	0xffff

00002a54 <__sf_fake_stderr>:
	...

00002a74 <__sf_fake_stdout>:
	...

00002a94 <__sf_fake_stdin>:
	...
    2ab4:	2d23 2b30 0020 0000 6c68 004c 6665 4567     #-0+ ...hlL.efgE
    2ac4:	4746 0000 3130 3332 3534 3736 3938 4241     FG..0123456789AB
    2ad4:	4443 4645 0000 0000 3130 3332 3534 3736     CDEF....01234567
    2ae4:	3938 6261 6463 6665 0000 0000 fcb4 ffff     89abcdef........
    2af4:	fcca ffff fc8a ffff fc8a ffff fc8a ffff     ................
    2b04:	fc8a ffff fcca ffff fc8a ffff fc8a ffff     ................
    2b14:	fc8a ffff fc8a ffff fe26 ffff fd2e ffff     ........&.......
    2b24:	fdc0 ffff fc8a ffff fc8a ffff fe54 ffff     ............T...
    2b34:	fc8a ffff fd2e ffff fc8a ffff fc8a ffff     ................
    2b44:	fdc8 ffff                                   ....

Disassembly of section .vector_handler:

00002b48 <BB_IRQHandler>:
ENDOCE_IRQHandler():
c:\Users\seanw\mounriver-studio-projects\EC-reset\obj/../Startup/startup_CH572.S:111
	j 1b
    2b48:	a001                	j	2b48 <BB_IRQHandler>
